clase,especializacion,ranura,objeto,item_id,puntos,tipo_fuente,fuente,faccion,contenido,alternativas,en_lista_tbc,nota,wowhead
Druida,Equilibrio,Cabeza,Spellstrike Hood,24266,147.0,Profesión,Sastrería,,Fase 1,"Evoker's Helmet of Second Sight (Misión: Teron Gorefiend, I am... (Shadowmoon Valley)) · Druidic Helmet of Second Sight (Misión: Teron Gorefiend, I am... (Shadowmoon Valley))",sí,,https://www.wowhead.com/wotlk/es/item=24266
Druida,Equilibrio,Cuello,Brooch of Heightened Potential,28134,50.3,Mazmorra,Laberinto de las Sombras: Blackheart the Inciter,,Fase 1,Hydra-fang Necklace (La Sotiénaga (heroica): Ghaz'an) · Shattered Sun Pendant of Acumen (Reputación: Ofensiva Sol Devastado (Exaltado)),sí,,https://www.wowhead.com/wotlk/es/item=28134
Druida,Equilibrio,Hombros,Fel-tinged Mantle,34607,98.8,Mazmorra heroica,Bancal del Magister (heroica): Vexallus,,Bancal del Magister (fase 5),Duskhallow Mantle (Bancal del Magister: Priestess Delrissa) · Frozen Shadoweave Shoulders (Fabricado (Sastrería)),no,,https://www.wowhead.com/wotlk/es/item=34607
Druida,Equilibrio,Espalda,Cloak of the Betrayed,34792,62.8,Mazmorra,Bancal del Magister: Priestess Delrissa,,Bancal del Magister (fase 5),"Shawl of Shifting Probabilities (Insignias de Justicia (G'eras, Shattrath)) · Ogre Slayer's Cover (Misión: Cho'war the Pillager (Nagrand))",no,,https://www.wowhead.com/wotlk/es/item=34792
Druida,Equilibrio,Pecho,Scarlet Sin'dorei Robes,34610,147.0,Mazmorra heroica,Bancal del Magister (heroica): Kael'thas Sunstrider,,Bancal del Magister (fase 5),Windhawk Hauberk (Fabricado (Peletería)) · Spellfire Robe (Fabricado (Sastrería)),no,,https://www.wowhead.com/wotlk/es/item=34610
Druida,Equilibrio,Muñecas,Windhawk Bracers,29523,66.8,Profesión,Peletería,,Fase 1,Eversong Cuffs (Bancal del Magister (heroica): Selin Fireheart) · Bindings of Raging Fire (Bancal del Magister: Selin Fireheart),sí,,https://www.wowhead.com/wotlk/es/item=29523
Druida,Equilibrio,Manos,Gloves of Arcane Acuity,34808,102.2,Mazmorra,Bancal del Magister: Kael'thas Sunstrider,,Bancal del Magister (fase 5),Spellfire Gloves (Fabricado (Sastrería)) · Manaspark Gloves (La Sotiénaga: Hungarfen),no,,https://www.wowhead.com/wotlk/es/item=34808
Druida,Equilibrio,Cintura,Spellfire Belt,21846,101.5,Profesión,Sastrería,,Fase 1,Girdle of Ruination (Fabricado (Sastrería)) · Windhawk Belt (Fabricado (Peletería)),sí,,https://www.wowhead.com/wotlk/es/item=21846
Druida,Equilibrio,Piernas,Spellstrike Pants,24262,154.2,Profesión,Sastrería,,Fase 1,Breeches of the Occultist (La Ciénaga Negra (heroica): Aeonus) · Tempest Leggings (Reputación: Los Mag'har (Reverenciado)),sí,,https://www.wowhead.com/wotlk/es/item=24262
Druida,Equilibrio,Pies,Frozen Shadoweave Boots,21870,88.9,Profesión,Sastrería,,Fase 1,Fel Leather Boots (Fabricado (Peletería)) · Sigil-Laced Boots (El Arcatraz: Harbinger Skyriss),no,,https://www.wowhead.com/wotlk/es/item=21870
Druida,Equilibrio,Anillos 1,Kharmaa's Ring of Fate,34625,62.2,Mazmorra,Bancal del Magister: Kael'thas Sunstrider,,Bancal del Magister (fase 5),Corruptor's Signet (Botín: Shartuul) · Ashyen's Gift (Reputación: Expedición Cenarion (Exaltado)),no,,https://www.wowhead.com/wotlk/es/item=34625
Druida,Equilibrio,Anillos 2,Sparking Arcanite Ring,28227,51.5,Mazmorra heroica,Antiguas Laderas de Trabalomas (heroica): Epoch Hunter,,Fase 1,,sí,,https://www.wowhead.com/wotlk/es/item=28227
Druida,Equilibrio,Abalorios 1,Icon of the Silver Crescent,29370,0.0,Insignias,"Insignias de Justicia (G'eras, Shattrath)",,Fase 1,Scryer's Bloodgem (Reputación: Los Arúspices (Reverenciado)),sí,Orden de las listas Wowhead/wowtbc (efectos de uso y probabilidad),https://www.wowhead.com/wotlk/es/item=29370
Druida,Equilibrio,Abalorios 2,Quagmirran's Eye,27683,0.0,Mazmorra heroica,Recinto de los Esclavos (heroica): Quagmirran,,Fase 1,,sí,,https://www.wowhead.com/wotlk/es/item=27683
Druida,Equilibrio,Mano principal,Cudgel of Consecration,34611,252.2,Mazmorra heroica,Bancal del Magister (heroica): Kael'thas Sunstrider,,Bancal del Magister (fase 5),Jaded Crystal Dagger (Bancal del Magister (heroica): Selin Fireheart) · Eternium Runed Blade (Fabricado (Herrería)),no,,https://www.wowhead.com/wotlk/es/item=34611
Druida,Equilibrio,Mano izquierda,Sapphiron's Wing Bone,29269,56.4,Insignias,"Insignias de Justicia (G'eras, Shattrath)",,Fase 1,"Flametongue Seal (Insignias de Justicia (G'eras, Shattrath)) · Lamp of Peaceful Radiance (El Arcatraz: Harbinger Skyriss)",no,,https://www.wowhead.com/wotlk/es/item=29269
Druida,Equilibrio,Ídolo,Idol of the Raven Goddess,32387,0.0,Misión,Vanquish the Raven God,,Fase 2,Ivory Idol of the Moongoddess (Las Salas Arrasadas: Grand Warlock Nethekurse) · Idol of the Avenger (Misión: News of Victory (Shadowmoon Valley)),no,Orden de las listas Wowhead/wowtbc (efecto sobre un hechizo),https://www.wowhead.com/wotlk/es/item=32387
Druida,Feral (tanque),Cabeza,Mask of the Deceiver,32087,1730.4,Insignias,"Insignias de Justicia (G'eras, Shattrath)",,Fase 1,"Cowl of Beastly Rage (Insignias de Justicia (G'eras, Shattrath)) · Cobrascale Hood (Fabricado (Peletería))",sí,,https://www.wowhead.com/wotlk/es/item=32087
Druida,Feral (tanque),Cuello,Shattered Sun Pendant of Resolve,34680,436.4,Reputación,Ofensiva Sol Devastado (Exaltado),,Isla de Quel'Danas (fase 5),"Necklace of the Deep (Fabricado (Joyería)) · Necklace of the Juggernaut (Insignias de Justicia (G'eras, Shattrath))",no,,https://www.wowhead.com/wotlk/es/item=34680
Druida,Feral (tanque),Hombros,Shoulderpads of the Silvermoon Retainer,34613,1576.1,Mazmorra heroica,Bancal del Magister (heroica): Kael'thas Sunstrider,,Bancal del Magister (fase 5),Mantle of Shadowy Embrace (El Horno de Sangre (heroica): Keli'dan the Breaker) · Shoulderpads of Assassination (Salas Sethekk: Talon King Ikiss),no,,https://www.wowhead.com/wotlk/es/item=34613
Druida,Feral (tanque),Espalda,Cloak of Blade Turning,34810,710.5,Mazmorra,Bancal del Magister: Kael'thas Sunstrider,,Bancal del Magister (fase 5),Cloak of Darkness (Fabricado (Peletería)) · Thoriumweave Cloak (El Mechanar: Mechano-Lord Capacitus),no,,https://www.wowhead.com/wotlk/es/item=34810
Druida,Feral (tanque),Pecho,Primalstrike Vest,29525,1950.5,Profesión,Peletería,,Fase 1,Windhawk Hauberk (Fabricado (Peletería)) · Wastewalker Tunic (El Horno de Sangre (heroica): Keli'dan the Breaker),sí,,https://www.wowhead.com/wotlk/es/item=29525
Druida,Feral (tanque),Muñecas,Forestheart Bracers,29263,873.7,Mazmorra heroica,Las Salas Arrasadas (heroica): Warchief Kargath Bladefist,,Fase 1,Nightfall Wristguards (Antiguas Laderas de Trabalomas (heroica): Epoch Hunter) · Shard-bound Bracers (Reputación: Ogri'la (Exaltado)),sí,,https://www.wowhead.com/wotlk/es/item=29263
Druida,Feral (tanque),Manos,Wastewalker Gloves,27531,1197.5,Mazmorra,Las Salas Arrasadas: Warchief Kargath Bladefist,,Fase 1,"Inferno Hardened Gloves (Insignias de Justicia (G'eras, Shattrath)) · Windslayer Wraps (Fabricado (Peletería))",no,,https://www.wowhead.com/wotlk/es/item=27531
Druida,Feral (tanque),Cintura,Girdle of the Deathdealer,29247,1144.0,Mazmorra heroica,La Ciénaga Negra (heroica): Aeonus,,Fase 1,Primalstrike Belt (Fabricado (Peletería)) · Tree-Mender's Belt (Murallas del Fuego Infernal (heroica): Nazan & Vazruden),sí,,https://www.wowhead.com/wotlk/es/item=29247
Druida,Feral (tanque),Piernas,Forestwalker Kilt,30535,1696.8,Mazmorra heroica,Tumbas de Maná (heroica): Nexus-Prince Shaffar,,Fase 1,"Midnight Legguards (Recinto de los Esclavos (heroica): Quagmirran) · Inferno Hardened Leggings (Insignias de Justicia (G'eras, Shattrath))",sí,,https://www.wowhead.com/wotlk/es/item=30535
Druida,Feral (tanque),Pies,Sunrage Treads,34809,1366.7,Mazmorra,Bancal del Magister: Kael'thas Sunstrider,,Bancal del Magister (fase 5),Barkchip Boots (La Sotiénaga (heroica): The Black Stalker) · Shadowstep Striders (El Arcatraz (heroica): Harbinger Skyriss),no,,https://www.wowhead.com/wotlk/es/item=34809
Druida,Feral (tanque),Anillos 1,Band of Determination,34706,431.5,Mazmorra,Bancal del Magister: Vexallus,,Bancal del Magister (fase 5),Yor's Revenge (Tumbas de Maná (heroica): Yor <Void Hound of Shaffar>) · Nexus-Prince's Ring of Balance (Tumbas de Maná (heroica): Yor <Void Hound of Shaffar>),no,,https://www.wowhead.com/wotlk/es/item=34706
Druida,Feral (tanque),Anillos 2,Ring of Unyielding Force,29384,418.8,Insignias,"Insignias de Justicia (G'eras, Shattrath)",,Fase 1,,sí,,https://www.wowhead.com/wotlk/es/item=29384
Druida,Feral (tanque),Abalorios 1,Commendation of Kael'thas,34473,0.0,Mazmorra heroica,Bancal del Magister (heroica): Priestess Delrissa,,Bancal del Magister (fase 5),"Bloodlust Brooch (Insignias de Justicia (G'eras, Shattrath)) · Icon of Unyielding Courage (El Horno de Sangre (heroica): Keli'dan the Breaker)",no,Orden de las listas Wowhead/wowtbc (efectos de uso y probabilidad),https://www.wowhead.com/wotlk/es/item=34473
Druida,Feral (tanque),Abalorios 2,Abacus of Violent Odds,28288,0.0,Mazmorra,El Mechanar: Pathaleon the Calculator,,Fase 1,,no,,https://www.wowhead.com/wotlk/es/item=28288
Druida,Feral (tanque),Arma de dos manos,Stormherald,28442,734.2,Profesión,Herrería,,Fase 1,Earthwarden (Reputación: Expedición Cenarion (Exaltado)) · Thunder (Fabricado (Herrería)),—,,https://www.wowhead.com/wotlk/es/item=28442
Druida,Feral (tanque),Ídolo,Idol of the Raven Goddess,32387,0.0,Misión,Vanquish the Raven God,,Fase 2,Idol of Ursoc (La Sotiénaga (heroica): Hungarfen),no,Orden de las listas Wowhead/wowtbc (efecto sobre un hechizo),https://www.wowhead.com/wotlk/es/item=32387
Druida,Feral (DPS),Cabeza,Stealther's Helmet of Second Sight,31109,265.2,Misión,"Teron Gorefiend, I am... (Shadowmoon Valley)",,Fase 1,"Mask of the Deceiver (Insignias de Justicia (G'eras, Shattrath)) · Helm of the Claw (Misión: The Warlord's Hideout (The Steamvault))",no,,https://www.wowhead.com/wotlk/es/item=31109
Druida,Feral (DPS),Cuello,Choker of Vile Intent,29381,135.0,Insignias,"Insignias de Justicia (G'eras, Shattrath)",,Fase 1,Necklace of the Deep (Fabricado (Joyería)) · Necklace of Trophies (Botín de mundo ligado al equipar (se puede comprar en la subasta)),sí,,https://www.wowhead.com/wotlk/es/item=29381
Druida,Feral (DPS),Hombros,Wastewalker Shoulderpads,27797,210.7,Mazmorra heroica,Criptas Auchenai (heroica): Avatar of the Martyred,,Fase 1,Mantle of Perenolde (Antiguas Laderas de Trabalomas: Epoch Hunter) · Shoulderpads of the Silvermoon Retainer (Bancal del Magister (heroica): Kael'thas Sunstrider),sí,,https://www.wowhead.com/wotlk/es/item=27797
Druida,Feral (DPS),Espalda,Cloak of Darkness,33122,147.1,Profesión,Peletería,,Fase 1,Vengeance Wrap (Fabricado (Sastrería)) · Auchenai Death Shroud (Criptas Auchenai (heroica): Avatar of the Martyred),no,,https://www.wowhead.com/wotlk/es/item=33122
Druida,Feral (DPS),Pecho,Vest of Vengeance,24396,249.3,Mazmorra,El Horno de Sangre: Keli'dan the Breaker,,Fase 1,Auchenai Monk's Tunic (Misión: Everything Will Be Alright (Auchenai Crypts)) · Wastewalker Tunic (El Horno de Sangre (heroica): Keli'dan the Breaker),sí,,https://www.wowhead.com/wotlk/es/item=24396
Druida,Feral (DPS),Muñecas,Shard-bound Bracers,32647,128.2,Reputación,Ogri'la (Exaltado),,Fase 2,Spymistress's Wristguards (Misión: The Soul Devices (Auchindoun)) · Nightfall Wristguards (Antiguas Laderas de Trabalomas (heroica): Epoch Hunter),no,,https://www.wowhead.com/wotlk/es/item=32647
Druida,Feral (DPS),Manos,Fel Leather Gloves,25685,209.0,Profesión,Peletería,,Fase 1,Gloves of the Unbound (El Arcatraz: Wrath-Scryer Soccothrates) · Windslayer Wraps (Fabricado (Peletería)),sí,,https://www.wowhead.com/wotlk/es/item=25685
Druida,Feral (DPS),Cintura,Belt of the Raven Lord,32769,182.2,Mazmorra heroica,Salas Sethekk (heroica): Anzu,,Fase 1,Dunewind Sash (La Sotiénaga (heroica): Ghaz'an) · Girdle of the Deathdealer (La Ciénaga Negra (heroica): Aeonus),no,,https://www.wowhead.com/wotlk/es/item=32769
Druida,Feral (DPS),Piernas,Fel Leather Leggings,25687,285.7,Profesión,Peletería,,Fase 1,Midnight Legguards (Recinto de los Esclavos (heroica): Quagmirran) · Leggings of the Betrayed (Bancal del Magister: Selin Fireheart),sí,,https://www.wowhead.com/wotlk/es/item=25687
Druida,Feral (DPS),Pies,Fel Leather Boots,25686,213.5,Profesión,Peletería,,Fase 1,Sunrage Treads (Bancal del Magister: Kael'thas Sunstrider) · Boots of the Shifting Sands (El Invernáculo: Laj),sí,,https://www.wowhead.com/wotlk/es/item=25686
Druida,Feral (DPS),Anillos 1,Shaffar's Band of Brutality,31920,132.3,Mazmorra heroica,Tumbas de Maná (heroica): Yor <Void Hound of Shaffar>,,Fase 1,Overseer's Signet (Misión: Shutting Down Manaforge Ara (Netherstorm)) · Kaylaan's Signet (Misión: Deathblow to the Legion (Netherstorm)),sí,,https://www.wowhead.com/wotlk/es/item=31920
Druida,Feral (DPS),Anillos 2,Ring of the Overseer,32942,124.4,Botín,Shartuul,,Fase 2,,no,,https://www.wowhead.com/wotlk/es/item=32942
Druida,Feral (DPS),Abalorios 1,Shard of Contempt,34472,0.0,Mazmorra heroica,Bancal del Magister (heroica): Priestess Delrissa,,Bancal del Magister (fase 5),Hourglass of the Unraveller (La Ciénaga Negra: Temporus) · Crystalforged Trinket (Reputación: Ogri'la (Reverenciado)),no,Orden de las listas Wowhead/wowtbc (efectos de uso y probabilidad),https://www.wowhead.com/wotlk/es/item=34472
Druida,Feral (DPS),Abalorios 2,Bloodlust Brooch,29383,0.0,Insignias,"Insignias de Justicia (G'eras, Shattrath)",,Fase 1,,sí,,https://www.wowhead.com/wotlk/es/item=29383
Druida,Feral (DPS),Arma de dos manos,Stormherald,28442,2296.2,Profesión,Herrería,,Fase 1,Deep Thunder (Fabricado (Herrería)) · Thunder (Fabricado (Herrería)),—,,https://www.wowhead.com/wotlk/es/item=28442
Druida,Feral (DPS),Ídolo,Everbloom Idol,29390,0.0,Insignias,"Insignias de Justicia (G'eras, Shattrath)",,Fase 1,Idol of the Raven Goddess (Misión: Vanquish the Raven God) · Idol of Feral Shadows (El Arcatraz: Zereketh the Unbound),sí,Orden de las listas Wowhead/wowtbc (efecto sobre un hechizo),https://www.wowhead.com/wotlk/es/item=29390
Druida,Restauración,Cabeza,Spellstrike Hood,24266,124.1,Profesión,Sastrería,,Fase 1,"Druidic Helmet of Second Sight (Misión: Teron Gorefiend, I am... (Shadowmoon Valley)) · Whitemend Hood (Fabricado (Sastrería))",no,,https://www.wowhead.com/wotlk/es/item=24266
Druida,Restauración,Cuello,Shattered Sun Pendant of Restoration,34677,46.0,Reputación,Ofensiva Sol Devastado (Exaltado),,Isla de Quel'Danas (fase 5),Shattered Sun Pendant of Acumen (Reputación: Ofensiva Sol Devastado (Exaltado)) · Natasha's Ember Necklace (Misión: The Hound-Master (Blade's Edge Mountains)),no,,https://www.wowhead.com/wotlk/es/item=34677
Druida,Restauración,Hombros,Fel-tinged Mantle,34607,95.1,Mazmorra heroica,Bancal del Magister (heroica): Vexallus,,Bancal del Magister (fase 5),Duskhallow Mantle (Bancal del Magister: Priestess Delrissa) · Frozen Shadoweave Shoulders (Fabricado (Sastrería)),no,,https://www.wowhead.com/wotlk/es/item=34607
Druida,Restauración,Espalda,Cloak of the Betrayed,34792,46.6,Mazmorra,Bancal del Magister: Priestess Delrissa,,Bancal del Magister (fase 5),Cloak of Swift Mending (Bancal del Magister: Selin Fireheart) · Lifegiving Cloak (Otro: Botín de mundo (épico aleatorio)),no,,https://www.wowhead.com/wotlk/es/item=34792
Druida,Restauración,Pecho,Scarlet Sin'dorei Robes,34610,141.2,Mazmorra heroica,Bancal del Magister (heroica): Kael'thas Sunstrider,,Bancal del Magister (fase 5),Windhawk Hauberk (Fabricado (Peletería)) · Primal Mooncloth Robe (Fabricado (Sastrería)),no,,https://www.wowhead.com/wotlk/es/item=34610
Druida,Restauración,Muñecas,Windhawk Bracers,29523,63.9,Profesión,Peletería,,Fase 1,Eversong Cuffs (Bancal del Magister (heroica): Selin Fireheart) · Bindings of Raging Fire (Bancal del Magister: Selin Fireheart),sí,,https://www.wowhead.com/wotlk/es/item=29523
Druida,Restauración,Manos,Spellfire Gloves,21847,98.7,Profesión,Sastrería,,Fase 1,Gloves of Arcane Acuity (Bancal del Magister: Kael'thas Sunstrider) · Mana-Etched Gloves (Murallas del Fuego Infernal (heroica): Omor the Unscarred),no,,https://www.wowhead.com/wotlk/es/item=21847
Druida,Restauración,Cintura,Primal Mooncloth Belt,21873,99.3,Profesión,Sastrería,,Fase 1,Spellfire Belt (Fabricado (Sastrería)) · Girdle of Ruination (Fabricado (Sastrería)),sí,,https://www.wowhead.com/wotlk/es/item=21873
Druida,Restauración,Piernas,Spellstrike Pants,24262,124.0,Profesión,Sastrería,,Fase 1,Tempest Leggings (Reputación: Los Mag'har (Reverenciado)) · Kurenai Kilt (Reputación: Kurenai (Reverenciado)),no,,https://www.wowhead.com/wotlk/es/item=24262
Druida,Restauración,Pies,Frozen Shadoweave Boots,21870,88.4,Profesión,Sastrería,,Fase 1,Boots of Resuscitation (Bancal del Magister: Vexallus) · Sigil-Laced Boots (El Arcatraz: Harbinger Skyriss),no,,https://www.wowhead.com/wotlk/es/item=21870
Druida,Restauración,Anillos 1,Kharmaa's Ring of Fate,34625,61.1,Mazmorra,Bancal del Magister: Kael'thas Sunstrider,,Bancal del Magister (fase 5),"Band of Frigid Elements (Salas Sethekk (heroica): Anzu) · Ring of Cryptic Dreams (Insignias de Justicia (G'eras, Shattrath))",no,,https://www.wowhead.com/wotlk/es/item=34625
Druida,Restauración,Anillos 2,Corruptor's Signet,32941,48.6,Botín,Shartuul,,Fase 2,,no,,https://www.wowhead.com/wotlk/es/item=32941
Druida,Restauración,Abalorios 1,Essence of the Martyr,29376,0.0,Insignias,"Insignias de Justicia (G'eras, Shattrath)",,Fase 1,Scarab of the Infinite Cycle (La Ciénaga Negra: Aeonus),sí,Orden de las listas Wowhead/wowtbc (efectos de uso y probabilidad),https://www.wowhead.com/wotlk/es/item=29376
Druida,Restauración,Abalorios 2,Lower City Prayerbook,30841,0.0,Reputación,Bajo Arrabal (Reverenciado),,Fase 1,,sí,,https://www.wowhead.com/wotlk/es/item=30841
Druida,Restauración,Mano principal,Cudgel of Consecration,34611,229.6,Mazmorra heroica,Bancal del Magister (heroica): Kael'thas Sunstrider,,Bancal del Magister (fase 5),Jaded Crystal Dagger (Bancal del Magister (heroica): Selin Fireheart) · Eternium Runed Blade (Fabricado (Herrería)),no,,https://www.wowhead.com/wotlk/es/item=34611
Druida,Restauración,Mano izquierda,Flametongue Seal,29270,51.7,Insignias,"Insignias de Justicia (G'eras, Shattrath)",,Fase 1,"Khadgar's Knapsack (Insignias de Justicia (G'eras, Shattrath)) · Tears of Heaven (Insignias de Justicia (G'eras, Shattrath))",no,,https://www.wowhead.com/wotlk/es/item=29270
Druida,Restauración,Ídolo,Idol of the Emerald Queen,27886,0.0,Mazmorra,Laberinto de las Sombras: Ambassador Hellmaw,,Fase 1,Idol of the Raven Goddess (Misión: Vanquish the Raven God) · Harold's Rejuvenating Broach (Misión: The Ultimate Bloodsport (Nagrand)),sí,Orden de las listas Wowhead/wowtbc (efecto sobre un hechizo),https://www.wowhead.com/wotlk/es/item=27886
Cazador,Bestias,Cabeza,Stealther's Helmet of Second Sight,31109,410.6,Misión,"Teron Gorefiend, I am... (Shadowmoon Valley)",,Fase 1,"Stalker's Helmet of Second Sight (Misión: Teron Gorefiend, I am... (Shadowmoon Valley)) · Mask of the Deceiver (Insignias de Justicia (G'eras, Shattrath))",sí,,https://www.wowhead.com/wotlk/es/item=31109
Cazador,Bestias,Cuello,Necklace of the Deep,32508,199.7,Profesión,Joyería,,Fase 1,"Shattered Sun Pendant of Might (Reputación: Ofensiva Sol Devastado (Exaltado)) · Choker of Vile Intent (Insignias de Justicia (G'eras, Shattrath))",no,,https://www.wowhead.com/wotlk/es/item=32508
Cazador,Bestias,Hombros,Wastewalker Shoulderpads,27797,300.8,Mazmorra heroica,Criptas Auchenai (heroica): Avatar of the Martyred,,Fase 1,Shoulderpads of Assassination (Salas Sethekk: Talon King Ikiss) · Shalassi Sentry's Epaulets (Misión: BETA Rescue Deirom! (Terokkar Forest) / BETA Rescue Dugar! (Terokkar Forest)),sí,,https://www.wowhead.com/wotlk/es/item=27797
Cazador,Bestias,Espalda,Vengeance Wrap,24259,206.5,Profesión,Sastrería,,Fase 1,"Blood Knight War Cloak (Insignias de Justicia (G'eras, Shattrath)) · Terokk's Might (Botín: Terokk)",sí,,https://www.wowhead.com/wotlk/es/item=24259
Cazador,Bestias,Pecho,Embrace of the Twisting Nether,23565,470.2,Profesión,Herrería,,Fase 1,Hauberk of the War Bringer (Bancal del Magister: Kael'thas Sunstrider) · Ebon Netherscale Breastplate (Fabricado (Peletería)),no,,https://www.wowhead.com/wotlk/es/item=23565
Cazador,Bestias,Muñecas,Shard-bound Bracers,32647,210.0,Reputación,Ogri'la (Exaltado),,Fase 2,Felstalker Bracers (Fabricado (Peletería)) · Bracers of the Forest Stalker (Bancal del Magister: Selin Fireheart),no,,https://www.wowhead.com/wotlk/es/item=32647
Cazador,Bestias,Manos,Beast Lord Handguards,27474,286.9,Mazmorra,Las Salas Arrasadas: Warchief Kargath Bladefist,,Fase 1,Gloves of the Unbound (El Arcatraz: Wrath-Scryer Soccothrates) · Fel Leather Gloves (Fabricado (Peletería)),sí,,https://www.wowhead.com/wotlk/es/item=27474
Cazador,Bestias,Cintura,Felstalker Belt,25695,294.4,Profesión,Peletería,,Fase 1,Dunewind Sash (La Sotiénaga (heroica): Ghaz'an) · Ebon Netherscale Belt (Fabricado (Peletería)),sí,,https://www.wowhead.com/wotlk/es/item=25695
Cazador,Bestias,Piernas,Leggings of the Betrayed,34701,430.4,Mazmorra,Bancal del Magister: Selin Fireheart,,Bancal del Magister (fase 5),Midnight Legguards (Recinto de los Esclavos (heroica): Quagmirran) · Emerald-Scale Greaves (Antiguas Laderas de Trabalomas (heroica): Captain Skarloc),no,,https://www.wowhead.com/wotlk/es/item=34701
Cazador,Bestias,Pies,Sunrage Treads,34809,293.5,Mazmorra,Bancal del Magister: Kael'thas Sunstrider,,Bancal del Magister (fase 5),Fel Leather Boots (Fabricado (Peletería)) · Boots of the Shifting Sands (El Invernáculo: Laj),no,,https://www.wowhead.com/wotlk/es/item=34809
Cazador,Bestias,Anillos 1,Ring of the Overseer,32942,178.4,Botín,Shartuul,,Fase 2,Slayer's Mark of the Redemption (Misión: Dissension Amongst the Ranks... (Shadowmoon Valley)) · Band of Anguish (Misión: News of Victory (Shadowmoon Valley)),no,,https://www.wowhead.com/wotlk/es/item=32942
Cazador,Bestias,Anillos 2,Kaylaan's Signet,30860,159.8,Misión,Deathblow to the Legion (Netherstorm),,Fase 1,,sí,,https://www.wowhead.com/wotlk/es/item=30860
Cazador,Bestias,Abalorios 1,Bloodlust Brooch,29383,0.0,Insignias,"Insignias de Justicia (G'eras, Shattrath)",,Fase 1,"Hourglass of the Unraveller (La Ciénaga Negra: Temporus) · Bladefist's Breadth (Misión: Cruel's Intentions (Hellfire Peninsula) / BETA Mission: End All, Be All (Hellfire Peninsula))",sí,Orden de las listas Wowhead/wowtbc (efectos de uso y probabilidad),https://www.wowhead.com/wotlk/es/item=29383
Cazador,Bestias,Abalorios 2,Abacus of Violent Odds,28288,0.0,Mazmorra,El Mechanar: Pathaleon the Calculator,,Fase 1,,sí,,https://www.wowhead.com/wotlk/es/item=28288
Cazador,Bestias,Mano principal,Breeching Comet,34616,199.2,Mazmorra heroica,Bancal del Magister (heroica): Kael'thas Sunstrider,,Bancal del Magister (fase 5),Claw of the Watcher (Criptas Auchenai (heroica): Shirrak the Dead Watcher) · Talon of Anzu (Salas Sethekk (heroica): Anzu),—,,https://www.wowhead.com/wotlk/es/item=34616
Cazador,Bestias,Mano izquierda,Breeching Comet,34616,199.2,Mazmorra heroica,Bancal del Magister (heroica): Kael'thas Sunstrider,,Bancal del Magister (fase 5),Talon of Anzu (Salas Sethekk (heroica): Anzu) · Wicked Edge of the Planes (Fabricado (Herrería)),no,,https://www.wowhead.com/wotlk/es/item=34616
Cazador,Bestias,A distancia,Wrathtide Longbow,29351,570.3,Mazmorra heroica,La Cámara de Vapor (heroica): Warlord Kalithresh,,Fase 1,Marksman's Bow (Reputación: Thrallmar (Exaltado)) · Gyro-Balanced Khorium Destroyer (Fabricado (Ingeniería)),sí,,https://www.wowhead.com/wotlk/es/item=29351
Cazador,Puntería,Cabeza,Stealther's Helmet of Second Sight,31109,410.6,Misión,"Teron Gorefiend, I am... (Shadowmoon Valley)",,Fase 1,"Stalker's Helmet of Second Sight (Misión: Teron Gorefiend, I am... (Shadowmoon Valley)) · Mask of the Deceiver (Insignias de Justicia (G'eras, Shattrath))",sí,,https://www.wowhead.com/wotlk/es/item=31109
Cazador,Puntería,Cuello,Necklace of the Deep,32508,199.7,Profesión,Joyería,,Fase 1,"Shattered Sun Pendant of Might (Reputación: Ofensiva Sol Devastado (Exaltado)) · Choker of Vile Intent (Insignias de Justicia (G'eras, Shattrath))",no,,https://www.wowhead.com/wotlk/es/item=32508
Cazador,Puntería,Hombros,Wastewalker Shoulderpads,27797,300.8,Mazmorra heroica,Criptas Auchenai (heroica): Avatar of the Martyred,,Fase 1,Shoulderpads of Assassination (Salas Sethekk: Talon King Ikiss) · Shalassi Sentry's Epaulets (Misión: BETA Rescue Deirom! (Terokkar Forest) / BETA Rescue Dugar! (Terokkar Forest)),sí,,https://www.wowhead.com/wotlk/es/item=27797
Cazador,Puntería,Espalda,Vengeance Wrap,24259,206.5,Profesión,Sastrería,,Fase 1,"Blood Knight War Cloak (Insignias de Justicia (G'eras, Shattrath)) · Terokk's Might (Botín: Terokk)",sí,,https://www.wowhead.com/wotlk/es/item=24259
Cazador,Puntería,Pecho,Embrace of the Twisting Nether,23565,470.2,Profesión,Herrería,,Fase 1,Hauberk of the War Bringer (Bancal del Magister: Kael'thas Sunstrider) · Ebon Netherscale Breastplate (Fabricado (Peletería)),no,,https://www.wowhead.com/wotlk/es/item=23565
Cazador,Puntería,Muñecas,Shard-bound Bracers,32647,210.0,Reputación,Ogri'la (Exaltado),,Fase 2,Felstalker Bracers (Fabricado (Peletería)) · Bracers of the Forest Stalker (Bancal del Magister: Selin Fireheart),no,,https://www.wowhead.com/wotlk/es/item=32647
Cazador,Puntería,Manos,Beast Lord Handguards,27474,286.9,Mazmorra,Las Salas Arrasadas: Warchief Kargath Bladefist,,Fase 1,Gloves of the Unbound (El Arcatraz: Wrath-Scryer Soccothrates) · Fel Leather Gloves (Fabricado (Peletería)),sí,,https://www.wowhead.com/wotlk/es/item=27474
Cazador,Puntería,Cintura,Felstalker Belt,25695,294.4,Profesión,Peletería,,Fase 1,Dunewind Sash (La Sotiénaga (heroica): Ghaz'an) · Ebon Netherscale Belt (Fabricado (Peletería)),sí,,https://www.wowhead.com/wotlk/es/item=25695
Cazador,Puntería,Piernas,Leggings of the Betrayed,34701,430.4,Mazmorra,Bancal del Magister: Selin Fireheart,,Bancal del Magister (fase 5),Midnight Legguards (Recinto de los Esclavos (heroica): Quagmirran) · Emerald-Scale Greaves (Antiguas Laderas de Trabalomas (heroica): Captain Skarloc),no,,https://www.wowhead.com/wotlk/es/item=34701
Cazador,Puntería,Pies,Sunrage Treads,34809,293.5,Mazmorra,Bancal del Magister: Kael'thas Sunstrider,,Bancal del Magister (fase 5),Fel Leather Boots (Fabricado (Peletería)) · Boots of the Shifting Sands (El Invernáculo: Laj),no,,https://www.wowhead.com/wotlk/es/item=34809
Cazador,Puntería,Anillos 1,Ring of the Overseer,32942,178.4,Botín,Shartuul,,Fase 2,Slayer's Mark of the Redemption (Misión: Dissension Amongst the Ranks... (Shadowmoon Valley)) · Band of Anguish (Misión: News of Victory (Shadowmoon Valley)),no,,https://www.wowhead.com/wotlk/es/item=32942
Cazador,Puntería,Anillos 2,Kaylaan's Signet,30860,159.8,Misión,Deathblow to the Legion (Netherstorm),,Fase 1,,sí,,https://www.wowhead.com/wotlk/es/item=30860
Cazador,Puntería,Abalorios 1,Bloodlust Brooch,29383,0.0,Insignias,"Insignias de Justicia (G'eras, Shattrath)",,Fase 1,"Hourglass of the Unraveller (La Ciénaga Negra: Temporus) · Bladefist's Breadth (Misión: Cruel's Intentions (Hellfire Peninsula) / BETA Mission: End All, Be All (Hellfire Peninsula))",sí,Orden de las listas Wowhead/wowtbc (efectos de uso y probabilidad),https://www.wowhead.com/wotlk/es/item=29383
Cazador,Puntería,Abalorios 2,Abacus of Violent Odds,28288,0.0,Mazmorra,El Mechanar: Pathaleon the Calculator,,Fase 1,,sí,,https://www.wowhead.com/wotlk/es/item=28288
Cazador,Puntería,Mano principal,Breeching Comet,34616,199.2,Mazmorra heroica,Bancal del Magister (heroica): Kael'thas Sunstrider,,Bancal del Magister (fase 5),Claw of the Watcher (Criptas Auchenai (heroica): Shirrak the Dead Watcher) · Talon of Anzu (Salas Sethekk (heroica): Anzu),—,,https://www.wowhead.com/wotlk/es/item=34616
Cazador,Puntería,Mano izquierda,Breeching Comet,34616,199.2,Mazmorra heroica,Bancal del Magister (heroica): Kael'thas Sunstrider,,Bancal del Magister (fase 5),Talon of Anzu (Salas Sethekk (heroica): Anzu) · Wicked Edge of the Planes (Fabricado (Herrería)),no,,https://www.wowhead.com/wotlk/es/item=34616
Cazador,Puntería,A distancia,Wrathtide Longbow,29351,570.3,Mazmorra heroica,La Cámara de Vapor (heroica): Warlord Kalithresh,,Fase 1,Marksman's Bow (Reputación: Thrallmar (Exaltado)) · Gyro-Balanced Khorium Destroyer (Fabricado (Ingeniería)),sí,,https://www.wowhead.com/wotlk/es/item=29351
Cazador,Supervivencia,Cabeza,Stealther's Helmet of Second Sight,31109,410.6,Misión,"Teron Gorefiend, I am... (Shadowmoon Valley)",,Fase 1,"Stalker's Helmet of Second Sight (Misión: Teron Gorefiend, I am... (Shadowmoon Valley)) · Mask of the Deceiver (Insignias de Justicia (G'eras, Shattrath))",sí,,https://www.wowhead.com/wotlk/es/item=31109
Cazador,Supervivencia,Cuello,Necklace of the Deep,32508,199.7,Profesión,Joyería,,Fase 1,"Shattered Sun Pendant of Might (Reputación: Ofensiva Sol Devastado (Exaltado)) · Choker of Vile Intent (Insignias de Justicia (G'eras, Shattrath))",no,,https://www.wowhead.com/wotlk/es/item=32508
Cazador,Supervivencia,Hombros,Wastewalker Shoulderpads,27797,300.8,Mazmorra heroica,Criptas Auchenai (heroica): Avatar of the Martyred,,Fase 1,Shoulderpads of Assassination (Salas Sethekk: Talon King Ikiss) · Shalassi Sentry's Epaulets (Misión: BETA Rescue Deirom! (Terokkar Forest) / BETA Rescue Dugar! (Terokkar Forest)),sí,,https://www.wowhead.com/wotlk/es/item=27797
Cazador,Supervivencia,Espalda,Vengeance Wrap,24259,206.5,Profesión,Sastrería,,Fase 1,"Blood Knight War Cloak (Insignias de Justicia (G'eras, Shattrath)) · Terokk's Might (Botín: Terokk)",sí,,https://www.wowhead.com/wotlk/es/item=24259
Cazador,Supervivencia,Pecho,Embrace of the Twisting Nether,23565,470.2,Profesión,Herrería,,Fase 1,Hauberk of the War Bringer (Bancal del Magister: Kael'thas Sunstrider) · Ebon Netherscale Breastplate (Fabricado (Peletería)),no,,https://www.wowhead.com/wotlk/es/item=23565
Cazador,Supervivencia,Muñecas,Shard-bound Bracers,32647,210.0,Reputación,Ogri'la (Exaltado),,Fase 2,Felstalker Bracers (Fabricado (Peletería)) · Bracers of the Forest Stalker (Bancal del Magister: Selin Fireheart),no,,https://www.wowhead.com/wotlk/es/item=32647
Cazador,Supervivencia,Manos,Beast Lord Handguards,27474,286.9,Mazmorra,Las Salas Arrasadas: Warchief Kargath Bladefist,,Fase 1,Gloves of the Unbound (El Arcatraz: Wrath-Scryer Soccothrates) · Fel Leather Gloves (Fabricado (Peletería)),sí,,https://www.wowhead.com/wotlk/es/item=27474
Cazador,Supervivencia,Cintura,Felstalker Belt,25695,294.4,Profesión,Peletería,,Fase 1,Dunewind Sash (La Sotiénaga (heroica): Ghaz'an) · Ebon Netherscale Belt (Fabricado (Peletería)),sí,,https://www.wowhead.com/wotlk/es/item=25695
Cazador,Supervivencia,Piernas,Leggings of the Betrayed,34701,430.4,Mazmorra,Bancal del Magister: Selin Fireheart,,Bancal del Magister (fase 5),Midnight Legguards (Recinto de los Esclavos (heroica): Quagmirran) · Emerald-Scale Greaves (Antiguas Laderas de Trabalomas (heroica): Captain Skarloc),no,,https://www.wowhead.com/wotlk/es/item=34701
Cazador,Supervivencia,Pies,Sunrage Treads,34809,293.5,Mazmorra,Bancal del Magister: Kael'thas Sunstrider,,Bancal del Magister (fase 5),Fel Leather Boots (Fabricado (Peletería)) · Boots of the Shifting Sands (El Invernáculo: Laj),no,,https://www.wowhead.com/wotlk/es/item=34809
Cazador,Supervivencia,Anillos 1,Ring of the Overseer,32942,178.4,Botín,Shartuul,,Fase 2,Slayer's Mark of the Redemption (Misión: Dissension Amongst the Ranks... (Shadowmoon Valley)) · Band of Anguish (Misión: News of Victory (Shadowmoon Valley)),no,,https://www.wowhead.com/wotlk/es/item=32942
Cazador,Supervivencia,Anillos 2,Kaylaan's Signet,30860,159.8,Misión,Deathblow to the Legion (Netherstorm),,Fase 1,,sí,,https://www.wowhead.com/wotlk/es/item=30860
Cazador,Supervivencia,Abalorios 1,Bloodlust Brooch,29383,0.0,Insignias,"Insignias de Justicia (G'eras, Shattrath)",,Fase 1,"Hourglass of the Unraveller (La Ciénaga Negra: Temporus) · Bladefist's Breadth (Misión: Cruel's Intentions (Hellfire Peninsula) / BETA Mission: End All, Be All (Hellfire Peninsula))",sí,Orden de las listas Wowhead/wowtbc (efectos de uso y probabilidad),https://www.wowhead.com/wotlk/es/item=29383
Cazador,Supervivencia,Abalorios 2,Abacus of Violent Odds,28288,0.0,Mazmorra,El Mechanar: Pathaleon the Calculator,,Fase 1,,sí,,https://www.wowhead.com/wotlk/es/item=28288
Cazador,Supervivencia,Mano principal,Breeching Comet,34616,199.2,Mazmorra heroica,Bancal del Magister (heroica): Kael'thas Sunstrider,,Bancal del Magister (fase 5),Claw of the Watcher (Criptas Auchenai (heroica): Shirrak the Dead Watcher) · Talon of Anzu (Salas Sethekk (heroica): Anzu),—,,https://www.wowhead.com/wotlk/es/item=34616
Cazador,Supervivencia,Mano izquierda,Breeching Comet,34616,199.2,Mazmorra heroica,Bancal del Magister (heroica): Kael'thas Sunstrider,,Bancal del Magister (fase 5),Talon of Anzu (Salas Sethekk (heroica): Anzu) · Wicked Edge of the Planes (Fabricado (Herrería)),no,,https://www.wowhead.com/wotlk/es/item=34616
Cazador,Supervivencia,A distancia,Wrathtide Longbow,29351,570.3,Mazmorra heroica,La Cámara de Vapor (heroica): Warlord Kalithresh,,Fase 1,Marksman's Bow (Reputación: Thrallmar (Exaltado)) · Gyro-Balanced Khorium Destroyer (Fabricado (Ingeniería)),sí,,https://www.wowhead.com/wotlk/es/item=29351
Mago,Arcano,Cabeza,Spellstrike Hood,24266,141.9,Profesión,Sastrería,,Fase 1,"Evoker's Helmet of Second Sight (Misión: Teron Gorefiend, I am... (Shadowmoon Valley)) · Whitemend Hood (Fabricado (Sastrería))",sí,,https://www.wowhead.com/wotlk/es/item=24266
Mago,Arcano,Cuello,Brooch of Heightened Potential,28134,47.6,Mazmorra,Laberinto de las Sombras: Blackheart the Inciter,,Fase 1,Hydra-fang Necklace (La Sotiénaga (heroica): Ghaz'an) · Shattered Sun Pendant of Acumen (Reputación: Ofensiva Sol Devastado (Exaltado)),sí,,https://www.wowhead.com/wotlk/es/item=28134
Mago,Arcano,Hombros,Fel-tinged Mantle,34607,94.8,Mazmorra heroica,Bancal del Magister (heroica): Vexallus,,Bancal del Magister (fase 5),Frozen Shadoweave Shoulders (Fabricado (Sastrería)) · Duskhallow Mantle (Bancal del Magister: Priestess Delrissa),no,,https://www.wowhead.com/wotlk/es/item=34607
Mago,Arcano,Espalda,Cloak of the Betrayed,34792,63.4,Mazmorra,Bancal del Magister: Priestess Delrissa,,Bancal del Magister (fase 5),Sethekk Oracle Cloak (Salas Sethekk: Talon King Ikiss) · Cloak of Swift Mending (Bancal del Magister: Selin Fireheart),no,,https://www.wowhead.com/wotlk/es/item=34792
Mago,Arcano,Pecho,Scarlet Sin'dorei Robes,34610,139.4,Mazmorra heroica,Bancal del Magister (heroica): Kael'thas Sunstrider,,Bancal del Magister (fase 5),Auchenai Anchorite's Robe (Misión: Everything Will Be Alright (Auchenai Crypts)) · Spellfire Robe (Fabricado (Sastrería)),no,,https://www.wowhead.com/wotlk/es/item=34610
Mago,Arcano,Muñecas,Bindings of Raging Fire,34697,62.7,Mazmorra,Bancal del Magister: Selin Fireheart,,Bancal del Magister (fase 5),Bracers of Havok (Fabricado (Sastrería)) · Shattrath Wraps (Misión: The Soul Devices (Auchindoun)),no,,https://www.wowhead.com/wotlk/es/item=34697
Mago,Arcano,Manos,Gloves of Arcane Acuity,34808,103.2,Mazmorra,Bancal del Magister: Kael'thas Sunstrider,,Bancal del Magister (fase 5),Spellfire Gloves (Fabricado (Sastrería)) · Manaspark Gloves (La Sotiénaga: Hungarfen),no,,https://www.wowhead.com/wotlk/es/item=34808
Mago,Arcano,Cintura,Spellfire Belt,21846,98.1,Profesión,Sastrería,,Fase 1,Girdle of Ruination (Fabricado (Sastrería)) · Primal Mooncloth Belt (Fabricado (Sastrería)),sí,,https://www.wowhead.com/wotlk/es/item=21846
Mago,Arcano,Piernas,Spellstrike Pants,24262,148.3,Profesión,Sastrería,,Fase 1,Kirin Tor Master's Trousers (Laberinto de las Sombras (heroica): Murmur) · Pontifex Kilt (La Cámara de Vapor (heroica): Warlord Kalithresh),sí,,https://www.wowhead.com/wotlk/es/item=24262
Mago,Arcano,Pies,Frozen Shadoweave Boots,21870,89.3,Profesión,Sastrería,,Fase 1,Sigil-Laced Boots (El Arcatraz: Harbinger Skyriss) · Shattrath Jumpers (Misión: Into the Heart of the Labyrinth (Auchindoun)),no,,https://www.wowhead.com/wotlk/es/item=21870
Mago,Arcano,Anillos 1,Kharmaa's Ring of Fate,34625,64.9,Mazmorra,Bancal del Magister: Kael'thas Sunstrider,,Bancal del Magister (fase 5),Ashyen's Gift (Reputación: Expedición Cenarion (Exaltado)) · Corruptor's Signet (Botín: Shartuul),no,,https://www.wowhead.com/wotlk/es/item=34625
Mago,Arcano,Anillos 2,Sparking Arcanite Ring,28227,48.8,Mazmorra heroica,Antiguas Laderas de Trabalomas (heroica): Epoch Hunter,,Fase 1,,sí,,https://www.wowhead.com/wotlk/es/item=28227
Mago,Arcano,Abalorios 1,Icon of the Silver Crescent,29370,0.0,Insignias,"Insignias de Justicia (G'eras, Shattrath)",,Fase 1,Scryer's Bloodgem (Reputación: Los Arúspices (Reverenciado)) · Quagmirran's Eye (Recinto de los Esclavos (heroica): Quagmirran),sí,Orden de las listas Wowhead/wowtbc (efectos de uso y probabilidad),https://www.wowhead.com/wotlk/es/item=29370
Mago,Arcano,Abalorios 2,Darkmoon Card: Crusade,31856,0.0,Mazo de la Luna Negra,Se crea al completar un mazo (cartas de inscripción/botín); se entrega en la Feria de la Luna Negra,,Fase 3,,no,,https://www.wowhead.com/wotlk/es/item=31856
Mago,Arcano,Arma de dos manos,Rod of the Blazing Light,34608,274.6,Mazmorra heroica,Bancal del Magister (heroica): Vexallus,,Bancal del Magister (fase 5),Sun-infused Focus Staff (Bancal del Magister: Kael'thas Sunstrider) · Terokk's Shadowstaff (Salas Sethekk (heroica): Talon King Ikiss),no,,https://www.wowhead.com/wotlk/es/item=34608
Mago,Arcano,Varita,Nether Core's Control Rod,28386,27.4,Mazmorra,El Arcatraz: Dalliah the Doomsayer,,Fase 1,The Black Stalk (La Sotiénaga (heroica): The Black Stalker) · Wand of the Seer (Misión: Turning Point (Netherstorm)),sí,,https://www.wowhead.com/wotlk/es/item=28386
Mago,Fuego,Cabeza,Spellstrike Hood,24266,141.9,Profesión,Sastrería,,Fase 1,"Evoker's Helmet of Second Sight (Misión: Teron Gorefiend, I am... (Shadowmoon Valley)) · Whitemend Hood (Fabricado (Sastrería))",sí,,https://www.wowhead.com/wotlk/es/item=24266
Mago,Fuego,Cuello,Brooch of Heightened Potential,28134,47.6,Mazmorra,Laberinto de las Sombras: Blackheart the Inciter,,Fase 1,Hydra-fang Necklace (La Sotiénaga (heroica): Ghaz'an) · Shattered Sun Pendant of Acumen (Reputación: Ofensiva Sol Devastado (Exaltado)),sí,,https://www.wowhead.com/wotlk/es/item=28134
Mago,Fuego,Hombros,Fel-tinged Mantle,34607,94.8,Mazmorra heroica,Bancal del Magister (heroica): Vexallus,,Bancal del Magister (fase 5),Frozen Shadoweave Shoulders (Fabricado (Sastrería)) · Duskhallow Mantle (Bancal del Magister: Priestess Delrissa),no,,https://www.wowhead.com/wotlk/es/item=34607
Mago,Fuego,Espalda,Cloak of the Betrayed,34792,63.4,Mazmorra,Bancal del Magister: Priestess Delrissa,,Bancal del Magister (fase 5),Sethekk Oracle Cloak (Salas Sethekk: Talon King Ikiss) · Cloak of Swift Mending (Bancal del Magister: Selin Fireheart),no,,https://www.wowhead.com/wotlk/es/item=34792
Mago,Fuego,Pecho,Scarlet Sin'dorei Robes,34610,139.4,Mazmorra heroica,Bancal del Magister (heroica): Kael'thas Sunstrider,,Bancal del Magister (fase 5),Auchenai Anchorite's Robe (Misión: Everything Will Be Alright (Auchenai Crypts)) · Spellfire Robe (Fabricado (Sastrería)),no,,https://www.wowhead.com/wotlk/es/item=34610
Mago,Fuego,Muñecas,Bindings of Raging Fire,34697,62.7,Mazmorra,Bancal del Magister: Selin Fireheart,,Bancal del Magister (fase 5),Bracers of Havok (Fabricado (Sastrería)) · Shattrath Wraps (Misión: The Soul Devices (Auchindoun)),no,,https://www.wowhead.com/wotlk/es/item=34697
Mago,Fuego,Manos,Gloves of Arcane Acuity,34808,103.2,Mazmorra,Bancal del Magister: Kael'thas Sunstrider,,Bancal del Magister (fase 5),Spellfire Gloves (Fabricado (Sastrería)) · Manaspark Gloves (La Sotiénaga: Hungarfen),no,,https://www.wowhead.com/wotlk/es/item=34808
Mago,Fuego,Cintura,Spellfire Belt,21846,98.1,Profesión,Sastrería,,Fase 1,Girdle of Ruination (Fabricado (Sastrería)) · Primal Mooncloth Belt (Fabricado (Sastrería)),sí,,https://www.wowhead.com/wotlk/es/item=21846
Mago,Fuego,Piernas,Spellstrike Pants,24262,148.3,Profesión,Sastrería,,Fase 1,Kirin Tor Master's Trousers (Laberinto de las Sombras (heroica): Murmur) · Pontifex Kilt (La Cámara de Vapor (heroica): Warlord Kalithresh),sí,,https://www.wowhead.com/wotlk/es/item=24262
Mago,Fuego,Pies,Frozen Shadoweave Boots,21870,89.3,Profesión,Sastrería,,Fase 1,Sigil-Laced Boots (El Arcatraz: Harbinger Skyriss) · Shattrath Jumpers (Misión: Into the Heart of the Labyrinth (Auchindoun)),no,,https://www.wowhead.com/wotlk/es/item=21870
Mago,Fuego,Anillos 1,Kharmaa's Ring of Fate,34625,64.9,Mazmorra,Bancal del Magister: Kael'thas Sunstrider,,Bancal del Magister (fase 5),Ashyen's Gift (Reputación: Expedición Cenarion (Exaltado)) · Corruptor's Signet (Botín: Shartuul),no,,https://www.wowhead.com/wotlk/es/item=34625
Mago,Fuego,Anillos 2,Sparking Arcanite Ring,28227,48.8,Mazmorra heroica,Antiguas Laderas de Trabalomas (heroica): Epoch Hunter,,Fase 1,,sí,,https://www.wowhead.com/wotlk/es/item=28227
Mago,Fuego,Abalorios 1,Quagmirran's Eye,27683,0.0,Mazmorra heroica,Recinto de los Esclavos (heroica): Quagmirran,,Fase 1,Darkmoon Card: Crusade (Mazo de la Luna Negra: Se crea al completar un mazo (cartas de inscripción/botín); se entrega en la Feria de la Luna Negra) · Scryer's Bloodgem (Reputación: Los Arúspices (Reverenciado)),no,Orden de las listas Wowhead/wowtbc (efectos de uso y probabilidad),https://www.wowhead.com/wotlk/es/item=27683
Mago,Fuego,Abalorios 2,Icon of the Silver Crescent,29370,0.0,Insignias,"Insignias de Justicia (G'eras, Shattrath)",,Fase 1,,sí,,https://www.wowhead.com/wotlk/es/item=29370
Mago,Fuego,Arma de dos manos,Rod of the Blazing Light,34608,274.6,Mazmorra heroica,Bancal del Magister (heroica): Vexallus,,Bancal del Magister (fase 5),Sun-infused Focus Staff (Bancal del Magister: Kael'thas Sunstrider) · Terokk's Shadowstaff (Salas Sethekk (heroica): Talon King Ikiss),no,,https://www.wowhead.com/wotlk/es/item=34608
Mago,Fuego,Varita,Nether Core's Control Rod,28386,27.4,Mazmorra,El Arcatraz: Dalliah the Doomsayer,,Fase 1,The Black Stalk (La Sotiénaga (heroica): The Black Stalker) · Wand of the Seer (Misión: Turning Point (Netherstorm)),sí,,https://www.wowhead.com/wotlk/es/item=28386
Mago,Escarcha,Cabeza,Spellstrike Hood,24266,141.9,Profesión,Sastrería,,Fase 1,"Evoker's Helmet of Second Sight (Misión: Teron Gorefiend, I am... (Shadowmoon Valley)) · Whitemend Hood (Fabricado (Sastrería))",sí,,https://www.wowhead.com/wotlk/es/item=24266
Mago,Escarcha,Cuello,Brooch of Heightened Potential,28134,47.6,Mazmorra,Laberinto de las Sombras: Blackheart the Inciter,,Fase 1,Hydra-fang Necklace (La Sotiénaga (heroica): Ghaz'an) · Shattered Sun Pendant of Acumen (Reputación: Ofensiva Sol Devastado (Exaltado)),sí,,https://www.wowhead.com/wotlk/es/item=28134
Mago,Escarcha,Hombros,Fel-tinged Mantle,34607,94.8,Mazmorra heroica,Bancal del Magister (heroica): Vexallus,,Bancal del Magister (fase 5),Frozen Shadoweave Shoulders (Fabricado (Sastrería)) · Duskhallow Mantle (Bancal del Magister: Priestess Delrissa),no,,https://www.wowhead.com/wotlk/es/item=34607
Mago,Escarcha,Espalda,Cloak of the Betrayed,34792,63.4,Mazmorra,Bancal del Magister: Priestess Delrissa,,Bancal del Magister (fase 5),Sethekk Oracle Cloak (Salas Sethekk: Talon King Ikiss) · Cloak of Swift Mending (Bancal del Magister: Selin Fireheart),no,,https://www.wowhead.com/wotlk/es/item=34792
Mago,Escarcha,Pecho,Scarlet Sin'dorei Robes,34610,139.4,Mazmorra heroica,Bancal del Magister (heroica): Kael'thas Sunstrider,,Bancal del Magister (fase 5),Auchenai Anchorite's Robe (Misión: Everything Will Be Alright (Auchenai Crypts)) · Spellfire Robe (Fabricado (Sastrería)),no,,https://www.wowhead.com/wotlk/es/item=34610
Mago,Escarcha,Muñecas,Bindings of Raging Fire,34697,62.7,Mazmorra,Bancal del Magister: Selin Fireheart,,Bancal del Magister (fase 5),Bracers of Havok (Fabricado (Sastrería)) · Shattrath Wraps (Misión: The Soul Devices (Auchindoun)),no,,https://www.wowhead.com/wotlk/es/item=34697
Mago,Escarcha,Manos,Gloves of Arcane Acuity,34808,103.2,Mazmorra,Bancal del Magister: Kael'thas Sunstrider,,Bancal del Magister (fase 5),Spellfire Gloves (Fabricado (Sastrería)) · Manaspark Gloves (La Sotiénaga: Hungarfen),no,,https://www.wowhead.com/wotlk/es/item=34808
Mago,Escarcha,Cintura,Spellfire Belt,21846,98.1,Profesión,Sastrería,,Fase 1,Girdle of Ruination (Fabricado (Sastrería)) · Primal Mooncloth Belt (Fabricado (Sastrería)),no,,https://www.wowhead.com/wotlk/es/item=21846
Mago,Escarcha,Piernas,Spellstrike Pants,24262,148.3,Profesión,Sastrería,,Fase 1,Kirin Tor Master's Trousers (Laberinto de las Sombras (heroica): Murmur) · Pontifex Kilt (La Cámara de Vapor (heroica): Warlord Kalithresh),sí,,https://www.wowhead.com/wotlk/es/item=24262
Mago,Escarcha,Pies,Frozen Shadoweave Boots,21870,89.3,Profesión,Sastrería,,Fase 1,Sigil-Laced Boots (El Arcatraz: Harbinger Skyriss) · Shattrath Jumpers (Misión: Into the Heart of the Labyrinth (Auchindoun)),sí,,https://www.wowhead.com/wotlk/es/item=21870
Mago,Escarcha,Anillos 1,Kharmaa's Ring of Fate,34625,64.9,Mazmorra,Bancal del Magister: Kael'thas Sunstrider,,Bancal del Magister (fase 5),Ashyen's Gift (Reputación: Expedición Cenarion (Exaltado)) · Corruptor's Signet (Botín: Shartuul),no,,https://www.wowhead.com/wotlk/es/item=34625
Mago,Escarcha,Anillos 2,Sparking Arcanite Ring,28227,48.8,Mazmorra heroica,Antiguas Laderas de Trabalomas (heroica): Epoch Hunter,,Fase 1,,sí,,https://www.wowhead.com/wotlk/es/item=28227
Mago,Escarcha,Abalorios 1,Quagmirran's Eye,27683,0.0,Mazmorra heroica,Recinto de los Esclavos (heroica): Quagmirran,,Fase 1,Darkmoon Card: Crusade (Mazo de la Luna Negra: Se crea al completar un mazo (cartas de inscripción/botín); se entrega en la Feria de la Luna Negra) · Scryer's Bloodgem (Reputación: Los Arúspices (Reverenciado)),no,Orden de las listas Wowhead/wowtbc (efectos de uso y probabilidad),https://www.wowhead.com/wotlk/es/item=27683
Mago,Escarcha,Abalorios 2,Icon of the Silver Crescent,29370,0.0,Insignias,"Insignias de Justicia (G'eras, Shattrath)",,Fase 1,,sí,,https://www.wowhead.com/wotlk/es/item=29370
Mago,Escarcha,Arma de dos manos,Rod of the Blazing Light,34608,274.6,Mazmorra heroica,Bancal del Magister (heroica): Vexallus,,Bancal del Magister (fase 5),Sun-infused Focus Staff (Bancal del Magister: Kael'thas Sunstrider) · Terokk's Shadowstaff (Salas Sethekk (heroica): Talon King Ikiss),no,,https://www.wowhead.com/wotlk/es/item=34608
Mago,Escarcha,Varita,Nether Core's Control Rod,28386,27.4,Mazmorra,El Arcatraz: Dalliah the Doomsayer,,Fase 1,The Black Stalk (La Sotiénaga (heroica): The Black Stalker) · Wand of the Seer (Misión: Turning Point (Netherstorm)),sí,,https://www.wowhead.com/wotlk/es/item=28386
Paladín,Sagrado,Cabeza,Spellstrike Hood,24266,124.1,Profesión,Sastrería,,Fase 1,"Shamanistic Helmet of Second Sight (Misión: Teron Gorefiend, I am... (Shadowmoon Valley)) · Druidic Helmet of Second Sight (Misión: Teron Gorefiend, I am... (Shadowmoon Valley))",no,,https://www.wowhead.com/wotlk/es/item=24266
Paladín,Sagrado,Cuello,Shattered Sun Pendant of Restoration,34677,46.0,Reputación,Ofensiva Sol Devastado (Exaltado),,Isla de Quel'Danas (fase 5),Shattered Sun Pendant of Acumen (Reputación: Ofensiva Sol Devastado (Exaltado)) · Natasha's Ember Necklace (Misión: The Hound-Master (Blade's Edge Mountains)),no,,https://www.wowhead.com/wotlk/es/item=34677
Paladín,Sagrado,Hombros,Fel-tinged Mantle,34607,95.1,Mazmorra heroica,Bancal del Magister (heroica): Vexallus,,Bancal del Magister (fase 5),Duskhallow Mantle (Bancal del Magister: Priestess Delrissa) · Frozen Shadoweave Shoulders (Fabricado (Sastrería)),no,,https://www.wowhead.com/wotlk/es/item=34607
Paladín,Sagrado,Espalda,Cloak of the Betrayed,34792,46.6,Mazmorra,Bancal del Magister: Priestess Delrissa,,Bancal del Magister (fase 5),Cloak of Swift Mending (Bancal del Magister: Selin Fireheart) · Lifegiving Cloak (Otro: Botín de mundo (épico aleatorio)),no,,https://www.wowhead.com/wotlk/es/item=34792
Paladín,Sagrado,Pecho,Scarlet Sin'dorei Robes,34610,141.2,Mazmorra heroica,Bancal del Magister (heroica): Kael'thas Sunstrider,,Bancal del Magister (fase 5),Netherstrike Breastplate (Fabricado (Peletería)) · Windhawk Hauberk (Fabricado (Peletería)),no,,https://www.wowhead.com/wotlk/es/item=34610
Paladín,Sagrado,Muñecas,Windhawk Bracers,29523,63.9,Profesión,Peletería,,Fase 1,Netherstrike Bracers (Fabricado (Peletería)) · Eversong Cuffs (Bancal del Magister (heroica): Selin Fireheart),sí,,https://www.wowhead.com/wotlk/es/item=29523
Paladín,Sagrado,Manos,Spellfire Gloves,21847,98.7,Profesión,Sastrería,,Fase 1,Grips of Nature's Wrath (Vendedor: G'eras (Shattrath City)) · Gauntlets of the Tranquil Waves (Bancal del Magister: Priestess Delrissa),no,,https://www.wowhead.com/wotlk/es/item=21847
Paladín,Sagrado,Cintura,Primal Mooncloth Belt,21873,99.3,Profesión,Sastrería,,Fase 1,Spellfire Belt (Fabricado (Sastrería)) · Netherstrike Belt (Fabricado (Peletería)),sí,,https://www.wowhead.com/wotlk/es/item=21873
Paladín,Sagrado,Piernas,Spellstrike Pants,24262,124.0,Profesión,Sastrería,,Fase 1,Stormsong Kilt (La Sotiénaga (heroica): The Black Stalker) · Tempest Leggings (Reputación: Los Mag'har (Reverenciado)),no,,https://www.wowhead.com/wotlk/es/item=24262
Paladín,Sagrado,Pies,Frozen Shadoweave Boots,21870,88.4,Profesión,Sastrería,,Fase 1,Greaves of the Penitent Knight (Bancal del Magister (heroica): Kael'thas Sunstrider) · Boots of Resuscitation (Bancal del Magister: Vexallus),no,,https://www.wowhead.com/wotlk/es/item=21870
Paladín,Sagrado,Anillos 1,Kharmaa's Ring of Fate,34625,61.1,Mazmorra,Bancal del Magister: Kael'thas Sunstrider,,Bancal del Magister (fase 5),"Band of Frigid Elements (Salas Sethekk (heroica): Anzu) · Ring of Cryptic Dreams (Insignias de Justicia (G'eras, Shattrath))",no,,https://www.wowhead.com/wotlk/es/item=34625
Paladín,Sagrado,Anillos 2,Corruptor's Signet,32941,48.6,Botín,Shartuul,,Fase 2,,no,,https://www.wowhead.com/wotlk/es/item=32941
Paladín,Sagrado,Abalorios 1,Essence of the Martyr,29376,0.0,Insignias,"Insignias de Justicia (G'eras, Shattrath)",,Fase 1,Scarab of the Infinite Cycle (La Ciénaga Negra: Aeonus),sí,Orden de las listas Wowhead/wowtbc (efectos de uso y probabilidad),https://www.wowhead.com/wotlk/es/item=29376
Paladín,Sagrado,Abalorios 2,Lower City Prayerbook,30841,0.0,Reputación,Bajo Arrabal (Reverenciado),,Fase 1,,sí,,https://www.wowhead.com/wotlk/es/item=30841
Paladín,Sagrado,Mano principal,Cudgel of Consecration,34611,229.6,Mazmorra heroica,Bancal del Magister (heroica): Kael'thas Sunstrider,,Bancal del Magister (fase 5),Shockwave Truncheon (Laberinto de las Sombras (heroica): Murmur) · Hand of Eternity (Fabricado (Herrería)),no,,https://www.wowhead.com/wotlk/es/item=34611
Paladín,Sagrado,Mano izquierda,Flametongue Seal,29270,51.7,Insignias,"Insignias de Justicia (G'eras, Shattrath)",,Fase 1,"Khadgar's Knapsack (Insignias de Justicia (G'eras, Shattrath)) · Tears of Heaven (Insignias de Justicia (G'eras, Shattrath))",—,,https://www.wowhead.com/wotlk/es/item=29270
Paladín,Sagrado,Tratado,Libram of the Lightbringer,28296,0.0,Mazmorra,El Invernáculo: Commander Sarannis,,Fase 1,Blessed Book of Nagrand (Misión: The Ultimate Bloodsport (Nagrand)),sí,Orden de las listas Wowhead/wowtbc (efecto sobre un hechizo),https://www.wowhead.com/wotlk/es/item=28296
Paladín,Protección,Cabeza,Helm of the Stalwart Defender,23535,206.8,Profesión,Herrería,,Fase 1,"Faceguard of Determination (Insignias de Justicia (G'eras, Shattrath)) · Doomplate Warhelm (Antiguas Laderas de Trabalomas (heroica): Epoch Hunter)",no,,https://www.wowhead.com/wotlk/es/item=23535
Paladín,Protección,Cuello,Shattered Sun Pendant of Resolve,34680,77.4,Reputación,Ofensiva Sol Devastado (Exaltado),,Isla de Quel'Danas (fase 5),"Necklace of the Deep (Fabricado (Joyería)) · Necklace of the Juggernaut (Insignias de Justicia (G'eras, Shattrath))",no,,https://www.wowhead.com/wotlk/es/item=34680
Paladín,Protección,Hombros,Shoulderplates of Everlasting Pain,34601,179.3,Mazmorra heroica,Bancal del Magister (heroica): Selin Fireheart,,Bancal del Magister (fase 5),Spaulders of Dementia (Salas Sethekk (heroica): Talon King Ikiss) · Crusader's Scaled Shoulders (Vendedor: Almaador (Shattrath City)),no,,https://www.wowhead.com/wotlk/es/item=34601
Paladín,Protección,Espalda,Cloak of Darkness,33122,81.8,Profesión,Peletería,,Fase 1,"Farstrider Defender's Cloak (Insignias de Justicia (G'eras, Shattrath)) · Thoriumweave Cloak (El Mechanar: Mechano-Lord Capacitus)",—,,https://www.wowhead.com/wotlk/es/item=33122
Paladín,Protección,Pecho,Bulwark of Kings,28484,286.6,Profesión,Herrería,,Fase 1,Netherforce Chestplate (Bancal del Magister (heroica): Kael'thas Sunstrider) · Breastplate of Kings (Fabricado (Herrería)),—,,https://www.wowhead.com/wotlk/es/item=28484
Paladín,Protección,Muñecas,Amber Bands of the Aggressor,29463,112.3,Mazmorra heroica,La Cámara de Vapor (heroica): Warlord Kalithresh,,Fase 1,Vambraces of Daring (Murallas del Fuego Infernal (heroica): Nazan & Vazruden) · Bracers of the Green Fortress (Fabricado (Herrería)),no,,https://www.wowhead.com/wotlk/es/item=29463
Paladín,Protección,Manos,Steelgrip Gauntlets,23533,159.2,Profesión,Herrería,,Fase 1,Doomplate Gauntlets (El Horno de Sangre (heroica): Keli'dan the Breaker) · Gauntlets of Dissension (El Invernáculo (heroica): Warp Splinter),no,,https://www.wowhead.com/wotlk/es/item=23533
Paladín,Protección,Cintura,Girdle of the Immovable,27672,148.4,Mazmorra heroica,Recinto de los Esclavos (heroica): Quagmirran,,Fase 1,Girdle of Valorous Deeds (La Ciénaga Negra (heroica): Aeonus) · Lion's Heart Girdle (Murallas del Fuego Infernal (heroica): Nazan & Vazruden),—,,https://www.wowhead.com/wotlk/es/item=27672
Paladín,Protección,Piernas,Vanquisher's Legplates,30533,217.1,Mazmorra heroica,El Mechanar (heroica): Pathaleon the Calculator,,Fase 1,Greaves of the Martyr (Antiguas Laderas de Trabalomas (heroica): Epoch Hunter) · Greaves of the Shatterer (Las Salas Arrasadas: Warchief Kargath Bladefist),—,,https://www.wowhead.com/wotlk/es/item=30533
Paladín,Protección,Pies,Sunstrider Warboots,34807,162.9,Mazmorra,Bancal del Magister: Kael'thas Sunstrider,,Bancal del Magister (fase 5),Vortex Walking Boots (Reputación: Ogri'la (Exaltado)) · Eaglecrest Warboots (El Horno de Sangre (heroica): Keli'dan the Breaker),—,,https://www.wowhead.com/wotlk/es/item=34807
Paladín,Protección,Anillos 1,Band of Determination,34706,66.8,Mazmorra,Bancal del Magister: Vexallus,,Bancal del Magister (fase 5),"Ring of Unyielding Force (Insignias de Justicia (G'eras, Shattrath)) · Resounding Ring of Glory (Antiguas Laderas de Trabalomas (heroica): Epoch Hunter)",no,,https://www.wowhead.com/wotlk/es/item=34706
Paladín,Protección,Anillos 2,Nexus-Prince's Ring of Balance,31919,66.0,Mazmorra heroica,Tumbas de Maná (heroica): Yor <Void Hound of Shaffar>,,Fase 1,,no,,https://www.wowhead.com/wotlk/es/item=31919
Paladín,Protección,Abalorios 1,Commendation of Kael'thas,34473,0.0,Mazmorra heroica,Bancal del Magister (heroica): Priestess Delrissa,,Bancal del Magister (fase 5),Darkmoon Card: Madness (Mazo de la Luna Negra: Se crea al completar un mazo (cartas de inscripción/botín); se entrega en la Feria de la Luna Negra) · Commander's Badge (Reputación: Ala Abisal (Reverenciado)),—,Orden de las listas Wowhead/wowtbc (efectos de uso y probabilidad),https://www.wowhead.com/wotlk/es/item=34473
Paladín,Protección,Abalorios 2,Darkmoon Card: Vengeance,31858,0.0,Mazo de la Luna Negra,Se crea al completar un mazo (cartas de inscripción/botín); se entrega en la Feria de la Luna Negra,,Fase 3,,—,,https://www.wowhead.com/wotlk/es/item=31858
Paladín,Protección,Mano principal,Blazefury,28427,382.6,Profesión,Herrería,,Fase 1,Breeching Comet (Bancal del Magister (heroica): Kael'thas Sunstrider) · Blazeguard (Fabricado (Herrería)),no,,https://www.wowhead.com/wotlk/es/item=28427
Paladín,Protección,Escudo,Dawnforged Defender,34676,447.6,Reputación,Ofensiva Sol Devastado (Exaltado),,Isla de Quel'Danas (fase 5),"Azure-Shield of Coldarra (Insignias de Justicia (G'eras, Shattrath)) · Sunward Crest (Reputación: Ofensiva Sol Devastado (Exaltado))",no,,https://www.wowhead.com/wotlk/es/item=34676
Paladín,Protección,Tratado,Libram of Repentance,29388,0.0,Insignias,"Insignias de Justicia (G'eras, Shattrath)",,Fase 1,Libram of the Eternal Rest (Salas Sethekk: Darkweaver Syth),sí,Orden de las listas Wowhead/wowtbc (efecto sobre un hechizo),https://www.wowhead.com/wotlk/es/item=29388
Paladín,Reprensión,Cabeza,Hope Bearer Helm,27408,248.8,Mazmorra,Criptas Auchenai: Shirrak the Dead Watcher,,Fase 1,"Overlord's Helmet of Second Sight (Misión: Teron Gorefiend, I am... (Shadowmoon Valley)) · Stealther's Helmet of Second Sight (Misión: Teron Gorefiend, I am... (Shadowmoon Valley))",no,,https://www.wowhead.com/wotlk/es/item=27408
Paladín,Reprensión,Cuello,Necklace of the Deep,32508,110.6,Profesión,Joyería,,Fase 1,"Necklace of Trophies (Botín de mundo ligado al equipar (se puede comprar en la subasta)) · Choker of Vile Intent (Insignias de Justicia (G'eras, Shattrath))",no,,https://www.wowhead.com/wotlk/es/item=32508
Paladín,Reprensión,Hombros,Ragesteel Shoulders,33173,199.3,Profesión,Herrería,,Fase 1,Shoulderplates of Everlasting Pain (Bancal del Magister (heroica): Selin Fireheart) · Wastewalker Shoulderpads (Criptas Auchenai (heroica): Avatar of the Martyred),sí,,https://www.wowhead.com/wotlk/es/item=33173
Paladín,Reprensión,Espalda,Cloak of Darkness,33122,126.5,Profesión,Peletería,,Fase 1,Vengeance Wrap (Fabricado (Sastrería)) · Cloak of the Coming Night (Bancal del Magister: Vexallus),no,,https://www.wowhead.com/wotlk/es/item=33122
Paladín,Reprensión,Pecho,Netherforce Chestplate,34615,302.8,Mazmorra heroica,Bancal del Magister (heroica): Kael'thas Sunstrider,,Bancal del Magister (fase 5),Bulwark of Kings (Fabricado (Herrería)) · Breastplate of Kings (Fabricado (Herrería)),no,,https://www.wowhead.com/wotlk/es/item=34615
Paladín,Reprensión,Muñecas,Bracers of Slaughter,34789,109.4,Mazmorra,Bancal del Magister: Priestess Delrissa,,Bancal del Magister (fase 5),Shard-bound Bracers (Reputación: Ogri'la (Exaltado)) · Felstalker Bracers (Fabricado (Peletería)),no,,https://www.wowhead.com/wotlk/es/item=34789
Paladín,Reprensión,Manos,Doomplate Gauntlets,27497,199.9,Mazmorra heroica,El Horno de Sangre (heroica): Keli'dan the Breaker,,Fase 1,Fel Leather Gloves (Fabricado (Peletería)) · Ironblade Gauntlets (El Horno de Sangre: The Maker),no,,https://www.wowhead.com/wotlk/es/item=27497
Paladín,Reprensión,Cintura,Girdle of Gallantry,27755,167.0,Mazmorra heroica,La Sotiénaga (heroica): Ghaz'an,,Fase 1,Belt of the Raven Lord (Salas Sethekk (heroica): Anzu) · Deathforge Girdle (Salas Sethekk: Talon King Ikiss),sí,,https://www.wowhead.com/wotlk/es/item=27755
Paladín,Reprensión,Piernas,Fel Leather Leggings,25687,251.4,Profesión,Peletería,,Fase 1,Midnight Legguards (Recinto de los Esclavos (heroica): Quagmirran) · Forestwalker Kilt (Tumbas de Maná (heroica): Nexus-Prince Shaffar),no,,https://www.wowhead.com/wotlk/es/item=25687
Paladín,Reprensión,Pies,Fel Leather Boots,25686,185.7,Profesión,Peletería,,Fase 1,Vortex Walking Boots (Reputación: Ogri'la (Exaltado)) · Sunstrider Warboots (Bancal del Magister: Kael'thas Sunstrider),sí,,https://www.wowhead.com/wotlk/es/item=25686
Paladín,Reprensión,Anillos 1,Shaffar's Band of Brutality,31920,100.4,Mazmorra heroica,Tumbas de Maná (heroica): Yor <Void Hound of Shaffar>,,Fase 1,Ring of the Overseer (Botín: Shartuul) · A'dal's Command (Reputación: Los Sha'tar (Exaltado)),sí,,https://www.wowhead.com/wotlk/es/item=31920
Paladín,Reprensión,Anillos 2,Overseer's Signet,30365,99.8,Misión,Shutting Down Manaforge Ara (Netherstorm),,Fase 1,,sí,,https://www.wowhead.com/wotlk/es/item=30365
Paladín,Reprensión,Abalorios 1,Shard of Contempt,34472,0.0,Mazmorra heroica,Bancal del Magister (heroica): Priestess Delrissa,,Bancal del Magister (fase 5),Abacus of Violent Odds (El Mechanar: Pathaleon the Calculator) · Darkmoon Card: Crusade (Mazo de la Luna Negra: Se crea al completar un mazo (cartas de inscripción/botín); se entrega en la Feria de la Luna Negra),no,Orden de las listas Wowhead/wowtbc (efectos de uso y probabilidad),https://www.wowhead.com/wotlk/es/item=34472
Paladín,Reprensión,Abalorios 2,Bloodlust Brooch,29383,0.0,Insignias,"Insignias de Justicia (G'eras, Shattrath)",,Fase 1,,sí,,https://www.wowhead.com/wotlk/es/item=29383
Paladín,Reprensión,Arma de dos manos,Lionheart Executioner,28430,1111.8,Profesión,Herrería,,Fase 1,Bloodmoon (Fabricado (Herrería)) · Stormherald (Fabricado (Herrería)),no,,https://www.wowhead.com/wotlk/es/item=28430
Paladín,Reprensión,Tratado,Libram of Avengement,27484,0.0,Mazmorra heroica,El Horno de Sangre (heroica): The Maker,,Fase 1,,sí,Orden de las listas Wowhead/wowtbc (efecto sobre un hechizo),https://www.wowhead.com/wotlk/es/item=27484
Sacerdote,Sagrado (sanación),Cabeza,Spellstrike Hood,24266,123.4,Profesión,Sastrería,,Fase 1,"Whitemend Hood (Fabricado (Sastrería)) · Evoker's Helmet of Second Sight (Misión: Teron Gorefiend, I am... (Shadowmoon Valley))",no,,https://www.wowhead.com/wotlk/es/item=24266
Sacerdote,Sagrado (sanación),Cuello,Shattered Sun Pendant of Restoration,34677,46.0,Reputación,Ofensiva Sol Devastado (Exaltado),,Isla de Quel'Danas (fase 5),Shattered Sun Pendant of Acumen (Reputación: Ofensiva Sol Devastado (Exaltado)) · Karja's Medallion (Misión: Shutting Down Manaforge Ara (Netherstorm)),no,,https://www.wowhead.com/wotlk/es/item=34677
Sacerdote,Sagrado (sanación),Hombros,Fel-tinged Mantle,34607,95.6,Mazmorra heroica,Bancal del Magister (heroica): Vexallus,,Bancal del Magister (fase 5),Frozen Shadoweave Shoulders (Fabricado (Sastrería)) · Duskhallow Mantle (Bancal del Magister: Priestess Delrissa),no,,https://www.wowhead.com/wotlk/es/item=34607
Sacerdote,Sagrado (sanación),Espalda,Cloak of the Betrayed,34792,48.0,Mazmorra,Bancal del Magister: Priestess Delrissa,,Bancal del Magister (fase 5),Lifegiving Cloak (Otro: Botín de mundo (épico aleatorio)) · Ogre Slayer's Cover (Misión: Cho'war the Pillager (Nagrand)),no,,https://www.wowhead.com/wotlk/es/item=34792
Sacerdote,Sagrado (sanación),Pecho,Scarlet Sin'dorei Robes,34610,140.6,Mazmorra heroica,Bancal del Magister (heroica): Kael'thas Sunstrider,,Bancal del Magister (fase 5),Primal Mooncloth Robe (Fabricado (Sastrería)) · Spellfire Robe (Fabricado (Sastrería)),no,,https://www.wowhead.com/wotlk/es/item=34610
Sacerdote,Sagrado (sanación),Muñecas,Bracers of Havok,24250,55.0,Profesión,Sastrería,,Fase 1,Bindings of Raging Fire (Bancal del Magister: Selin Fireheart) · Bracers of Divine Infusion (Bancal del Magister: Vexallus),no,,https://www.wowhead.com/wotlk/es/item=24250
Sacerdote,Sagrado (sanación),Manos,Spellfire Gloves,21847,97.8,Profesión,Sastrería,,Fase 1,Gloves of Arcane Acuity (Bancal del Magister: Kael'thas Sunstrider) · Tempest's Touch (Misión: Return to Andormu (Caverns of Time)),no,,https://www.wowhead.com/wotlk/es/item=21847
Sacerdote,Sagrado (sanación),Cintura,Primal Mooncloth Belt,21873,103.6,Profesión,Sastrería,,Fase 1,Spellfire Belt (Fabricado (Sastrería)) · Girdle of Ruination (Fabricado (Sastrería)),sí,,https://www.wowhead.com/wotlk/es/item=21873
Sacerdote,Sagrado (sanación),Piernas,Pontifex Kilt,30543,122.7,Mazmorra heroica,La Cámara de Vapor (heroica): Warlord Kalithresh,,Fase 1,Spellstrike Pants (Fabricado (Sastrería)) · Kirin Tor Master's Trousers (Laberinto de las Sombras (heroica): Murmur),sí,,https://www.wowhead.com/wotlk/es/item=30543
Sacerdote,Sagrado (sanación),Pies,Frozen Shadoweave Boots,21870,89.5,Profesión,Sastrería,,Fase 1,Sigil-Laced Boots (El Arcatraz: Harbinger Skyriss) · Slippers of Serenity (Criptas Auchenai: Exarch Maladaar),no,,https://www.wowhead.com/wotlk/es/item=21870
Sacerdote,Sagrado (sanación),Anillos 1,Kharmaa's Ring of Fate,34625,59.0,Mazmorra,Bancal del Magister: Kael'thas Sunstrider,,Bancal del Magister (fase 5),Band of Frigid Elements (Salas Sethekk (heroica): Anzu) · Ring of Fabled Hope (La Sotiénaga (heroica): The Black Stalker),no,,https://www.wowhead.com/wotlk/es/item=34625
Sacerdote,Sagrado (sanación),Anillos 2,Corruptor's Signet,32941,48.6,Botín,Shartuul,,Fase 2,,no,,https://www.wowhead.com/wotlk/es/item=32941
Sacerdote,Sagrado (sanación),Abalorios 1,Essence of the Martyr,29376,0.0,Insignias,"Insignias de Justicia (G'eras, Shattrath)",,Fase 1,Lower City Prayerbook (Reputación: Bajo Arrabal (Reverenciado)),sí,Orden de las listas Wowhead/wowtbc (efectos de uso y probabilidad),https://www.wowhead.com/wotlk/es/item=29376
Sacerdote,Sagrado (sanación),Abalorios 2,Scarab of the Infinite Cycle,28190,0.0,Mazmorra,La Ciénaga Negra: Aeonus,,Fase 1,,sí,,https://www.wowhead.com/wotlk/es/item=28190
Sacerdote,Sagrado (sanación),Arma de dos manos,Rod of the Blazing Light,34608,282.6,Mazmorra heroica,Bancal del Magister (heroica): Vexallus,,Bancal del Magister (fase 5),Terokk's Shadowstaff (Salas Sethekk (heroica): Talon King Ikiss) · Sun-infused Focus Staff (Bancal del Magister: Kael'thas Sunstrider),—,,https://www.wowhead.com/wotlk/es/item=34608
Sacerdote,Sagrado (sanación),Varita,The Black Stalk,29350,26.6,Mazmorra heroica,La Sotiénaga (heroica): The Black Stalker,,Fase 1,Wand of the Seer (Misión: Turning Point (Netherstorm)) · Nethekurse's Rod of Torment (Misión: Turning the Tide (Hellfire Citadel)),no,,https://www.wowhead.com/wotlk/es/item=29350
Sacerdote,Sombra,Cabeza,Spellstrike Hood,24266,141.3,Profesión,Sastrería,,Fase 1,"Evoker's Helmet of Second Sight (Misión: Teron Gorefiend, I am... (Shadowmoon Valley)) · Whitemend Hood (Fabricado (Sastrería))",sí,,https://www.wowhead.com/wotlk/es/item=24266
Sacerdote,Sombra,Cuello,Brooch of Heightened Potential,28134,44.7,Mazmorra,Laberinto de las Sombras: Blackheart the Inciter,,Fase 1,Necklace of the Deep (Fabricado (Joyería)) · Hydra-fang Necklace (La Sotiénaga (heroica): Ghaz'an),no,,https://www.wowhead.com/wotlk/es/item=28134
Sacerdote,Sombra,Hombros,Fel-tinged Mantle,34607,90.7,Mazmorra heroica,Bancal del Magister (heroica): Vexallus,,Bancal del Magister (fase 5),Duskhallow Mantle (Bancal del Magister: Priestess Delrissa) · Frozen Shadoweave Shoulders (Fabricado (Sastrería)),no,,https://www.wowhead.com/wotlk/es/item=34607
Sacerdote,Sombra,Espalda,Cloak of the Betrayed,34792,58.9,Mazmorra,Bancal del Magister: Priestess Delrissa,,Bancal del Magister (fase 5),Cloak of Swift Mending (Bancal del Magister: Selin Fireheart) · Cloak of the Coming Night (Bancal del Magister: Vexallus),no,,https://www.wowhead.com/wotlk/es/item=34792
Sacerdote,Sombra,Pecho,Scarlet Sin'dorei Robes,34610,137.1,Mazmorra heroica,Bancal del Magister (heroica): Kael'thas Sunstrider,,Bancal del Magister (fase 5),Spellfire Robe (Fabricado (Sastrería)) · Auchenai Anchorite's Robe (Misión: Everything Will Be Alright (Auchenai Crypts)),no,,https://www.wowhead.com/wotlk/es/item=34610
Sacerdote,Sombra,Muñecas,Bindings of Raging Fire,34697,71.8,Mazmorra,Bancal del Magister: Selin Fireheart,,Bancal del Magister (fase 5),Bracers of Havok (Fabricado (Sastrería)) · Bracers of Divine Infusion (Bancal del Magister: Vexallus),no,,https://www.wowhead.com/wotlk/es/item=34697
Sacerdote,Sombra,Manos,Spellfire Gloves,21847,97.1,Profesión,Sastrería,,Fase 1,Gloves of Arcane Acuity (Bancal del Magister: Kael'thas Sunstrider) · Manaspark Gloves (La Sotiénaga: Hungarfen),no,,https://www.wowhead.com/wotlk/es/item=21847
Sacerdote,Sombra,Cintura,Spellfire Belt,21846,94.3,Profesión,Sastrería,,Fase 1,Girdle of Ruination (Fabricado (Sastrería)) · Primal Mooncloth Belt (Fabricado (Sastrería)),no,,https://www.wowhead.com/wotlk/es/item=21846
Sacerdote,Sombra,Piernas,Spellstrike Pants,24262,149.5,Profesión,Sastrería,,Fase 1,Breeches of the Occultist (La Ciénaga Negra (heroica): Aeonus) · Kirin Tor Master's Trousers (Laberinto de las Sombras (heroica): Murmur),sí,,https://www.wowhead.com/wotlk/es/item=24262
Sacerdote,Sombra,Pies,Frozen Shadoweave Boots,21870,86.0,Profesión,Sastrería,,Fase 1,Sigil-Laced Boots (El Arcatraz: Harbinger Skyriss) · Shalassi Oracle's Sandals (Misión: BETA Rescue Deirom! (Terokkar Forest) / BETA Rescue Dugar! (Terokkar Forest)),sí,,https://www.wowhead.com/wotlk/es/item=21870
Sacerdote,Sombra,Anillos 1,Kharmaa's Ring of Fate,34625,69.6,Mazmorra,Bancal del Magister: Kael'thas Sunstrider,,Bancal del Magister (fase 5),Ashyen's Gift (Reputación: Expedición Cenarion (Exaltado)) · Corruptor's Signet (Botín: Shartuul),no,,https://www.wowhead.com/wotlk/es/item=34625
Sacerdote,Sombra,Anillos 2,Band of Arcane Alacrity,34704,53.0,Mazmorra,Bancal del Magister: Vexallus,,Bancal del Magister (fase 5),,no,,https://www.wowhead.com/wotlk/es/item=34704
Sacerdote,Sombra,Abalorios 1,Darkmoon Card: Crusade,31856,0.0,Mazo de la Luna Negra,Se crea al completar un mazo (cartas de inscripción/botín); se entrega en la Feria de la Luna Negra,,Fase 3,"Icon of the Silver Crescent (Insignias de Justicia (G'eras, Shattrath)) · Quagmirran's Eye (Recinto de los Esclavos (heroica): Quagmirran)",no,Orden de las listas Wowhead/wowtbc (efectos de uso y probabilidad),https://www.wowhead.com/wotlk/es/item=31856
Sacerdote,Sombra,Abalorios 2,Timbal's Focusing Crystal,34470,0.0,Mazmorra heroica,Bancal del Magister (heroica): Priestess Delrissa,,Bancal del Magister (fase 5),,no,,https://www.wowhead.com/wotlk/es/item=34470
Sacerdote,Sombra,Mano principal,Cudgel of Consecration,34611,245.8,Mazmorra heroica,Bancal del Magister (heroica): Kael'thas Sunstrider,,Bancal del Magister (fase 5),Jaded Crystal Dagger (Bancal del Magister (heroica): Selin Fireheart) · Eternium Runed Blade (Fabricado (Herrería)),—,,https://www.wowhead.com/wotlk/es/item=34611
Sacerdote,Sombra,Mano izquierda,Sapphiron's Wing Bone,29269,56.4,Insignias,"Insignias de Justicia (G'eras, Shattrath)",,Fase 1,"Flametongue Seal (Insignias de Justicia (G'eras, Shattrath)) · Khadgar's Knapsack (Insignias de Justicia (G'eras, Shattrath))",no,,https://www.wowhead.com/wotlk/es/item=29269
Sacerdote,Sombra,Varita,The Black Stalk,29350,28.1,Mazmorra heroica,La Sotiénaga (heroica): The Black Stalker,,Fase 1,Nether Core's Control Rod (El Arcatraz: Dalliah the Doomsayer) · Nesingwary Safari Stick (Misión: The Ultimate Bloodsport (Nagrand)),sí,,https://www.wowhead.com/wotlk/es/item=29350
Pícaro,DPS (Combate/Asesinato),Cabeza,Stealther's Helmet of Second Sight,31109,226.6,Misión,"Teron Gorefiend, I am... (Shadowmoon Valley)",,Fase 1,"Mask of the Deceiver (Insignias de Justicia (G'eras, Shattrath)) · Helm of the Claw (Misión: The Warlord's Hideout (The Steamvault))",no,,https://www.wowhead.com/wotlk/es/item=31109
Pícaro,DPS (Combate/Asesinato),Cuello,Choker of Vile Intent,29381,115.2,Insignias,"Insignias de Justicia (G'eras, Shattrath)",,Fase 1,Necklace of the Deep (Fabricado (Joyería)) · Shattered Sun Pendant of Might (Reputación: Ofensiva Sol Devastado (Exaltado)),sí,,https://www.wowhead.com/wotlk/es/item=29381
Pícaro,DPS (Combate/Asesinato),Hombros,Wastewalker Shoulderpads,27797,176.5,Mazmorra heroica,Criptas Auchenai (heroica): Avatar of the Martyred,,Fase 1,Shoulderpads of the Silvermoon Retainer (Bancal del Magister (heroica): Kael'thas Sunstrider) · Mantle of Perenolde (Antiguas Laderas de Trabalomas: Epoch Hunter),sí,,https://www.wowhead.com/wotlk/es/item=27797
Pícaro,DPS (Combate/Asesinato),Espalda,Vengeance Wrap,24259,118.4,Profesión,Sastrería,,Fase 1,Auchenai Death Shroud (Criptas Auchenai (heroica): Avatar of the Martyred) · Cloak of the Craft (Botín de mundo ligado al equipar (se puede comprar en la subasta)),sí,,https://www.wowhead.com/wotlk/es/item=24259
Pícaro,DPS (Combate/Asesinato),Pecho,Vest of Vengeance,24396,210.2,Mazmorra,El Horno de Sangre: Keli'dan the Breaker,,Fase 1,Wastewalker Tunic (El Horno de Sangre (heroica): Keli'dan the Breaker) · Primalstrike Vest (Fabricado (Peletería)),no,,https://www.wowhead.com/wotlk/es/item=24396
Pícaro,DPS (Combate/Asesinato),Muñecas,Shard-bound Bracers,32647,111.2,Reputación,Ogri'la (Exaltado),,Fase 2,Spymistress's Wristguards (Misión: The Soul Devices (Auchindoun)) · Primalstrike Bracers (Fabricado (Peletería)),no,,https://www.wowhead.com/wotlk/es/item=32647
Pícaro,DPS (Combate/Asesinato),Manos,Fel Leather Gloves,25685,165.7,Profesión,Peletería,,Fase 1,Gloves of the Unbound (El Arcatraz: Wrath-Scryer Soccothrates) · Wastewalker Gloves (Las Salas Arrasadas: Warchief Kargath Bladefist),sí,,https://www.wowhead.com/wotlk/es/item=25685
Pícaro,DPS (Combate/Asesinato),Cintura,Dunewind Sash,27760,153.1,Mazmorra heroica,La Sotiénaga (heroica): Ghaz'an,,Fase 1,Girdle of the Deathdealer (La Ciénaga Negra (heroica): Aeonus) · Socrethar's Girdle (Misión: Turning Point (Netherstorm)),no,,https://www.wowhead.com/wotlk/es/item=27760
Pícaro,DPS (Combate/Asesinato),Piernas,Leggings of the Betrayed,34701,237.0,Mazmorra,Bancal del Magister: Selin Fireheart,,Bancal del Magister (fase 5),Fel Leather Leggings (Fabricado (Peletería)) · Midnight Legguards (Recinto de los Esclavos (heroica): Quagmirran),no,,https://www.wowhead.com/wotlk/es/item=34701
Pícaro,DPS (Combate/Asesinato),Pies,Fel Leather Boots,25686,172.4,Profesión,Peletería,,Fase 1,Sunrage Treads (Bancal del Magister: Kael'thas Sunstrider) · Boots of the Shifting Sands (El Invernáculo: Laj),sí,,https://www.wowhead.com/wotlk/es/item=25686
Pícaro,DPS (Combate/Asesinato),Anillos 1,Ring of the Overseer,32942,109.8,Botín,Shartuul,,Fase 2,Kaylaan's Signet (Misión: Deathblow to the Legion (Netherstorm)) · Slayer's Mark of the Redemption (Misión: Dissension Amongst the Ranks... (Shadowmoon Valley)),no,,https://www.wowhead.com/wotlk/es/item=32942
Pícaro,DPS (Combate/Asesinato),Anillos 2,Shaffar's Band of Brutality,31920,104.4,Mazmorra heroica,Tumbas de Maná (heroica): Yor <Void Hound of Shaffar>,,Fase 1,,sí,,https://www.wowhead.com/wotlk/es/item=31920
Pícaro,DPS (Combate/Asesinato),Abalorios 1,Shard of Contempt,34472,0.0,Mazmorra heroica,Bancal del Magister (heroica): Priestess Delrissa,,Bancal del Magister (fase 5),Abacus of Violent Odds (El Mechanar: Pathaleon the Calculator) · Hourglass of the Unraveller (La Ciénaga Negra: Temporus),no,Orden de las listas Wowhead/wowtbc (efectos de uso y probabilidad),https://www.wowhead.com/wotlk/es/item=34472
Pícaro,DPS (Combate/Asesinato),Abalorios 2,Bloodlust Brooch,29383,0.0,Insignias,"Insignias de Justicia (G'eras, Shattrath)",,Fase 1,,sí,,https://www.wowhead.com/wotlk/es/item=29383
Pícaro,DPS (Combate/Asesinato),Mano principal,Breeching Comet,34616,376.3,Mazmorra heroica,Bancal del Magister (heroica): Kael'thas Sunstrider,,Bancal del Magister (fase 5),Wicked Edge of the Planes (Fabricado (Herrería)) · Blazefury (Fabricado (Herrería)),—,,https://www.wowhead.com/wotlk/es/item=34616
Pícaro,DPS (Combate/Asesinato),Mano izquierda,Breeching Comet,34616,331.2,Mazmorra heroica,Bancal del Magister (heroica): Kael'thas Sunstrider,,Bancal del Magister (fase 5),Wicked Edge of the Planes (Fabricado (Herrería)) · Blazefury (Fabricado (Herrería)),no,,https://www.wowhead.com/wotlk/es/item=34616
Pícaro,DPS (Combate/Asesinato),A distancia,Distracting Blades,34603,66.8,Mazmorra heroica,Bancal del Magister (heroica): Selin Fireheart,,Bancal del Magister (fase 5),Marksman's Bow (Reputación: Thrallmar (Exaltado)) · Spinesever (Otro: Botín de mundo (épico aleatorio)),no,,https://www.wowhead.com/wotlk/es/item=34603
Chamán,Elemental,Cabeza,Spellstrike Hood,24266,140.9,Profesión,Sastrería,,Fase 1,"Evoker's Helmet of Second Sight (Misión: Teron Gorefiend, I am... (Shadowmoon Valley)) · Shamanistic Helmet of Second Sight (Misión: Teron Gorefiend, I am... (Shadowmoon Valley))",sí,,https://www.wowhead.com/wotlk/es/item=24266
Chamán,Elemental,Cuello,Brooch of Heightened Potential,28134,45.3,Mazmorra,Laberinto de las Sombras: Blackheart the Inciter,,Fase 1,Hydra-fang Necklace (La Sotiénaga (heroica): Ghaz'an) · Necklace of the Deep (Fabricado (Joyería)),sí,,https://www.wowhead.com/wotlk/es/item=28134
Chamán,Elemental,Hombros,Fel-tinged Mantle,34607,91.5,Mazmorra heroica,Bancal del Magister (heroica): Vexallus,,Bancal del Magister (fase 5),Duskhallow Mantle (Bancal del Magister: Priestess Delrissa) · Frozen Shadoweave Shoulders (Fabricado (Sastrería)),no,,https://www.wowhead.com/wotlk/es/item=34607
Chamán,Elemental,Espalda,Cloak of the Betrayed,34792,60.2,Mazmorra,Bancal del Magister: Priestess Delrissa,,Bancal del Magister (fase 5),Cloak of Swift Mending (Bancal del Magister: Selin Fireheart) · Sethekk Oracle Cloak (Salas Sethekk: Talon King Ikiss),no,,https://www.wowhead.com/wotlk/es/item=34792
Chamán,Elemental,Pecho,Scarlet Sin'dorei Robes,34610,137.0,Mazmorra heroica,Bancal del Magister (heroica): Kael'thas Sunstrider,,Bancal del Magister (fase 5),Netherstrike Breastplate (Fabricado (Peletería)) · Spellfire Robe (Fabricado (Sastrería)),no,,https://www.wowhead.com/wotlk/es/item=34610
Chamán,Elemental,Muñecas,Bindings of Raging Fire,34697,66.4,Mazmorra,Bancal del Magister: Selin Fireheart,,Bancal del Magister (fase 5),Windhawk Bracers (Fabricado (Peletería)) · Netherstrike Bracers (Fabricado (Peletería)),no,,https://www.wowhead.com/wotlk/es/item=34697
Chamán,Elemental,Manos,Gauntlets of the Tranquil Waves,34791,100.2,Mazmorra,Bancal del Magister: Priestess Delrissa,,Bancal del Magister (fase 5),Gloves of Arcane Acuity (Bancal del Magister: Kael'thas Sunstrider) · Spellfire Gloves (Fabricado (Sastrería)),no,,https://www.wowhead.com/wotlk/es/item=34791
Chamán,Elemental,Cintura,Spellfire Belt,21846,95.0,Profesión,Sastrería,,Fase 1,Girdle of Ruination (Fabricado (Sastrería)) · Girdle of Living Flame (La Sotiénaga (heroica): Hungarfen),no,,https://www.wowhead.com/wotlk/es/item=21846
Chamán,Elemental,Piernas,Spellstrike Pants,24262,148.6,Profesión,Sastrería,,Fase 1,Stormsong Kilt (La Sotiénaga (heroica): The Black Stalker) · Tempest Leggings (Reputación: Los Mag'har (Reverenciado)),sí,,https://www.wowhead.com/wotlk/es/item=24262
Chamán,Elemental,Pies,Frozen Shadoweave Boots,21870,87.0,Profesión,Sastrería,,Fase 1,Fel Leather Boots (Fabricado (Peletería)) · Sigil-Laced Boots (El Arcatraz: Harbinger Skyriss),no,,https://www.wowhead.com/wotlk/es/item=21870
Chamán,Elemental,Anillos 1,Kharmaa's Ring of Fate,34625,66.1,Mazmorra,Bancal del Magister: Kael'thas Sunstrider,,Bancal del Magister (fase 5),Band of Arcane Alacrity (Bancal del Magister: Vexallus) · Sparking Arcanite Ring (Antiguas Laderas de Trabalomas (heroica): Epoch Hunter),no,,https://www.wowhead.com/wotlk/es/item=34625
Chamán,Elemental,Anillos 2,Ashyen's Gift,29172,48.2,Reputación,Expedición Cenarion (Exaltado),,Fase 1,,sí,,https://www.wowhead.com/wotlk/es/item=29172
Chamán,Elemental,Abalorios 1,Icon of the Silver Crescent,29370,0.0,Insignias,"Insignias de Justicia (G'eras, Shattrath)",,Fase 1,Quagmirran's Eye (Recinto de los Esclavos (heroica): Quagmirran) · Xi'ri's Gift (Reputación: Los Sha'tar (Reverenciado)),sí,Orden de las listas Wowhead/wowtbc (efectos de uso y probabilidad),https://www.wowhead.com/wotlk/es/item=29370
Chamán,Elemental,Abalorios 2,Darkmoon Card: Crusade,31856,0.0,Mazo de la Luna Negra,Se crea al completar un mazo (cartas de inscripción/botín); se entrega en la Feria de la Luna Negra,,Fase 3,,no,,https://www.wowhead.com/wotlk/es/item=31856
Chamán,Elemental,Mano principal,Cudgel of Consecration,34611,248.0,Mazmorra heroica,Bancal del Magister (heroica): Kael'thas Sunstrider,,Bancal del Magister (fase 5),Jaded Crystal Dagger (Bancal del Magister (heroica): Selin Fireheart) · Eternium Runed Blade (Fabricado (Herrería)),—,,https://www.wowhead.com/wotlk/es/item=34611
Chamán,Elemental,Mano izquierda,Sapphiron's Wing Bone,29269,56.4,Insignias,"Insignias de Justicia (G'eras, Shattrath)",,Fase 1,"Flametongue Seal (Insignias de Justicia (G'eras, Shattrath)) · Khadgar's Knapsack (Insignias de Justicia (G'eras, Shattrath))",—,,https://www.wowhead.com/wotlk/es/item=29269
Chamán,Elemental,Tótem,Totem of the Void,28248,0.0,Mazmorra heroica,El Mechanar (heroica): Cache of the Legion,,Fase 1,"Totem of the Pulsing Earth (Insignias de Justicia (G'eras, Shattrath))",sí,Orden de las listas Wowhead/wowtbc (efecto sobre un hechizo),https://www.wowhead.com/wotlk/es/item=28248
Chamán,Mejora,Cabeza,Stealther's Helmet of Second Sight,31109,220.2,Misión,"Teron Gorefiend, I am... (Shadowmoon Valley)",,Fase 1,"Spellstrike Hood (Fabricado (Sastrería)) · Stalker's Helmet of Second Sight (Misión: Teron Gorefiend, I am... (Shadowmoon Valley))",sí,,https://www.wowhead.com/wotlk/es/item=31109
Chamán,Mejora,Cuello,Choker of Vile Intent,29381,109.8,Insignias,"Insignias de Justicia (G'eras, Shattrath)",,Fase 1,Necklace of the Deep (Fabricado (Joyería)) · Shattered Sun Pendant of Might (Reputación: Ofensiva Sol Devastado (Exaltado)),sí,,https://www.wowhead.com/wotlk/es/item=29381
Chamán,Mejora,Hombros,Wastewalker Shoulderpads,27797,169.8,Mazmorra heroica,Criptas Auchenai (heroica): Avatar of the Martyred,,Fase 1,Pauldrons of Desolation (Recinto de los Esclavos (heroica): Quagmirran) · Shoulderpads of the Silvermoon Retainer (Bancal del Magister (heroica): Kael'thas Sunstrider),sí,,https://www.wowhead.com/wotlk/es/item=27797
Chamán,Mejora,Espalda,Vengeance Wrap,24259,106.6,Profesión,Sastrería,,Fase 1,Cloak of the Betrayed (Bancal del Magister: Priestess Delrissa) · Auchenai Death Shroud (Criptas Auchenai (heroica): Avatar of the Martyred),sí,,https://www.wowhead.com/wotlk/es/item=24259
Chamán,Mejora,Pecho,Hauberk of the War Bringer,34799,267.5,Mazmorra,Bancal del Magister: Kael'thas Sunstrider,,Bancal del Magister (fase 5),Embrace of the Twisting Nether (Fabricado (Herrería)) · Ebon Netherscale Breastplate (Fabricado (Peletería)),no,,https://www.wowhead.com/wotlk/es/item=34799
Chamán,Mejora,Muñecas,Felstalker Bracers,25697,114.9,Profesión,Peletería,,Fase 1,Bracers of the Forest Stalker (Bancal del Magister: Selin Fireheart) · Shard-bound Bracers (Reputación: Ogri'la (Exaltado)),sí,,https://www.wowhead.com/wotlk/es/item=25697
Chamán,Mejora,Manos,Gloves of Arcane Acuity,34808,168.0,Mazmorra,Bancal del Magister: Kael'thas Sunstrider,,Bancal del Magister (fase 5),Beast Lord Handguards (Las Salas Arrasadas: Warchief Kargath Bladefist) · Grips of Nature's Wrath (Vendedor: G'eras (Shattrath City)),no,,https://www.wowhead.com/wotlk/es/item=34808
Chamán,Mejora,Cintura,Felstalker Belt,25695,167.8,Profesión,Peletería,,Fase 1,Girdle of Living Flame (La Sotiénaga (heroica): Hungarfen) · Girdle of the Blasted Reaches (Murallas del Fuego Infernal (heroica): Omor the Unscarred),no,,https://www.wowhead.com/wotlk/es/item=25695
Chamán,Mejora,Piernas,Leggings of the Betrayed,34701,232.3,Mazmorra,Bancal del Magister: Selin Fireheart,,Bancal del Magister (fase 5),Wyrmscale Greaves (Antiguas Laderas de Trabalomas (heroica): Epoch Hunter) · Emerald-Scale Greaves (Antiguas Laderas de Trabalomas (heroica): Captain Skarloc),no,,https://www.wowhead.com/wotlk/es/item=34701
Chamán,Mejora,Pies,Fel Leather Boots,25686,163.8,Profesión,Peletería,,Fase 1,Sunrage Treads (Bancal del Magister: Kael'thas Sunstrider) · Frozen Shadoweave Boots (Fabricado (Sastrería)),sí,,https://www.wowhead.com/wotlk/es/item=25686
Chamán,Mejora,Anillos 1,Ring of the Overseer,32942,105.4,Botín,Shartuul,,Fase 2,Shaffar's Band of Brutality (Tumbas de Maná (heroica): Yor <Void Hound of Shaffar>) · Kaylaan's Signet (Misión: Deathblow to the Legion (Netherstorm)),no,,https://www.wowhead.com/wotlk/es/item=32942
Chamán,Mejora,Anillos 2,Kharmaa's Ring of Fate,34625,104.6,Mazmorra,Bancal del Magister: Kael'thas Sunstrider,,Bancal del Magister (fase 5),,no,,https://www.wowhead.com/wotlk/es/item=34625
Chamán,Mejora,Abalorios 1,Shard of Contempt,34472,0.0,Mazmorra heroica,Bancal del Magister (heroica): Priestess Delrissa,,Bancal del Magister (fase 5),Darkmoon Card: Crusade (Mazo de la Luna Negra: Se crea al completar un mazo (cartas de inscripción/botín); se entrega en la Feria de la Luna Negra) · Abacus of Violent Odds (El Mechanar: Pathaleon the Calculator),no,Orden de las listas Wowhead/wowtbc (efectos de uso y probabilidad),https://www.wowhead.com/wotlk/es/item=34472
Chamán,Mejora,Abalorios 2,Bloodlust Brooch,29383,0.0,Insignias,"Insignias de Justicia (G'eras, Shattrath)",,Fase 1,,sí,,https://www.wowhead.com/wotlk/es/item=29383
Chamán,Mejora,Mano principal,Breeching Comet,34616,580.5,Mazmorra heroica,Bancal del Magister (heroica): Kael'thas Sunstrider,,Bancal del Magister (fase 5),Wicked Edge of the Planes (Fabricado (Herrería)) · Cudgel of Consecration (Bancal del Magister (heroica): Kael'thas Sunstrider),no,,https://www.wowhead.com/wotlk/es/item=34616
Chamán,Mejora,Mano izquierda,Breeching Comet,34616,304.2,Mazmorra heroica,Bancal del Magister (heroica): Kael'thas Sunstrider,,Bancal del Magister (fase 5),Wicked Edge of the Planes (Fabricado (Herrería)) · Black Planar Edge (Fabricado (Herrería)),—,,https://www.wowhead.com/wotlk/es/item=34616
Chamán,Mejora,Tótem,Totem of the Astral Winds,27815,0.0,Mazmorra heroica,Tumbas de Maná (heroica): Pandemonius,,Fase 1,,sí,Orden de las listas Wowhead/wowtbc (efecto sobre un hechizo),https://www.wowhead.com/wotlk/es/item=27815
Chamán,Restauración,Cabeza,Spellstrike Hood,24266,121.7,Profesión,Sastrería,,Fase 1,"Shamanistic Helmet of Second Sight (Misión: Teron Gorefiend, I am... (Shadowmoon Valley)) · Druidic Helmet of Second Sight (Misión: Teron Gorefiend, I am... (Shadowmoon Valley))",no,,https://www.wowhead.com/wotlk/es/item=24266
Chamán,Restauración,Cuello,Shattered Sun Pendant of Restoration,34677,46.0,Reputación,Ofensiva Sol Devastado (Exaltado),,Isla de Quel'Danas (fase 5),Shattered Sun Pendant of Acumen (Reputación: Ofensiva Sol Devastado (Exaltado)) · Natasha's Guardian Cord (Misión: The Hound-Master (Blade's Edge Mountains)),no,,https://www.wowhead.com/wotlk/es/item=34677
Chamán,Restauración,Hombros,Fel-tinged Mantle,34607,91.5,Mazmorra heroica,Bancal del Magister (heroica): Vexallus,,Bancal del Magister (fase 5),Duskhallow Mantle (Bancal del Magister: Priestess Delrissa) · Frozen Shadoweave Shoulders (Fabricado (Sastrería)),no,,https://www.wowhead.com/wotlk/es/item=34607
Chamán,Restauración,Espalda,Cloak of Swift Mending,34702,53.9,Mazmorra,Bancal del Magister: Selin Fireheart,,Bancal del Magister (fase 5),Cloak of the Betrayed (Bancal del Magister: Priestess Delrissa) · Lifegiving Cloak (Otro: Botín de mundo (épico aleatorio)),no,,https://www.wowhead.com/wotlk/es/item=34702
Chamán,Restauración,Pecho,Scarlet Sin'dorei Robes,34610,137.0,Mazmorra heroica,Bancal del Magister (heroica): Kael'thas Sunstrider,,Bancal del Magister (fase 5),Netherstrike Breastplate (Fabricado (Peletería)) · Primal Mooncloth Robe (Fabricado (Sastrería)),no,,https://www.wowhead.com/wotlk/es/item=34610
Chamán,Restauración,Muñecas,Bindings of Raging Fire,34697,66.4,Mazmorra,Bancal del Magister: Selin Fireheart,,Bancal del Magister (fase 5),Netherstrike Bracers (Fabricado (Peletería)) · Windhawk Bracers (Fabricado (Peletería)),no,,https://www.wowhead.com/wotlk/es/item=34697
Chamán,Restauración,Manos,Gauntlets of the Tranquil Waves,34791,101.2,Mazmorra,Bancal del Magister: Priestess Delrissa,,Bancal del Magister (fase 5),Spellfire Gloves (Fabricado (Sastrería)) · Grips of Nature's Wrath (Vendedor: G'eras (Shattrath City)),no,,https://www.wowhead.com/wotlk/es/item=34791
Chamán,Restauración,Cintura,Spellfire Belt,21846,95.0,Profesión,Sastrería,,Fase 1,Primal Mooncloth Belt (Fabricado (Sastrería)) · Netherstrike Belt (Fabricado (Peletería)),no,,https://www.wowhead.com/wotlk/es/item=21846
Chamán,Restauración,Piernas,Spellstrike Pants,24262,122.2,Profesión,Sastrería,,Fase 1,Stormsong Kilt (La Sotiénaga (heroica): The Black Stalker) · Tempest Leggings (Reputación: Los Mag'har (Reverenciado)),no,,https://www.wowhead.com/wotlk/es/item=24262
Chamán,Restauración,Pies,Frozen Shadoweave Boots,21870,87.0,Profesión,Sastrería,,Fase 1,Boots of Resuscitation (Bancal del Magister: Vexallus) · Sigil-Laced Boots (El Arcatraz: Harbinger Skyriss),no,,https://www.wowhead.com/wotlk/es/item=21870
Chamán,Restauración,Anillos 1,Kharmaa's Ring of Fate,34625,66.1,Mazmorra,Bancal del Magister: Kael'thas Sunstrider,,Bancal del Magister (fase 5),Corruptor's Signet (Botín: Shartuul) · Band of Frigid Elements (Salas Sethekk (heroica): Anzu),no,,https://www.wowhead.com/wotlk/es/item=34625
Chamán,Restauración,Anillos 2,Band of Arcane Alacrity,34704,47.9,Mazmorra,Bancal del Magister: Vexallus,,Bancal del Magister (fase 5),,no,,https://www.wowhead.com/wotlk/es/item=34704
Chamán,Restauración,Abalorios 1,Essence of the Martyr,29376,0.0,Insignias,"Insignias de Justicia (G'eras, Shattrath)",,Fase 1,Lower City Prayerbook (Reputación: Bajo Arrabal (Reverenciado)),sí,Orden de las listas Wowhead/wowtbc (efectos de uso y probabilidad),https://www.wowhead.com/wotlk/es/item=29376
Chamán,Restauración,Abalorios 2,Scarab of the Infinite Cycle,28190,0.0,Mazmorra,La Ciénaga Negra: Aeonus,,Fase 1,,sí,,https://www.wowhead.com/wotlk/es/item=28190
Chamán,Restauración,Mano principal,Cudgel of Consecration,34611,226.4,Mazmorra heroica,Bancal del Magister (heroica): Kael'thas Sunstrider,,Bancal del Magister (fase 5),Jaded Crystal Dagger (Bancal del Magister (heroica): Selin Fireheart) · Shockwave Truncheon (Laberinto de las Sombras (heroica): Murmur),—,,https://www.wowhead.com/wotlk/es/item=34611
Chamán,Restauración,Mano izquierda,Flametongue Seal,29270,51.4,Insignias,"Insignias de Justicia (G'eras, Shattrath)",,Fase 1,"Khadgar's Knapsack (Insignias de Justicia (G'eras, Shattrath)) · Tears of Heaven (Insignias de Justicia (G'eras, Shattrath))",—,,https://www.wowhead.com/wotlk/es/item=29270
Chamán,Restauración,Tótem,Totem of Spontaneous Regrowth,27544,0.0,Mazmorra heroica,Recinto de los Esclavos (heroica): Mennu the Betrayer,,Fase 1,Totem of the Plains (Misión: The Ultimate Bloodsport (Nagrand)),sí,Orden de las listas Wowhead/wowtbc (efecto sobre un hechizo),https://www.wowhead.com/wotlk/es/item=27544
Guerrero,Protección,Cabeza,Faceguard of Determination,32083,566.9,Insignias,"Insignias de Justicia (G'eras, Shattrath)",,Fase 1,Helm of the Stalwart Defender (Fabricado (Herrería)) · Felsteel Helm (Fabricado (Herrería)),no,,https://www.wowhead.com/wotlk/es/item=32083
Guerrero,Protección,Cuello,Necklace of the Juggernaut,29386,202.4,Insignias,"Insignias de Justicia (G'eras, Shattrath)",,Fase 1,Necklace of the Deep (Fabricado (Joyería)) · Thalodien's Charm (Misión: Shutting Down Manaforge Ara (Netherstorm)),sí,,https://www.wowhead.com/wotlk/es/item=29386
Guerrero,Protección,Hombros,Spaulders of Dementia,32073,442.1,Mazmorra heroica,Salas Sethekk (heroica): Talon King Ikiss,,Fase 1,Fanblade Pauldrons (Criptas Auchenai (heroica): Shirrak the Dead Watcher) · Shoulderplates of Everlasting Pain (Bancal del Magister (heroica): Selin Fireheart),sí,,https://www.wowhead.com/wotlk/es/item=32073
Guerrero,Protección,Espalda,Devilshark Cape,27804,217.8,Mazmorra,La Cámara de Vapor: Warlord Kalithresh,,Fase 1,"Farstrider Defender's Cloak (Insignias de Justicia (G'eras, Shattrath)) · Burnoose of Shifting Ages (La Ciénaga Negra: Chrono Lord Deja)",sí,,https://www.wowhead.com/wotlk/es/item=27804
Guerrero,Protección,Pecho,Bulwark of Kings,28484,660.6,Profesión,Herrería,,Fase 1,Netherforce Chestplate (Bancal del Magister (heroica): Kael'thas Sunstrider) · Breastplate of Kings (Fabricado (Herrería)),no,,https://www.wowhead.com/wotlk/es/item=28484
Guerrero,Protección,Muñecas,Amber Bands of the Aggressor,29463,297.9,Mazmorra heroica,La Cámara de Vapor (heroica): Warlord Kalithresh,,Fase 1,Vambraces of Daring (Murallas del Fuego Infernal (heroica): Nazan & Vazruden) · Bracers of the Green Fortress (Fabricado (Herrería)),sí,,https://www.wowhead.com/wotlk/es/item=29463
Guerrero,Protección,Manos,Gauntlets of Dissension,32072,415.5,Mazmorra heroica,El Invernáculo (heroica): Warp Splinter,,Fase 1,Gauntlets of the Bold (La Cámara de Vapor: Warlord Kalithresh) · Thatia's Self-Correcting Gauntlets (El Arcatraz: Dalliah the Doomsayer),sí,,https://www.wowhead.com/wotlk/es/item=32072
Guerrero,Protección,Cintura,Lion's Heart Girdle,29238,385.9,Mazmorra heroica,Murallas del Fuego Infernal (heroica): Nazan & Vazruden,,Fase 1,Girdle of the Immovable (Recinto de los Esclavos (heroica): Quagmirran) · Girdle of Valorous Deeds (La Ciénaga Negra (heroica): Aeonus),sí,,https://www.wowhead.com/wotlk/es/item=29238
Guerrero,Protección,Piernas,Felsteel Leggings,23518,547.2,Profesión,Herrería,,Fase 1,Timewarden's Leggings (Reputación: Vigilantes del Tiempo (Reverenciado)) · Greaves of the Shatterer (Las Salas Arrasadas: Warchief Kargath Bladefist),sí,,https://www.wowhead.com/wotlk/es/item=23518
Guerrero,Protección,Pies,Eaglecrest Warboots,29239,425.9,Mazmorra heroica,El Horno de Sangre (heroica): Keli'dan the Breaker,,Fase 1,Sunstrider Warboots (Bancal del Magister: Kael'thas Sunstrider) · Boots of the Colossus (Tumbas de Maná (heroica): Pandemonius),sí,,https://www.wowhead.com/wotlk/es/item=29239
Guerrero,Protección,Anillos 1,Ring of Unyielding Force,29384,190.7,Insignias,"Insignias de Justicia (G'eras, Shattrath)",,Fase 1,Elementium Band of the Sentry (El Arcatraz: Harbinger Skyriss) · Band of Impenetrable Defenses (Otro: Botín de mundo (épico aleatorio)),no,,https://www.wowhead.com/wotlk/es/item=29384
Guerrero,Protección,Anillos 2,Protector's Mark of the Redemption,31078,175.2,Misión,Dissension Amongst the Ranks... (Shadowmoon Valley),,Fase 1,,sí,,https://www.wowhead.com/wotlk/es/item=31078
Guerrero,Protección,Abalorios 1,Commendation of Kael'thas,34473,0.0,Mazmorra heroica,Bancal del Magister (heroica): Priestess Delrissa,,Bancal del Magister (fase 5),Darkmoon Card: Madness (Mazo de la Luna Negra: Se crea al completar un mazo (cartas de inscripción/botín); se entrega en la Feria de la Luna Negra) · Commander's Badge (Reputación: Ala Abisal (Reverenciado)),no,Orden de las listas Wowhead/wowtbc (efectos de uso y probabilidad),https://www.wowhead.com/wotlk/es/item=34473
Guerrero,Protección,Abalorios 2,Darkmoon Card: Vengeance,31858,0.0,Mazo de la Luna Negra,Se crea al completar un mazo (cartas de inscripción/botín); se entrega en la Feria de la Luna Negra,,Fase 3,,no,,https://www.wowhead.com/wotlk/es/item=31858
Guerrero,Protección,Mano principal,Blazefury,28427,736.7,Profesión,Herrería,,Fase 1,Breeching Comet (Bancal del Magister (heroica): Kael'thas Sunstrider) · Blazeguard (Fabricado (Herrería)),no,,https://www.wowhead.com/wotlk/es/item=28427
Guerrero,Protección,Escudo,Dawnforged Defender,34676,1243.8,Reputación,Ofensiva Sol Devastado (Exaltado),,Isla de Quel'Danas (fase 5),"Azure-Shield of Coldarra (Insignias de Justicia (G'eras, Shattrath)) · Crest of the Sha'tar (Reputación: Los Sha'tar (Exaltado))",no,,https://www.wowhead.com/wotlk/es/item=34676
Guerrero,Protección,A distancia,Gyro-Balanced Khorium Destroyer,32756,107.4,Profesión,Ingeniería,,Fase 1,The Boomstick (Salas Sethekk (heroica): Anzu) · Crystalline Crossbow (Reputación: Ogri'la (Exaltado)),sí,,https://www.wowhead.com/wotlk/es/item=32756
Guerrero,DPS (Armas/Furia),Cabeza,Overlord's Helmet of Second Sight,31105,319.8,Misión,"Teron Gorefiend, I am... (Shadowmoon Valley)",,Fase 1,"Hope Bearer Helm (Criptas Auchenai: Shirrak the Dead Watcher) · Stealther's Helmet of Second Sight (Misión: Teron Gorefiend, I am... (Shadowmoon Valley))",sí,,https://www.wowhead.com/wotlk/es/item=31105
Guerrero,DPS (Armas/Furia),Cuello,Necklace of the Deep,32508,132.8,Profesión,Joyería,,Fase 1,"Choker of Vile Intent (Insignias de Justicia (G'eras, Shattrath)) · Necklace of Trophies (Botín de mundo ligado al equipar (se puede comprar en la subasta))",no,,https://www.wowhead.com/wotlk/es/item=32508
Guerrero,DPS (Armas/Furia),Hombros,Ragesteel Shoulders,33173,258.8,Profesión,Herrería,,Fase 1,Shoulderplates of Everlasting Pain (Bancal del Magister (heroica): Selin Fireheart) · Mantle of Perenolde (Antiguas Laderas de Trabalomas: Epoch Hunter),sí,,https://www.wowhead.com/wotlk/es/item=33173
Guerrero,DPS (Armas/Furia),Espalda,Cloak of Darkness,33122,160.0,Profesión,Peletería,,Fase 1,Vengeance Wrap (Fabricado (Sastrería)) · Cloak of the Inciter (Laberinto de las Sombras: Blackheart the Inciter),no,,https://www.wowhead.com/wotlk/es/item=33122
Guerrero,DPS (Armas/Furia),Pecho,Bulwark of Kings,28484,409.6,Profesión,Herrería,,Fase 1,Netherforce Chestplate (Bancal del Magister (heroica): Kael'thas Sunstrider) · Breastplate of Kings (Fabricado (Herrería)),no,,https://www.wowhead.com/wotlk/es/item=28484
Guerrero,DPS (Armas/Furia),Muñecas,Bracers of Slaughter,34789,148.6,Mazmorra,Bancal del Magister: Priestess Delrissa,,Bancal del Magister (fase 5),Bracers of the Forest Stalker (Bancal del Magister: Selin Fireheart) · Black Felsteel Bracers (Fabricado (Herrería)),no,,https://www.wowhead.com/wotlk/es/item=34789
Guerrero,DPS (Armas/Furia),Manos,Doomplate Gauntlets,27497,236.7,Mazmorra heroica,El Horno de Sangre (heroica): Keli'dan the Breaker,,Fase 1,Fel Leather Gloves (Fabricado (Peletería)) · Ironblade Gauntlets (El Horno de Sangre: The Maker),sí,,https://www.wowhead.com/wotlk/es/item=27497
Guerrero,DPS (Armas/Furia),Cintura,Deathforge Girdle,27985,208.9,Mazmorra,Salas Sethekk: Talon King Ikiss,,Fase 1,Girdle of Gallantry (La Sotiénaga (heroica): Ghaz'an) · Ebon Netherscale Belt (Fabricado (Peletería)),sí,,https://www.wowhead.com/wotlk/es/item=27985
Guerrero,DPS (Armas/Furia),Piernas,Vanquisher's Legplates,30533,313.7,Mazmorra heroica,El Mechanar (heroica): Pathaleon the Calculator,,Fase 1,Fel Leather Leggings (Fabricado (Peletería)) · Midnight Legguards (Recinto de los Esclavos (heroica): Quagmirran),no,,https://www.wowhead.com/wotlk/es/item=30533
Guerrero,DPS (Armas/Furia),Pies,Sunstrider Warboots,34807,238.0,Mazmorra,Bancal del Magister: Kael'thas Sunstrider,,Bancal del Magister (fase 5),Vortex Walking Boots (Reputación: Ogri'la (Exaltado)) · Fel Leather Boots (Fabricado (Peletería)),no,,https://www.wowhead.com/wotlk/es/item=34807
Guerrero,DPS (Armas/Furia),Anillos 1,Shaffar's Band of Brutality,31920,129.9,Mazmorra heroica,Tumbas de Maná (heroica): Yor <Void Hound of Shaffar>,,Fase 1,Ring of the Overseer (Botín: Shartuul) · A'dal's Command (Reputación: Los Sha'tar (Exaltado)),no,,https://www.wowhead.com/wotlk/es/item=31920
Guerrero,DPS (Armas/Furia),Anillos 2,Overseer's Signet,30365,120.3,Misión,Shutting Down Manaforge Ara (Netherstorm),,Fase 1,,no,,https://www.wowhead.com/wotlk/es/item=30365
Guerrero,DPS (Armas/Furia),Abalorios 1,Bloodlust Brooch,29383,0.0,Insignias,"Insignias de Justicia (G'eras, Shattrath)",,Fase 1,Abacus of Violent Odds (El Mechanar: Pathaleon the Calculator),sí,Orden de las listas Wowhead/wowtbc (efectos de uso y probabilidad),https://www.wowhead.com/wotlk/es/item=29383
Guerrero,DPS (Armas/Furia),Abalorios 2,Hourglass of the Unraveller,28034,0.0,Mazmorra,La Ciénaga Negra: Temporus,,Fase 1,,sí,,https://www.wowhead.com/wotlk/es/item=28034
Guerrero,DPS (Armas/Furia),Arma de dos manos,Bloodmoon,28436,1028.9,Profesión,Herrería,,Fase 1,Lionheart Executioner (Fabricado (Herrería)) · Stormherald (Fabricado (Herrería)),no,,https://www.wowhead.com/wotlk/es/item=28436
Guerrero,DPS (Armas/Furia),A distancia,Marksman's Bow,29152,71.3,Reputación,Thrallmar (Exaltado),Horda,Fase 1,Distracting Blades (Bancal del Magister (heroica): Selin Fireheart) · Felsteel Whisper Knives (Fabricado (Herrería)),sí,,https://www.wowhead.com/wotlk/es/item=29152
Brujo,Aflicción,Cabeza,Spellstrike Hood,24266,137.2,Profesión,Sastrería,,Fase 1,"Evoker's Helmet of Second Sight (Misión: Teron Gorefiend, I am... (Shadowmoon Valley)) · Whitemend Hood (Fabricado (Sastrería))",sí,,https://www.wowhead.com/wotlk/es/item=24266
Brujo,Aflicción,Cuello,Brooch of Heightened Potential,28134,42.9,Mazmorra,Laberinto de las Sombras: Blackheart the Inciter,,Fase 1,Necklace of the Deep (Fabricado (Joyería)) · Hydra-fang Necklace (La Sotiénaga (heroica): Ghaz'an),sí,,https://www.wowhead.com/wotlk/es/item=28134
Brujo,Aflicción,Hombros,Fel-tinged Mantle,34607,87.9,Mazmorra heroica,Bancal del Magister (heroica): Vexallus,,Bancal del Magister (fase 5),Frozen Shadoweave Shoulders (Fabricado (Sastrería)) · Duskhallow Mantle (Bancal del Magister: Priestess Delrissa),no,,https://www.wowhead.com/wotlk/es/item=34607
Brujo,Aflicción,Espalda,Cloak of the Betrayed,34792,59.9,Mazmorra,Bancal del Magister: Priestess Delrissa,,Bancal del Magister (fase 5),Sethekk Oracle Cloak (Salas Sethekk: Talon King Ikiss) · Cloak of Entropy (Botín de mundo ligado al equipar (se puede comprar en la subasta)),no,,https://www.wowhead.com/wotlk/es/item=34792
Brujo,Aflicción,Pecho,Scarlet Sin'dorei Robes,34610,131.4,Mazmorra heroica,Bancal del Magister (heroica): Kael'thas Sunstrider,,Bancal del Magister (fase 5),Auchenai Anchorite's Robe (Misión: Everything Will Be Alright (Auchenai Crypts)) · Primal Mooncloth Robe (Fabricado (Sastrería)),no,,https://www.wowhead.com/wotlk/es/item=34610
Brujo,Aflicción,Muñecas,Bindings of Raging Fire,34697,57.5,Mazmorra,Bancal del Magister: Selin Fireheart,,Bancal del Magister (fase 5),Bracers of Havok (Fabricado (Sastrería)) · Bracers of Divine Infusion (Bancal del Magister: Vexallus),no,,https://www.wowhead.com/wotlk/es/item=34697
Brujo,Aflicción,Manos,Gloves of Arcane Acuity,34808,97.4,Mazmorra,Bancal del Magister: Kael'thas Sunstrider,,Bancal del Magister (fase 5),Spellfire Gloves (Fabricado (Sastrería)) · Manaspark Gloves (La Sotiénaga: Hungarfen),no,,https://www.wowhead.com/wotlk/es/item=34808
Brujo,Aflicción,Cintura,Spellfire Belt,21846,91.8,Profesión,Sastrería,,Fase 1,Girdle of Ruination (Fabricado (Sastrería)) · Primal Mooncloth Belt (Fabricado (Sastrería)),no,,https://www.wowhead.com/wotlk/es/item=21846
Brujo,Aflicción,Piernas,Spellstrike Pants,24262,144.7,Profesión,Sastrería,,Fase 1,Pontifex Kilt (La Cámara de Vapor (heroica): Warlord Kalithresh) · Kirin Tor Master's Trousers (Laberinto de las Sombras (heroica): Murmur),sí,,https://www.wowhead.com/wotlk/es/item=24262
Brujo,Aflicción,Pies,Frozen Shadoweave Boots,21870,86.8,Profesión,Sastrería,,Fase 1,Sigil-Laced Boots (El Arcatraz: Harbinger Skyriss) · Shattrath Jumpers (Misión: Into the Heart of the Labyrinth (Auchindoun)),sí,,https://www.wowhead.com/wotlk/es/item=21870
Brujo,Aflicción,Anillos 1,Kharmaa's Ring of Fate,34625,59.1,Mazmorra,Bancal del Magister: Kael'thas Sunstrider,,Bancal del Magister (fase 5),Sparking Arcanite Ring (Antiguas Laderas de Trabalomas (heroica): Epoch Hunter) · Corruptor's Signet (Botín: Shartuul),no,,https://www.wowhead.com/wotlk/es/item=34625
Brujo,Aflicción,Anillos 2,Ashyen's Gift,29172,48.5,Reputación,Expedición Cenarion (Exaltado),,Fase 1,,sí,,https://www.wowhead.com/wotlk/es/item=29172
Brujo,Aflicción,Abalorios 1,Darkmoon Card: Crusade,31856,0.0,Mazo de la Luna Negra,Se crea al completar un mazo (cartas de inscripción/botín); se entrega en la Feria de la Luna Negra,,Fase 3,Quagmirran's Eye (Recinto de los Esclavos (heroica): Quagmirran) · Scryer's Bloodgem (Reputación: Los Arúspices (Reverenciado)),no,Orden de las listas Wowhead/wowtbc (efectos de uso y probabilidad),https://www.wowhead.com/wotlk/es/item=31856
Brujo,Aflicción,Abalorios 2,Icon of the Silver Crescent,29370,0.0,Insignias,"Insignias de Justicia (G'eras, Shattrath)",,Fase 1,,sí,,https://www.wowhead.com/wotlk/es/item=29370
Brujo,Aflicción,Arma de dos manos,Rod of the Blazing Light,34608,270.3,Mazmorra heroica,Bancal del Magister (heroica): Vexallus,,Bancal del Magister (fase 5),Sun-infused Focus Staff (Bancal del Magister: Kael'thas Sunstrider) · Terokk's Shadowstaff (Salas Sethekk (heroica): Talon King Ikiss),no,,https://www.wowhead.com/wotlk/es/item=34608
Brujo,Aflicción,Varita,The Black Stalk,29350,25.9,Mazmorra heroica,La Sotiénaga (heroica): The Black Stalker,,Fase 1,Nether Core's Control Rod (El Arcatraz: Dalliah the Doomsayer) · Wand of the Seer (Misión: Turning Point (Netherstorm)),sí,,https://www.wowhead.com/wotlk/es/item=29350
Brujo,Demonología,Cabeza,Spellstrike Hood,24266,137.2,Profesión,Sastrería,,Fase 1,"Evoker's Helmet of Second Sight (Misión: Teron Gorefiend, I am... (Shadowmoon Valley)) · Whitemend Hood (Fabricado (Sastrería))",sí,,https://www.wowhead.com/wotlk/es/item=24266
Brujo,Demonología,Cuello,Brooch of Heightened Potential,28134,42.9,Mazmorra,Laberinto de las Sombras: Blackheart the Inciter,,Fase 1,Necklace of the Deep (Fabricado (Joyería)) · Hydra-fang Necklace (La Sotiénaga (heroica): Ghaz'an),sí,,https://www.wowhead.com/wotlk/es/item=28134
Brujo,Demonología,Hombros,Fel-tinged Mantle,34607,87.9,Mazmorra heroica,Bancal del Magister (heroica): Vexallus,,Bancal del Magister (fase 5),Frozen Shadoweave Shoulders (Fabricado (Sastrería)) · Duskhallow Mantle (Bancal del Magister: Priestess Delrissa),no,,https://www.wowhead.com/wotlk/es/item=34607
Brujo,Demonología,Espalda,Cloak of the Betrayed,34792,59.9,Mazmorra,Bancal del Magister: Priestess Delrissa,,Bancal del Magister (fase 5),Sethekk Oracle Cloak (Salas Sethekk: Talon King Ikiss) · Cloak of Entropy (Botín de mundo ligado al equipar (se puede comprar en la subasta)),no,,https://www.wowhead.com/wotlk/es/item=34792
Brujo,Demonología,Pecho,Scarlet Sin'dorei Robes,34610,131.4,Mazmorra heroica,Bancal del Magister (heroica): Kael'thas Sunstrider,,Bancal del Magister (fase 5),Auchenai Anchorite's Robe (Misión: Everything Will Be Alright (Auchenai Crypts)) · Primal Mooncloth Robe (Fabricado (Sastrería)),no,,https://www.wowhead.com/wotlk/es/item=34610
Brujo,Demonología,Muñecas,Bindings of Raging Fire,34697,57.5,Mazmorra,Bancal del Magister: Selin Fireheart,,Bancal del Magister (fase 5),Bracers of Havok (Fabricado (Sastrería)) · Bracers of Divine Infusion (Bancal del Magister: Vexallus),no,,https://www.wowhead.com/wotlk/es/item=34697
Brujo,Demonología,Manos,Gloves of Arcane Acuity,34808,97.4,Mazmorra,Bancal del Magister: Kael'thas Sunstrider,,Bancal del Magister (fase 5),Spellfire Gloves (Fabricado (Sastrería)) · Manaspark Gloves (La Sotiénaga: Hungarfen),no,,https://www.wowhead.com/wotlk/es/item=34808
Brujo,Demonología,Cintura,Spellfire Belt,21846,91.8,Profesión,Sastrería,,Fase 1,Girdle of Ruination (Fabricado (Sastrería)) · Primal Mooncloth Belt (Fabricado (Sastrería)),no,,https://www.wowhead.com/wotlk/es/item=21846
Brujo,Demonología,Piernas,Spellstrike Pants,24262,144.7,Profesión,Sastrería,,Fase 1,Pontifex Kilt (La Cámara de Vapor (heroica): Warlord Kalithresh) · Kirin Tor Master's Trousers (Laberinto de las Sombras (heroica): Murmur),sí,,https://www.wowhead.com/wotlk/es/item=24262
Brujo,Demonología,Pies,Frozen Shadoweave Boots,21870,86.8,Profesión,Sastrería,,Fase 1,Sigil-Laced Boots (El Arcatraz: Harbinger Skyriss) · Shattrath Jumpers (Misión: Into the Heart of the Labyrinth (Auchindoun)),sí,,https://www.wowhead.com/wotlk/es/item=21870
Brujo,Demonología,Anillos 1,Kharmaa's Ring of Fate,34625,59.1,Mazmorra,Bancal del Magister: Kael'thas Sunstrider,,Bancal del Magister (fase 5),Sparking Arcanite Ring (Antiguas Laderas de Trabalomas (heroica): Epoch Hunter) · Corruptor's Signet (Botín: Shartuul),no,,https://www.wowhead.com/wotlk/es/item=34625
Brujo,Demonología,Anillos 2,Ashyen's Gift,29172,48.5,Reputación,Expedición Cenarion (Exaltado),,Fase 1,,sí,,https://www.wowhead.com/wotlk/es/item=29172
Brujo,Demonología,Abalorios 1,Quagmirran's Eye,27683,0.0,Mazmorra heroica,Recinto de los Esclavos (heroica): Quagmirran,,Fase 1,Darkmoon Card: Crusade (Mazo de la Luna Negra: Se crea al completar un mazo (cartas de inscripción/botín); se entrega en la Feria de la Luna Negra) · Scryer's Bloodgem (Reputación: Los Arúspices (Reverenciado)),sí,Orden de las listas Wowhead/wowtbc (efectos de uso y probabilidad),https://www.wowhead.com/wotlk/es/item=27683
Brujo,Demonología,Abalorios 2,Icon of the Silver Crescent,29370,0.0,Insignias,"Insignias de Justicia (G'eras, Shattrath)",,Fase 1,,sí,,https://www.wowhead.com/wotlk/es/item=29370
Brujo,Demonología,Arma de dos manos,Rod of the Blazing Light,34608,270.3,Mazmorra heroica,Bancal del Magister (heroica): Vexallus,,Bancal del Magister (fase 5),Sun-infused Focus Staff (Bancal del Magister: Kael'thas Sunstrider) · Terokk's Shadowstaff (Salas Sethekk (heroica): Talon King Ikiss),no,,https://www.wowhead.com/wotlk/es/item=34608
Brujo,Demonología,Varita,The Black Stalk,29350,25.9,Mazmorra heroica,La Sotiénaga (heroica): The Black Stalker,,Fase 1,Nether Core's Control Rod (El Arcatraz: Dalliah the Doomsayer) · Wand of the Seer (Misión: Turning Point (Netherstorm)),sí,,https://www.wowhead.com/wotlk/es/item=29350
Brujo,Destrucción,Cabeza,Spellstrike Hood,24266,137.2,Profesión,Sastrería,,Fase 1,"Evoker's Helmet of Second Sight (Misión: Teron Gorefiend, I am... (Shadowmoon Valley)) · Whitemend Hood (Fabricado (Sastrería))",sí,,https://www.wowhead.com/wotlk/es/item=24266
Brujo,Destrucción,Cuello,Brooch of Heightened Potential,28134,42.9,Mazmorra,Laberinto de las Sombras: Blackheart the Inciter,,Fase 1,Necklace of the Deep (Fabricado (Joyería)) · Hydra-fang Necklace (La Sotiénaga (heroica): Ghaz'an),sí,,https://www.wowhead.com/wotlk/es/item=28134
Brujo,Destrucción,Hombros,Fel-tinged Mantle,34607,87.9,Mazmorra heroica,Bancal del Magister (heroica): Vexallus,,Bancal del Magister (fase 5),Frozen Shadoweave Shoulders (Fabricado (Sastrería)) · Duskhallow Mantle (Bancal del Magister: Priestess Delrissa),no,,https://www.wowhead.com/wotlk/es/item=34607
Brujo,Destrucción,Espalda,Cloak of the Betrayed,34792,59.9,Mazmorra,Bancal del Magister: Priestess Delrissa,,Bancal del Magister (fase 5),Sethekk Oracle Cloak (Salas Sethekk: Talon King Ikiss) · Cloak of Entropy (Botín de mundo ligado al equipar (se puede comprar en la subasta)),no,,https://www.wowhead.com/wotlk/es/item=34792
Brujo,Destrucción,Pecho,Scarlet Sin'dorei Robes,34610,131.4,Mazmorra heroica,Bancal del Magister (heroica): Kael'thas Sunstrider,,Bancal del Magister (fase 5),Auchenai Anchorite's Robe (Misión: Everything Will Be Alright (Auchenai Crypts)) · Primal Mooncloth Robe (Fabricado (Sastrería)),no,,https://www.wowhead.com/wotlk/es/item=34610
Brujo,Destrucción,Muñecas,Bindings of Raging Fire,34697,57.5,Mazmorra,Bancal del Magister: Selin Fireheart,,Bancal del Magister (fase 5),Bracers of Havok (Fabricado (Sastrería)) · Bracers of Divine Infusion (Bancal del Magister: Vexallus),no,,https://www.wowhead.com/wotlk/es/item=34697
Brujo,Destrucción,Manos,Gloves of Arcane Acuity,34808,97.4,Mazmorra,Bancal del Magister: Kael'thas Sunstrider,,Bancal del Magister (fase 5),Spellfire Gloves (Fabricado (Sastrería)) · Manaspark Gloves (La Sotiénaga: Hungarfen),no,,https://www.wowhead.com/wotlk/es/item=34808
Brujo,Destrucción,Cintura,Spellfire Belt,21846,91.8,Profesión,Sastrería,,Fase 1,Girdle of Ruination (Fabricado (Sastrería)) · Primal Mooncloth Belt (Fabricado (Sastrería)),sí,,https://www.wowhead.com/wotlk/es/item=21846
Brujo,Destrucción,Piernas,Spellstrike Pants,24262,144.7,Profesión,Sastrería,,Fase 1,Pontifex Kilt (La Cámara de Vapor (heroica): Warlord Kalithresh) · Kirin Tor Master's Trousers (Laberinto de las Sombras (heroica): Murmur),sí,,https://www.wowhead.com/wotlk/es/item=24262
Brujo,Destrucción,Pies,Frozen Shadoweave Boots,21870,86.8,Profesión,Sastrería,,Fase 1,Sigil-Laced Boots (El Arcatraz: Harbinger Skyriss) · Shattrath Jumpers (Misión: Into the Heart of the Labyrinth (Auchindoun)),sí,,https://www.wowhead.com/wotlk/es/item=21870
Brujo,Destrucción,Anillos 1,Kharmaa's Ring of Fate,34625,59.1,Mazmorra,Bancal del Magister: Kael'thas Sunstrider,,Bancal del Magister (fase 5),Sparking Arcanite Ring (Antiguas Laderas de Trabalomas (heroica): Epoch Hunter) · Corruptor's Signet (Botín: Shartuul),no,,https://www.wowhead.com/wotlk/es/item=34625
Brujo,Destrucción,Anillos 2,Ashyen's Gift,29172,48.5,Reputación,Expedición Cenarion (Exaltado),,Fase 1,,sí,,https://www.wowhead.com/wotlk/es/item=29172
Brujo,Destrucción,Abalorios 1,Darkmoon Card: Crusade,31856,0.0,Mazo de la Luna Negra,Se crea al completar un mazo (cartas de inscripción/botín); se entrega en la Feria de la Luna Negra,,Fase 3,Quagmirran's Eye (Recinto de los Esclavos (heroica): Quagmirran) · Scryer's Bloodgem (Reputación: Los Arúspices (Reverenciado)),no,Orden de las listas Wowhead/wowtbc (efectos de uso y probabilidad),https://www.wowhead.com/wotlk/es/item=31856
Brujo,Destrucción,Abalorios 2,Icon of the Silver Crescent,29370,0.0,Insignias,"Insignias de Justicia (G'eras, Shattrath)",,Fase 1,,sí,,https://www.wowhead.com/wotlk/es/item=29370
Brujo,Destrucción,Arma de dos manos,Rod of the Blazing Light,34608,270.3,Mazmorra heroica,Bancal del Magister (heroica): Vexallus,,Bancal del Magister (fase 5),Sun-infused Focus Staff (Bancal del Magister: Kael'thas Sunstrider) · Terokk's Shadowstaff (Salas Sethekk (heroica): Talon King Ikiss),no,,https://www.wowhead.com/wotlk/es/item=34608
Brujo,Destrucción,Varita,The Black Stalk,29350,25.9,Mazmorra heroica,La Sotiénaga (heroica): The Black Stalker,,Fase 1,Nether Core's Control Rod (El Arcatraz: Dalliah the Doomsayer) · Wand of the Seer (Misión: Turning Point (Netherstorm)),sí,,https://www.wowhead.com/wotlk/es/item=29350
