clase,especializacion,ranura,objeto,item_id,tipo_fuente,fuente,alternativas,aviso,mejor_de_la_lista_si_no_es_obtenible,wowhead
Druida,Equilibrio,Cabeza,Spellstrike Hood,24266,Profesión,Sastrería,"Druidic Helmet of Second Sight (Misión: Teron Gorefiend, I am... (Shadowmoon Valley)) · Mag'hari Ritualist's Horns (Misión: Hero of the Mag'har (Nagrand))",,Magnified Moon Specs (Receta disponible desde la fase 2),https://www.wowhead.com/tbc/es/item=24266
Druida,Equilibrio,Hombros,Mana-Etched Spaulders,27796,Mazmorra heroica,Recinto de los Esclavos (heroica): Quagmirran,Spaulders of Oblivion (Laberinto de las Sombras: Murmur) · Spaulders of the Torn-heart (Misión: The Cipher of Damnation - The Third Fragment Recovered (Shadowmoon Valley)),,,https://www.wowhead.com/tbc/es/item=27796
Druida,Equilibrio,Espalda,Sethekk Oracle Cloak,27981,Mazmorra,Salas Sethekk: Talon King Ikiss,"Shawl of Shifting Probabilities (Insignias de Justicia (G'eras, Shattrath)) · Cloak of Entropy (Botín de mundo ligado al equipar (se puede comprar en la subasta))",,,https://www.wowhead.com/tbc/es/item=27981
Druida,Equilibrio,Pecho,Spellfire Robe,21848,Profesión,Sastrería,Windhawk Hauberk (Profesión: Peletería) · Robe of the Crimson Order (Botín: Cofre (objeto del mundo)),,,https://www.wowhead.com/tbc/es/item=21848
Druida,Equilibrio,Muñecas,Windhawk Bracers,29523,Profesión,Peletería,Bracers of Havok (Profesión: Sastrería) · Crimson Bracers of Gloom (Murallas del Fuego Infernal (heroica): Omor the Unscarred),,,https://www.wowhead.com/tbc/es/item=29523
Druida,Equilibrio,Manos,Spellfire Gloves,21847,Profesión,Sastrería,Gloves of the Deadwatcher (Criptas Auchenai (heroica): Shirrak the Dead Watcher) · Gloves of Oblivion (Las Salas Arrasadas: Warchief Kargath Bladefist),,,https://www.wowhead.com/tbc/es/item=21847
Druida,Equilibrio,Cintura,Spellfire Belt,21846,Profesión,Sastrería,Girdle of Ruination (Profesión: Sastrería) · Windhawk Belt (Profesión: Peletería),,Belt of Blasting (Receta disponible desde la fase 2),https://www.wowhead.com/tbc/es/item=21846
Druida,Equilibrio,Piernas,Spellstrike Pants,24262,Profesión,Sastrería,Tempest Leggings (Reputación: Los Mag'har (Reverenciado)) · Breeches of the Occultist (La Ciénaga Negra (heroica): Aeonus),,,https://www.wowhead.com/tbc/es/item=24262
Druida,Equilibrio,Pies,Extravagant Boots of Malice,27821,Mazmorra heroica,Tumbas de Maná (heroica): Tavarok,Sigil-Laced Boots (El Arcatraz: Harbinger Skyriss) · Shattrath Jumpers (Misión: Into the Heart of the Labyrinth (Auchindoun)),,,https://www.wowhead.com/tbc/es/item=27821
Druida,Equilibrio,Cuello,Brooch of Heightened Potential,28134,Mazmorra,Laberinto de las Sombras: Blackheart the Inciter,Eye of the Night (Profesión: Joyería) · Hydra-fang Necklace (La Sotiénaga (heroica): Ghaz'an),,,https://www.wowhead.com/tbc/es/item=28134
Druida,Equilibrio,Anillos 1,Ashyen's Gift,29172,Reputación,Expedición Cenarion (Exaltado),Seal of the Exorcist (JcJ: JcJ de mundo: Terokkar (Fichas de Espíritu)) · Cobalt Band of Tyrigosa (Tumbas de Maná (heroica): Nexus-Prince Shaffar),,,https://www.wowhead.com/tbc/es/item=29172
Druida,Equilibrio,Anillos 2,Sparking Arcanite Ring,28227,Mazmorra heroica,Antiguas Laderas de Trabalomas (heroica): Epoch Hunter,,,,https://www.wowhead.com/tbc/es/item=28227
Druida,Equilibrio,Abalorios 1,Icon of the Silver Crescent,29370,Insignias,"Insignias de Justicia (G'eras, Shattrath)",Scryer's Bloodgem (Reputación: Los Arúspices (Reverenciado)),,,https://www.wowhead.com/tbc/es/item=29370
Druida,Equilibrio,Abalorios 2,Quagmirran's Eye,27683,Mazmorra heroica,Recinto de los Esclavos (heroica): Quagmirran,,,,https://www.wowhead.com/tbc/es/item=27683
Druida,Equilibrio,Arma de una mano,Eternium Runed Blade,23554,Profesión,Herrería,Gavel of Unearthed Secrets (Reputación: Bajo Arrabal (Exaltado)) · Gladiator's Spellblade (JcJ: Arena temporada 1 (Gladiador): puntos de arena y honor),,Merciless Gladiator's Gavel (Arena temporada 2: fase 2 en adelante),https://www.wowhead.com/tbc/es/item=23554
Druida,Equilibrio,Arma de dos manos,Gladiator's War Staff,24557,JcJ,Arena temporada 1 (Gladiador): puntos de arena y honor,Terokk's Shadowstaff (Salas Sethekk (heroica): Talon King Ikiss) · Grand Scepter of the Nexus-Kings (Tumbas de Maná (heroica): Nexus-Prince Shaffar),,Merciless Gladiator's War Staff (Arena temporada 2: fase 2 en adelante),https://www.wowhead.com/tbc/es/item=24557
Druida,Equilibrio,Mano izquierda,Talisman of Kalecgos,29271,Insignias,"Insignias de Justicia (G'eras, Shattrath)","Khadgar's Knapsack (Insignias de Justicia (G'eras, Shattrath)) · Lamp of Peaceful Radiance (El Arcatraz: Harbinger Skyriss)",,,https://www.wowhead.com/tbc/es/item=29271
Druida,Equilibrio,Ídolo,Ivory Idol of the Moongoddess,27518,Mazmorra,Las Salas Arrasadas: Grand Warlock Nethekurse,Idol of the Avenger (Misión: News of Victory (Shadowmoon Valley)),,,https://www.wowhead.com/tbc/es/item=27518
Druida,Feral (tanque),Cabeza,Cobrascale Hood,29502,Profesión,Peletería,Helm of the Claw (Misión: The Warlord's Hideout (The Steamvault)) · Gladiator's Dragonhide Helm (JcJ: Arena temporada 1 (Gladiador): puntos de arena y honor),,,https://www.wowhead.com/tbc/es/item=29502
Druida,Feral (tanque),Hombros,Dragonhide Spaulders,35359,Vendedor,Almaador (Shattrath City),Mantle of Perenolde (Antiguas Laderas de Trabalomas: Epoch Hunter) · Shoulderpads of Assassination (Salas Sethekk: Talon King Ikiss),,,https://www.wowhead.com/tbc/es/item=35359
Druida,Feral (tanque),Espalda,Thoriumweave Cloak,28256,Mazmorra,El Mechanar: Mechano-Lord Capacitus,Resolute Cape (Profesión: Sastrería) · Sergeant's Heavy Cloak (JcJ: Honor),,,https://www.wowhead.com/tbc/es/item=28256
Druida,Feral (tanque),Pecho,Heavy Clefthoof Vest,25689,Profesión,Peletería,Tunic of Assassination (El Mechanar: Pathaleon the Calculator) · Gladiator's Dragonhide Tunic (JcJ: Arena temporada 1 (Gladiador): puntos de arena y honor),,,https://www.wowhead.com/tbc/es/item=25689
Druida,Feral (tanque),Muñecas,Umberhowl's Collar,30944,Misión,The Cipher of Damnation - The Third Fragment Recovered (Shadowmoon Valley),Marshal's Dragonhide Bracers (JcJ: Honor (vendedor de JcJ)) · Marshal's Leather Bracers (JcJ: Honor (vendedor de JcJ)),,,https://www.wowhead.com/tbc/es/item=30944
Druida,Feral (tanque),Manos,Verdant Gloves,30943,Misión,Akama's Promise (Shadowmoon Valley) / OLD Akama's Promise (Shadowmoon Valley),Flesh Handler's Gauntlets (Misión: The Flesh Lies... (Netherstorm)) · Gladiator's Dragonhide Gloves (JcJ: Arena temporada 1 (Gladiador): puntos de arena y honor),,,https://www.wowhead.com/tbc/es/item=30943
Druida,Feral (tanque),Cintura,Manimal's Cinch,30942,Misión,Enraged Spirits of Air (Shadowmoon Valley),Tree-Mender's Belt (Murallas del Fuego Infernal (heroica): Nazan & Vazruden) · Girdle of the Deathdealer (La Ciénaga Negra (heroica): Aeonus),,,https://www.wowhead.com/tbc/es/item=30942
Druida,Feral (tanque),Piernas,Heavy Clefthoof Leggings,25690,Profesión,Peletería,Clefthoof Hide Leggings (Misión: Showdown (Blade's Edge Mountains)) · Midnight Legguards (Recinto de los Esclavos (heroica): Quagmirran),,,https://www.wowhead.com/tbc/es/item=25690
Druida,Feral (tanque),Pies,Heavy Clefthoof Boots,25691,Profesión,Peletería,Boots of the Shifting Sands (El Invernáculo: Laj) · Barkchip Boots (La Sotiénaga (heroica): The Black Stalker),,,https://www.wowhead.com/tbc/es/item=25691
Druida,Feral (tanque),Cuello,Chain of Glowing Tendrils,29815,Misión,Hitting the Motherlode (Netherstorm),"Insignia of the Mag'hari Hero (Misión: Hero of the Mag'har (Nagrand)) · Choker of Vile Intent (Insignias de Justicia (G'eras, Shattrath))",,,https://www.wowhead.com/tbc/es/item=29815
Druida,Feral (tanque),Anillos 1,Iron Band of the Unbreakable,27436,Mazmorra,Antiguas Laderas de Trabalomas: Lieutenant Drake,Mok'Nathal Clan Ring (Murallas del Fuego Infernal: Nazan & Vazruden) · Shapeshifter's Signet (Reputación: Bajo Arrabal (Exaltado)),,The 2 Ring (Disponible desde la fase 5),https://www.wowhead.com/tbc/es/item=27436
Druida,Feral (tanque),Anillos 2,Ravenclaw Band,27925,Mazmorra,Salas Sethekk: Talon King Ikiss,,,,https://www.wowhead.com/tbc/es/item=27925
Druida,Feral (tanque),Abalorios 1,Icon of Unyielding Courage,28121,Mazmorra heroica,El Horno de Sangre (heroica): Keli'dan the Breaker,Goblin Rocket Launcher (Profesión: Ingeniería) · Gnomish Poultryizer (Profesión: Ingeniería),,Mark of the Champion (Contenido de nivel 60 (antes de TBC)),https://www.wowhead.com/tbc/es/item=28121
Druida,Feral (tanque),Abalorios 2,Bloodlust Brooch,29383,Insignias,"Insignias de Justicia (G'eras, Shattrath)",,,,https://www.wowhead.com/tbc/es/item=29383
Druida,Feral (tanque),Arma,Earthwarden,29171,Reputación,Expedición Cenarion (Exaltado),Gladiator's Maul (JcJ: Arena temporada 1 (Gladiador): puntos de arena y honor) · Feral Staff of Lashing (El Invernáculo (heroica): Warp Splinter),,,https://www.wowhead.com/tbc/es/item=29171
Druida,Feral (tanque),Ídolo,Idol of the Wild,28064,Misión,Colossal Menace (Hellfire Peninsula),Idol of Ursoc (La Sotiénaga (heroica): Hungarfen) · Gladiator's Idol of Resolve (JcJ: Arena temporada 1 (Gladiador): puntos de arena y honor),,Idol of the Raven Goddess (Disponible desde la fase 2),https://www.wowhead.com/tbc/es/item=28064
Druida,Feral (DPS),Cabeza,Wolfshead Helm,8345,Profesión,Peletería,,,,https://www.wowhead.com/tbc/es/item=8345
Druida,Feral (DPS),Hombros,Expedition Scout's Epaulets,25790,Misión,Fel Embers (Hellfire Citadel),Mantle of Perenolde (Antiguas Laderas de Trabalomas: Epoch Hunter) · Shoulderpads of Assassination (Salas Sethekk: Talon King Ikiss),,,https://www.wowhead.com/tbc/es/item=25790
Druida,Feral (DPS),Espalda,Cloak of the Craft,31255,Botín de mundo,Botín de mundo ligado al equipar (se puede comprar en la subasta),Auchenai Death Shroud (Criptas Auchenai (heroica): Avatar of the Martyred) · Vengeance Wrap (Profesión: Sastrería),,,https://www.wowhead.com/tbc/es/item=31255
Druida,Feral (DPS),Pecho,Tunic of Assassination,28204,Mazmorra,El Mechanar: Pathaleon the Calculator,Primalstrike Vest (Profesión: Peletería) · Vest of Vengeance (El Horno de Sangre: Keli'dan the Breaker),,,https://www.wowhead.com/tbc/es/item=28204
Druida,Feral (DPS),Muñecas,Spymistress's Wristguards,28171,Misión,The Soul Devices (Auchindoun),Nightfall Wristguards (Antiguas Laderas de Trabalomas (heroica): Epoch Hunter),,Shard-bound Bracers (Disponible desde la fase 2),https://www.wowhead.com/tbc/es/item=28171
Druida,Feral (DPS),Manos,Gloves of the Unbound,28396,Mazmorra,El Arcatraz: Wrath-Scryer Soccothrates,Windslayer Wraps (Profesión: Peletería) · Fel Leather Gloves (Profesión: Peletería),,,https://www.wowhead.com/tbc/es/item=28396
Druida,Feral (DPS),Cintura,Socrethar's Girdle,30372,Misión,Turning Point (Netherstorm),Naaru Belt of Precision (Misión: How to Break Into the Arcatraz (Tempest Keep)) · Girdle of the Deathdealer (La Ciénaga Negra (heroica): Aeonus),,,https://www.wowhead.com/tbc/es/item=30372
Druida,Feral (DPS),Piernas,Clefthoof Hide Leggings,31544,Misión,Showdown (Blade's Edge Mountains),Wastewalker Leggings (Tumbas de Maná (heroica): Nexus-Prince Shaffar) · Fel Leather Leggings (Profesión: Peletería),,,https://www.wowhead.com/tbc/es/item=31544
Druida,Feral (DPS),Pies,Fel Leather Boots,25686,Profesión,Peletería,The Master's Treads (Botín de mundo ligado al equipar (se puede comprar en la subasta)) · Shadowstep Striders (El Arcatraz (heroica): Harbinger Skyriss),,,https://www.wowhead.com/tbc/es/item=25686
Druida,Feral (DPS),Cuello,Braided Eternium Chain,24114,Profesión,Joyería,"Necklace of Trophies (Botín de mundo ligado al equipar (se puede comprar en la subasta)) · Choker of Vile Intent (Insignias de Justicia (G'eras, Shattrath))",,,https://www.wowhead.com/tbc/es/item=24114
Druida,Feral (DPS),Anillos 1,Overseer's Signet,30365,Misión,Shutting Down Manaforge Ara (Netherstorm),Shaffar's Band of Brutality (Tumbas de Maná (heroica): Yor <Void Hound of Shaffar>) · Ravenclaw Band (Salas Sethekk: Talon King Ikiss),,,https://www.wowhead.com/tbc/es/item=30365
Druida,Feral (DPS),Anillos 2,Shapeshifter's Signet,30834,Reputación,Bajo Arrabal (Exaltado),,,,https://www.wowhead.com/tbc/es/item=30834
Druida,Feral (DPS),Abalorios 1,Bloodlust Brooch,29383,Insignias,"Insignias de Justicia (G'eras, Shattrath)",Icon of Unyielding Courage (El Horno de Sangre (heroica): Keli'dan the Breaker),,Mark of the Champion (Contenido de nivel 60 (antes de TBC)),https://www.wowhead.com/tbc/es/item=29383
Druida,Feral (DPS),Abalorios 2,Hourglass of the Unraveller,28034,Mazmorra,La Ciénaga Negra: Temporus,,,,https://www.wowhead.com/tbc/es/item=28034
Druida,Feral (DPS),Arma,Staff of Natural Fury,31334,Otro,Botín de mundo (épico aleatorio),Gladiator's Maul (JcJ: Arena temporada 1 (Gladiador): puntos de arena y honor) · Feral Staff of Lashing (El Invernáculo (heroica): Warp Splinter),,,https://www.wowhead.com/tbc/es/item=31334
Druida,Feral (DPS),Ídolo,Idol of Feral Shadows,28372,Mazmorra,El Arcatraz: Zereketh the Unbound,"Everbloom Idol (Insignias de Justicia (G'eras, Shattrath)) · Idol of the Wild (Misión: Colossal Menace (Hellfire Peninsula))",,,https://www.wowhead.com/tbc/es/item=28372
Druida,Restauración,Cabeza,Whitemend Hood,24264,Profesión,Sastrería,"Gladiator's Kodohide Helm (JcJ: Arena temporada 1 (Gladiador): puntos de arena y honor) · Cowl of Naaru Blessings (Insignias de Justicia (G'eras, Shattrath))",,Wonderheal XT40 Shades (Receta disponible desde la fase 2),https://www.wowhead.com/tbc/es/item=24264
Druida,Restauración,Hombros,Primal Mooncloth Shoulders,21874,Profesión,Sastrería,Hallowed Pauldrons (Laberinto de las Sombras: Grandmaster Vorpil) · Gladiator's Kodohide Spaulders (JcJ: Arena temporada 1 (Gladiador): puntos de arena y honor),,,https://www.wowhead.com/tbc/es/item=21874
Druida,Restauración,Espalda,Lifegiving Cloak,31329,Otro,Botín de mundo (épico aleatorio),Avian Cloak of Feathers (Salas Sethekk: Talon King Ikiss) · Light-Touched Stole of Altruism (Criptas Auchenai (heroica): Exarch Maladaar),,,https://www.wowhead.com/tbc/es/item=31329
Druida,Restauración,Pecho,Primal Mooncloth Robe,21875,Profesión,Sastrería,Windhawk Hauberk (Profesión: Peletería) · Gladiator's Kodohide Tunic (JcJ: Arena temporada 1 (Gladiador): puntos de arena y honor),,,https://www.wowhead.com/tbc/es/item=21875
Druida,Restauración,Muñecas,Bindings of the Timewalker,29183,Reputación,Vigilantes del Tiempo (Exaltado),Windhawk Bracers (Profesión: Peletería) · Bands of the Benevolent (Salas Sethekk (heroica): Talon King Ikiss),,,https://www.wowhead.com/tbc/es/item=29183
Druida,Restauración,Manos,Gloves of the Living Touch,29506,Profesión,Peletería,Gladiator's Kodohide Gloves (JcJ: Arena temporada 1 (Gladiador): puntos de arena y honor) · Bloody Surgeon's Mitts (El Horno de Sangre: Broggok),,,https://www.wowhead.com/tbc/es/item=29506
Druida,Restauración,Cintura,Primal Mooncloth Belt,21873,Profesión,Sastrería,Windhawk Belt (Profesión: Peletería) · Cord of Sanctification (Antiguas Laderas de Trabalomas (heroica): Epoch Hunter),,Belt of the Long Road (Receta disponible desde la fase 2),https://www.wowhead.com/tbc/es/item=21873
Druida,Restauración,Piernas,Whitemend Pants,24261,Profesión,Sastrería,Pontifex Kilt (La Cámara de Vapor (heroica): Warlord Kalithresh) · Kamaei's Cerulean Skirt (Otro: Botín de mundo (épico aleatorio)),,,https://www.wowhead.com/tbc/es/item=24261
Druida,Restauración,Pies,Slippers of Serenity,27411,Mazmorra,Criptas Auchenai: Exarch Maladaar,Boots of the Pious (El Mechanar (heroica): Pathaleon the Calculator) · Curate's Boots (Misión: Fel Embers (Hellfire Citadel)),,Boots of the Long Road (Receta disponible desde la fase 2),https://www.wowhead.com/tbc/es/item=27411
Druida,Restauración,Cuello,Karja's Medallion,30377,Misión,Shutting Down Manaforge Ara (Netherstorm),"Natasha's Guardian Cord (Misión: The Hound-Master (Blade's Edge Mountains)) · Necklace of Eternal Hope (Insignias de Justicia (G'eras, Shattrath))",,,https://www.wowhead.com/tbc/es/item=30377
Druida,Restauración,Anillos 1,Ring of Fabled Hope,27780,Mazmorra heroica,La Sotiénaga (heroica): The Black Stalker,"Spiritualist's Mark of the Sha'tar (Misión: Battle of the Crimson Watch (Shadowmoon Valley)) · Band of Halos (Insignias de Justicia (G'eras, Shattrath))",,,https://www.wowhead.com/tbc/es/item=27780
Druida,Restauración,Anillos 2,Ancestral Band,29168,Reputación,Thrallmar (Reverenciado),,,,https://www.wowhead.com/tbc/es/item=29168
Druida,Restauración,Abalorios 1,Essence of the Martyr,29376,Insignias,"Insignias de Justicia (G'eras, Shattrath)",Lower City Prayerbook (Reputación: Bajo Arrabal (Reverenciado)),,,https://www.wowhead.com/tbc/es/item=29376
Druida,Restauración,Abalorios 2,Oshu'gun Relic,25634,Misión,Gava'xi (Nagrand),,,,https://www.wowhead.com/tbc/es/item=25634
Druida,Restauración,Arma de una mano,Gladiator's Salvation,32451,JcJ,Arena temporada 1 (Gladiador): puntos de arena y honor,Hand of Eternity (Profesión: Herrería) · Shockwave Truncheon (Laberinto de las Sombras (heroica): Murmur),,Merciless Gladiator's Salvation (Arena temporada 2: fase 2 en adelante),https://www.wowhead.com/tbc/es/item=32451
Druida,Restauración,Arma de dos manos,"Atiesh, Greatstaff of the Guardian",22632,Misión,"Atiesh, Greatstaff of the Guardian",Serpentcrest Life-Staff (La Cámara de Vapor: Mekgineer Steamrigger) · Seer's Cane (Reputación: Los Arúspices (Reverenciado)),,,https://www.wowhead.com/tbc/es/item=22632
Druida,Restauración,Mano izquierda,Tears of Heaven,29274,Insignias,"Insignias de Justicia (G'eras, Shattrath)",Windcaller's Orb (Reputación: Expedición Cenarion (Exaltado)) · Faol's Signet of Cleansing (Murallas del Fuego Infernal (heroica): Omor the Unscarred),,,https://www.wowhead.com/tbc/es/item=29274
Druida,Restauración,Ídolo,Idol of the Emerald Queen,27886,Mazmorra,Laberinto de las Sombras: Ambassador Hellmaw,Harold's Rejuvenating Broach (Misión: The Ultimate Bloodsport (Nagrand)),,,https://www.wowhead.com/tbc/es/item=27886
Cazador,Bestias,Cabeza,Beast Lord Helm,28275,Mazmorra,El Mechanar: Pathaleon the Calculator,"Stealther's Helmet of Second Sight (Misión: Teron Gorefiend, I am... (Shadowmoon Valley)) · Mask of Veiled Death (Botín de mundo ligado al equipar (se puede comprar en la subasta))",,,https://www.wowhead.com/tbc/es/item=28275
Cazador,Bestias,Hombros,Beast Lord Mantle,27801,Mazmorra,La Cámara de Vapor: Warlord Kalithresh,Expedition Scout's Epaulets (Misión: Fel Embers (Hellfire Citadel)) · Wastewalker Shoulderpads (Criptas Auchenai (heroica): Avatar of the Martyred),,,https://www.wowhead.com/tbc/es/item=27801
Cazador,Bestias,Espalda,Vengeance Wrap,24259,Profesión,Sastrería,"Blood Knight War Cloak (Insignias de Justicia (G'eras, Shattrath)) · Auchenai Death Shroud (Criptas Auchenai (heroica): Avatar of the Martyred)",,,https://www.wowhead.com/tbc/es/item=24259
Cazador,Bestias,Pecho,Beast Lord Cuirass,28228,Mazmorra,El Invernáculo: Warp Splinter,Primalstrike Vest (Profesión: Peletería) · Ebon Netherscale Breastplate (Profesión: Peletería),,,https://www.wowhead.com/tbc/es/item=28228
Cazador,Bestias,Muñecas,Primalstrike Bracers,29527,Profesión,Peletería,Nightfall Wristguards (Antiguas Laderas de Trabalomas (heroica): Epoch Hunter) · Felstalker Bracers (Profesión: Peletería),,,https://www.wowhead.com/tbc/es/item=29527
Cazador,Bestias,Manos,Beast Lord Handguards,27474,Mazmorra,Las Salas Arrasadas: Warchief Kargath Bladefist,Marshal's Chain Grips (JcJ: Honor (vendedor de JcJ)) · Ar'tor's Mainstay (Misión: The Cipher of Damnation - The Third Fragment Recovered (Shadowmoon Valley)),,,https://www.wowhead.com/tbc/es/item=27474
Cazador,Bestias,Cintura,Primalstrike Belt,29526,Profesión,Peletería,Dunewind Sash (La Sotiénaga (heroica): Ghaz'an) · Ebon Netherscale Belt (Profesión: Peletería),,,https://www.wowhead.com/tbc/es/item=29526
Cazador,Bestias,Piernas,Beast Lord Leggings,27874,Mazmorra,La Cámara de Vapor: Warlord Kalithresh,Midnight Legguards (Recinto de los Esclavos (heroica): Quagmirran) · Wastewalker Leggings (Tumbas de Maná (heroica): Nexus-Prince Shaffar),,,https://www.wowhead.com/tbc/es/item=27874
Cazador,Bestias,Pies,Fel Leather Boots,25686,Profesión,Peletería,The Master's Treads (Botín de mundo ligado al equipar (se puede comprar en la subasta)) · Farahlite Studded Boots (Misión: A Fate Worse Than Death (Netherstorm)),,,https://www.wowhead.com/tbc/es/item=25686
Cazador,Bestias,Cuello,Choker of Vile Intent,29381,Insignias,"Insignias de Justicia (G'eras, Shattrath)",Jagged Bark Pendant (El Invernáculo: Warp Splinter) · Earthen Mark of Razing (Misión: Gurok the Usurper (Nagrand)),,,https://www.wowhead.com/tbc/es/item=29381
Cazador,Bestias,Anillos 1,Kaylaan's Signet,30860,Misión,Deathblow to the Legion (Netherstorm),Ravenclaw Band (Salas Sethekk: Talon King Ikiss) · Band of Anguish (Misión: News of Victory (Shadowmoon Valley)),,,https://www.wowhead.com/tbc/es/item=30860
Cazador,Bestias,Anillos 2,Slayer's Mark of the Redemption,31077,Misión,Dissension Amongst the Ranks... (Shadowmoon Valley),,,,https://www.wowhead.com/tbc/es/item=31077
Cazador,Bestias,Abalorios 1,Abacus of Violent Odds,28288,Mazmorra,El Mechanar: Pathaleon the Calculator,"Hourglass of the Unraveller (La Ciénaga Negra: Temporus) · Bladefist's Breadth (Misión: Cruel's Intentions (Hellfire Peninsula) / BETA Mission: End All, Be All (Hellfire Peninsula))",,,https://www.wowhead.com/tbc/es/item=28288
Cazador,Bestias,Abalorios 2,Bloodlust Brooch,29383,Insignias,"Insignias de Justicia (G'eras, Shattrath)",,,,https://www.wowhead.com/tbc/es/item=29383
Cazador,Bestias,Mano principal,Claw of the Watcher,27846,Mazmorra heroica,Criptas Auchenai (heroica): Shirrak the Dead Watcher,Ripfang Paw (Misión: Declawing Doomclaw (Netherstorm)) · Stellaris (El Mechanar: Nethermancer Sepethrea),,,https://www.wowhead.com/tbc/es/item=27846
Cazador,Bestias,Mano izquierda,Stormreaver Warblades,28315,Mazmorra,El Invernáculo: High Botanist Freywinn,Void-Talon (Vendedor: Dealer Jadyan (Netherstorm)) · Guile of Khoraazi (Reputación: El Consorcio (Exaltado)),,,https://www.wowhead.com/tbc/es/item=28315
Cazador,Bestias,Arma de dos manos,Mooncleaver,28435,Profesión,Herrería,Sonic Spear (Laberinto de las Sombras: Murmur) · Quantum Blade (La Ciénaga Negra (heroica): Aeonus),,,https://www.wowhead.com/tbc/es/item=28435
Cazador,Bestias,A distancia,Wrathtide Longbow,29351,Mazmorra heroica,La Cámara de Vapor (heroica): Warlord Kalithresh,Veteran's Musket (Reputación: Bastión del Honor (Exaltado)) · Don Santos' Famous Hunting Rifle (Otro: Botín de mundo (épico aleatorio)),,Merciless Gladiator's Crossbow of the Phoenix (Arena temporada 2: fase 2 en adelante),https://www.wowhead.com/tbc/es/item=29351
Cazador,Puntería,Cabeza,Beast Lord Helm,28275,Mazmorra,El Mechanar: Pathaleon the Calculator,"Stealther's Helmet of Second Sight (Misión: Teron Gorefiend, I am... (Shadowmoon Valley)) · Mask of Veiled Death (Botín de mundo ligado al equipar (se puede comprar en la subasta))",,,https://www.wowhead.com/tbc/es/item=28275
Cazador,Puntería,Hombros,Beast Lord Mantle,27801,Mazmorra,La Cámara de Vapor: Warlord Kalithresh,Expedition Scout's Epaulets (Misión: Fel Embers (Hellfire Citadel)) · Wastewalker Shoulderpads (Criptas Auchenai (heroica): Avatar of the Martyred),,,https://www.wowhead.com/tbc/es/item=27801
Cazador,Puntería,Espalda,Vengeance Wrap,24259,Profesión,Sastrería,"Blood Knight War Cloak (Insignias de Justicia (G'eras, Shattrath)) · Auchenai Death Shroud (Criptas Auchenai (heroica): Avatar of the Martyred)",,,https://www.wowhead.com/tbc/es/item=24259
Cazador,Puntería,Pecho,Beast Lord Cuirass,28228,Mazmorra,El Invernáculo: Warp Splinter,Primalstrike Vest (Profesión: Peletería) · Ebon Netherscale Breastplate (Profesión: Peletería),,,https://www.wowhead.com/tbc/es/item=28228
Cazador,Puntería,Muñecas,Primalstrike Bracers,29527,Profesión,Peletería,Nightfall Wristguards (Antiguas Laderas de Trabalomas (heroica): Epoch Hunter) · Felstalker Bracers (Profesión: Peletería),,,https://www.wowhead.com/tbc/es/item=29527
Cazador,Puntería,Manos,Beast Lord Handguards,27474,Mazmorra,Las Salas Arrasadas: Warchief Kargath Bladefist,Marshal's Chain Grips (JcJ: Honor (vendedor de JcJ)) · Ar'tor's Mainstay (Misión: The Cipher of Damnation - The Third Fragment Recovered (Shadowmoon Valley)),,,https://www.wowhead.com/tbc/es/item=27474
Cazador,Puntería,Cintura,Primalstrike Belt,29526,Profesión,Peletería,Dunewind Sash (La Sotiénaga (heroica): Ghaz'an) · Ebon Netherscale Belt (Profesión: Peletería),,,https://www.wowhead.com/tbc/es/item=29526
Cazador,Puntería,Piernas,Beast Lord Leggings,27874,Mazmorra,La Cámara de Vapor: Warlord Kalithresh,Midnight Legguards (Recinto de los Esclavos (heroica): Quagmirran) · Wastewalker Leggings (Tumbas de Maná (heroica): Nexus-Prince Shaffar),,,https://www.wowhead.com/tbc/es/item=27874
Cazador,Puntería,Pies,Fel Leather Boots,25686,Profesión,Peletería,The Master's Treads (Botín de mundo ligado al equipar (se puede comprar en la subasta)) · Farahlite Studded Boots (Misión: A Fate Worse Than Death (Netherstorm)),,,https://www.wowhead.com/tbc/es/item=25686
Cazador,Puntería,Cuello,Choker of Vile Intent,29381,Insignias,"Insignias de Justicia (G'eras, Shattrath)",Jagged Bark Pendant (El Invernáculo: Warp Splinter) · Earthen Mark of Razing (Misión: Gurok the Usurper (Nagrand)),,,https://www.wowhead.com/tbc/es/item=29381
Cazador,Puntería,Anillos 1,Kaylaan's Signet,30860,Misión,Deathblow to the Legion (Netherstorm),Ravenclaw Band (Salas Sethekk: Talon King Ikiss) · Band of Anguish (Misión: News of Victory (Shadowmoon Valley)),,,https://www.wowhead.com/tbc/es/item=30860
Cazador,Puntería,Anillos 2,Slayer's Mark of the Redemption,31077,Misión,Dissension Amongst the Ranks... (Shadowmoon Valley),,,,https://www.wowhead.com/tbc/es/item=31077
Cazador,Puntería,Abalorios 1,Hourglass of the Unraveller,28034,Mazmorra,La Ciénaga Negra: Temporus,"Abacus of Violent Odds (El Mechanar: Pathaleon the Calculator) · Bladefist's Breadth (Misión: Cruel's Intentions (Hellfire Peninsula) / BETA Mission: End All, Be All (Hellfire Peninsula))",,,https://www.wowhead.com/tbc/es/item=28034
Cazador,Puntería,Abalorios 2,Bloodlust Brooch,29383,Insignias,"Insignias de Justicia (G'eras, Shattrath)",,,,https://www.wowhead.com/tbc/es/item=29383
Cazador,Puntería,Mano principal,Claw of the Watcher,27846,Mazmorra heroica,Criptas Auchenai (heroica): Shirrak the Dead Watcher,Ripfang Paw (Misión: Declawing Doomclaw (Netherstorm)) · Stellaris (El Mechanar: Nethermancer Sepethrea),,,https://www.wowhead.com/tbc/es/item=27846
Cazador,Puntería,Mano izquierda,Stormreaver Warblades,28315,Mazmorra,El Invernáculo: High Botanist Freywinn,Void-Talon (Vendedor: Dealer Jadyan (Netherstorm)) · Guile of Khoraazi (Reputación: El Consorcio (Exaltado)),,,https://www.wowhead.com/tbc/es/item=28315
Cazador,Puntería,Arma de dos manos,Mooncleaver,28435,Profesión,Herrería,Sonic Spear (Laberinto de las Sombras: Murmur) · Quantum Blade (La Ciénaga Negra (heroica): Aeonus),,,https://www.wowhead.com/tbc/es/item=28435
Cazador,Puntería,A distancia,Wrathtide Longbow,29351,Mazmorra heroica,La Cámara de Vapor (heroica): Warlord Kalithresh,Veteran's Musket (Reputación: Bastión del Honor (Exaltado)) · Don Santos' Famous Hunting Rifle (Otro: Botín de mundo (épico aleatorio)),,Merciless Gladiator's Crossbow of the Phoenix (Arena temporada 2: fase 2 en adelante),https://www.wowhead.com/tbc/es/item=29351
Cazador,Supervivencia,Cabeza,Beast Lord Helm,28275,Mazmorra,El Mechanar: Pathaleon the Calculator,"Stealther's Helmet of Second Sight (Misión: Teron Gorefiend, I am... (Shadowmoon Valley)) · Mok'Nathal Beast-Mask (Criptas Auchenai: Exarch Maladaar)",,,https://www.wowhead.com/tbc/es/item=28275
Cazador,Supervivencia,Hombros,Beast Lord Mantle,27801,Mazmorra,La Cámara de Vapor: Warlord Kalithresh,Expedition Scout's Epaulets (Misión: Fel Embers (Hellfire Citadel)) · Wastewalker Shoulderpads (Criptas Auchenai (heroica): Avatar of the Martyred),,,https://www.wowhead.com/tbc/es/item=27801
Cazador,Supervivencia,Espalda,Blood Knight War Cloak,29382,Insignias,"Insignias de Justicia (G'eras, Shattrath)",Vengeance Wrap (Profesión: Sastrería) · Cloak of the Craft (Botín de mundo ligado al equipar (se puede comprar en la subasta)),,,https://www.wowhead.com/tbc/es/item=29382
Cazador,Supervivencia,Pecho,Beast Lord Cuirass,28228,Mazmorra,El Invernáculo: Warp Splinter,Primalstrike Vest (Profesión: Peletería) · Hauberk of Karabor (Misión: Varedis Must Be Stopped (Shadowmoon Valley)),,,https://www.wowhead.com/tbc/es/item=28228
Cazador,Supervivencia,Muñecas,Felstalker Bracers,25697,Profesión,Peletería,Nightfall Wristguards (Antiguas Laderas de Trabalomas (heroica): Epoch Hunter) · Primalstrike Bracers (Profesión: Peletería),,,https://www.wowhead.com/tbc/es/item=25697
Cazador,Supervivencia,Manos,Beast Lord Handguards,27474,Mazmorra,Las Salas Arrasadas: Warchief Kargath Bladefist,Ar'tor's Mainstay (Misión: The Cipher of Damnation - The Third Fragment Recovered (Shadowmoon Valley)) · Marshal's Chain Grips (JcJ: Honor (vendedor de JcJ)),,,https://www.wowhead.com/tbc/es/item=27474
Cazador,Supervivencia,Cintura,Dunewind Sash,27760,Mazmorra heroica,La Sotiénaga (heroica): Ghaz'an,Primalstrike Belt (Profesión: Peletería) · Felstalker Belt (Profesión: Peletería),,,https://www.wowhead.com/tbc/es/item=27760
Cazador,Supervivencia,Piernas,Wastewalker Leggings,27837,Mazmorra heroica,Tumbas de Maná (heroica): Nexus-Prince Shaffar,Beast Lord Leggings (La Cámara de Vapor: Warlord Kalithresh) · Emerald-Scale Greaves (Antiguas Laderas de Trabalomas (heroica): Captain Skarloc),,,https://www.wowhead.com/tbc/es/item=27837
Cazador,Supervivencia,Pies,Boots of the Endless Hunt,29262,Mazmorra heroica,El Invernáculo (heroica): Warp Splinter,The Master's Treads (Botín de mundo ligado al equipar (se puede comprar en la subasta)) · Fel Leather Boots (Profesión: Peletería),,,https://www.wowhead.com/tbc/es/item=29262
Cazador,Supervivencia,Cuello,Jagged Bark Pendant,28343,Mazmorra,El Invernáculo: Warp Splinter,"Choker of Vile Intent (Insignias de Justicia (G'eras, Shattrath)) · Earthen Mark of Razing (Misión: Gurok the Usurper (Nagrand))",,,https://www.wowhead.com/tbc/es/item=28343
Cazador,Supervivencia,Anillos 1,Truestrike Ring,31326,Otro,Botín de mundo (épico aleatorio),Pathfinder's Band (Botín de mundo ligado al equipar (se puede comprar en la subasta)) · Kaylaan's Signet (Misión: Deathblow to the Legion (Netherstorm)),,,https://www.wowhead.com/tbc/es/item=31326
Cazador,Supervivencia,Anillos 2,Ravenclaw Band,27925,Mazmorra,Salas Sethekk: Talon King Ikiss,,,,https://www.wowhead.com/tbc/es/item=27925
Cazador,Supervivencia,Abalorios 1,Hourglass of the Unraveller,28034,Mazmorra,La Ciénaga Negra: Temporus,"Abacus of Violent Odds (El Mechanar: Pathaleon the Calculator) · Bladefist's Breadth (Misión: Cruel's Intentions (Hellfire Peninsula) / BETA Mission: End All, Be All (Hellfire Peninsula))",,,https://www.wowhead.com/tbc/es/item=28034
Cazador,Supervivencia,Abalorios 2,Bloodlust Brooch,29383,Insignias,"Insignias de Justicia (G'eras, Shattrath)",,,,https://www.wowhead.com/tbc/es/item=29383
Cazador,Supervivencia,Mano principal,Stellaris,28263,Mazmorra,El Mechanar: Nethermancer Sepethrea,Guile of Khoraazi (Reputación: El Consorcio (Exaltado)) · Claw of the Watcher (Criptas Auchenai (heroica): Shirrak the Dead Watcher),,,https://www.wowhead.com/tbc/es/item=28263
Cazador,Supervivencia,Mano izquierda,Stellaris,28263,Mazmorra,El Mechanar: Nethermancer Sepethrea,Talon of Anzu (Salas Sethekk (heroica): Anzu) · Void-Talon (Vendedor: Dealer Jadyan (Netherstorm)),,,https://www.wowhead.com/tbc/es/item=28263
Cazador,Supervivencia,Arma de dos manos,Mooncleaver,28435,Profesión,Herrería,Sonic Spear (Laberinto de las Sombras: Murmur) · Quantum Blade (La Ciénaga Negra (heroica): Aeonus),,,https://www.wowhead.com/tbc/es/item=28435
Cazador,Supervivencia,A distancia,Wrathtide Longbow,29351,Mazmorra heroica,La Cámara de Vapor (heroica): Warlord Kalithresh,Veteran's Musket (Reputación: Bastión del Honor (Exaltado)) · Don Santos' Famous Hunting Rifle (Otro: Botín de mundo (épico aleatorio)),,,https://www.wowhead.com/tbc/es/item=29351
Mago,Arcano,Cabeza,Spellstrike Hood,24266,Profesión,Sastrería,Hood of Oblivion (El Arcatraz: Harbinger Skyriss) · Incanter's Cowl (El Mechanar: Pathaleon the Calculator),,,https://www.wowhead.com/tbc/es/item=24266
Mago,Arcano,Hombros,Mantle of Three Terrors,27994,Mazmorra,La Ciénaga Negra: Chrono Lord Deja,Mana-Etched Spaulders (Recinto de los Esclavos (heroica): Quagmirran) · Spaulders of the Torn-heart (Misión: The Cipher of Damnation - The Third Fragment Recovered (Shadowmoon Valley)),,,https://www.wowhead.com/tbc/es/item=27994
Mago,Arcano,Espalda,Sethekk Oracle Cloak,27981,Mazmorra,Salas Sethekk: Talon King Ikiss,"Shawl of Shifting Probabilities (Insignias de Justicia (G'eras, Shattrath)) · Cloak of Entropy (Botín de mundo ligado al equipar (se puede comprar en la subasta))",,Cloak of the Necropolis (Contenido de nivel 60 (antes de TBC)),https://www.wowhead.com/tbc/es/item=27981
Mago,Arcano,Pecho,Spellfire Robe,21848,Profesión,Sastrería,Robe of the Crimson Order (Botín: Cofre (objeto del mundo)) · Auchenai Anchorite's Robe (Misión: Everything Will Be Alright (Auchenai Crypts)),,,https://www.wowhead.com/tbc/es/item=21848
Mago,Arcano,Muñecas,Crimson Bracers of Gloom,27462,Mazmorra heroica,Murallas del Fuego Infernal (heroica): Omor the Unscarred,General's Silk Cuffs (JcJ: Honor (vendedor de JcJ)) · Bracers of Havok (Profesión: Sastrería),,,https://www.wowhead.com/tbc/es/item=27462
Mago,Arcano,Manos,Spellfire Gloves,21847,Profesión,Sastrería,Gloves of the Deadwatcher (Criptas Auchenai (heroica): Shirrak the Dead Watcher) · Gloves of Oblivion (Las Salas Arrasadas: Warchief Kargath Bladefist),,,https://www.wowhead.com/tbc/es/item=21847
Mago,Arcano,Cintura,Spellfire Belt,21846,Profesión,Sastrería,Girdle of Ruination (Profesión: Sastrería) · Belt of Depravity (El Arcatraz (heroica): Harbinger Skyriss),,,https://www.wowhead.com/tbc/es/item=21846
Mago,Arcano,Piernas,Spellstrike Pants,24262,Profesión,Sastrería,Breeches of the Occultist (La Ciénaga Negra (heroica): Aeonus) · Khadgar's Kilt of Abjuration (La Ciénaga Negra: Temporus),,,https://www.wowhead.com/tbc/es/item=24262
Mago,Arcano,Pies,Extravagant Boots of Malice,27821,Mazmorra heroica,Tumbas de Maná (heroica): Tavarok,Sigil-Laced Boots (El Arcatraz: Harbinger Skyriss) · Boots of Ethereal Manipulation (El Invernáculo (heroica): Warp Splinter),,,https://www.wowhead.com/tbc/es/item=27821
Mago,Arcano,Cuello,Brooch of Heightened Potential,28134,Mazmorra,Laberinto de las Sombras: Blackheart the Inciter,Hydra-fang Necklace (La Sotiénaga (heroica): Ghaz'an) · Charlotte's Ivy (Otro: Botín de mundo (épico aleatorio)),,,https://www.wowhead.com/tbc/es/item=28134
Mago,Arcano,Anillos 1,Sparking Arcanite Ring,28227,Mazmorra heroica,Antiguas Laderas de Trabalomas (heroica): Epoch Hunter,"Ring of Cryptic Dreams (Insignias de Justicia (G'eras, Shattrath)) · Cobalt Band of Tyrigosa (Tumbas de Maná (heroica): Nexus-Prince Shaffar)",,,https://www.wowhead.com/tbc/es/item=28227
Mago,Arcano,Anillos 2,Lola's Eve,31339,Otro,Botín de mundo (épico aleatorio),,,,https://www.wowhead.com/tbc/es/item=31339
Mago,Arcano,Abalorios 1,Scryer's Bloodgem,29132,Reputación,Los Arúspices (Reverenciado),Quagmirran's Eye (Recinto de los Esclavos (heroica): Quagmirran),,Mark of the Champion (Contenido de nivel 60 (antes de TBC)),https://www.wowhead.com/tbc/es/item=29132
Mago,Arcano,Abalorios 2,Icon of the Silver Crescent,29370,Insignias,"Insignias de Justicia (G'eras, Shattrath)",,,,https://www.wowhead.com/tbc/es/item=29370
Mago,Arcano,Arma de una mano,Eternium Runed Blade,23554,Profesión,Herrería,Illidari-Bane Mageblade (Misión: Quenching the Blade (Shadowmoon Valley)) · Blade of the Archmage (Reputación: Bastión del Honor (Exaltado)),,,https://www.wowhead.com/tbc/es/item=23554
Mago,Arcano,Arma de dos manos,"Atiesh, Greatstaff of the Guardian",22589,Misión,"Atiesh, Greatstaff of the Guardian",Terokk's Shadowstaff (Salas Sethekk (heroica): Talon King Ikiss) · Auchenai Staff (Reputación: Los Aldor (Reverenciado)),,,https://www.wowhead.com/tbc/es/item=22589
Mago,Arcano,Mano izquierda,Talisman of Kalecgos,29271,Insignias,"Insignias de Justicia (G'eras, Shattrath)",Lamp of Peaceful Radiance (El Arcatraz: Harbinger Skyriss) · Star-Heart Lamp (La Ciénaga Negra: Temporus),,,https://www.wowhead.com/tbc/es/item=29271
Mago,Arcano,Varita,Nether Core's Control Rod,28386,Mazmorra,El Arcatraz: Dalliah the Doomsayer,Voidfire Wand (Tumbas de Maná: Pandemonius) · The Black Stalk (La Sotiénaga (heroica): The Black Stalker),,,https://www.wowhead.com/tbc/es/item=28386
Mago,Fuego,Cabeza,Spellstrike Hood,24266,Profesión,Sastrería,Hood of Oblivion (El Arcatraz: Harbinger Skyriss) · Incanter's Cowl (El Mechanar: Pathaleon the Calculator),,,https://www.wowhead.com/tbc/es/item=24266
Mago,Fuego,Hombros,Spaulders of the Torn-heart,30925,Misión,The Cipher of Damnation - The Third Fragment Recovered (Shadowmoon Valley),Spaulders of Oblivion (Laberinto de las Sombras: Murmur) · Mana-Etched Spaulders (Recinto de los Esclavos (heroica): Quagmirran),,,https://www.wowhead.com/tbc/es/item=30925
Mago,Fuego,Espalda,Sethekk Oracle Cloak,27981,Mazmorra,Salas Sethekk: Talon King Ikiss,Cloak of Entropy (Botín de mundo ligado al equipar (se puede comprar en la subasta)) · Cloak of the Black Void (Profesión: Sastrería),,Cloak of the Necropolis (Contenido de nivel 60 (antes de TBC)),https://www.wowhead.com/tbc/es/item=27981
Mago,Fuego,Pecho,Spellfire Robe,21848,Profesión,Sastrería,Robe of the Crimson Order (Botín: Cofre (objeto del mundo)) · Auchenai Anchorite's Robe (Misión: Everything Will Be Alright (Auchenai Crypts)),,,https://www.wowhead.com/tbc/es/item=21848
Mago,Fuego,Muñecas,Bracers of Havok,24250,Profesión,Sastrería,Crimson Bracers of Gloom (Murallas del Fuego Infernal (heroica): Omor the Unscarred) · Shattrath Wraps (Misión: The Soul Devices (Auchindoun)),,Crystalweave Bracers (Disponible desde la fase 2),https://www.wowhead.com/tbc/es/item=24250
Mago,Fuego,Manos,Spellfire Gloves,21847,Profesión,Sastrería,Gloves of the Deadwatcher (Criptas Auchenai (heroica): Shirrak the Dead Watcher) · Gloves of Oblivion (Las Salas Arrasadas: Warchief Kargath Bladefist),,,https://www.wowhead.com/tbc/es/item=21847
Mago,Fuego,Cintura,Spellfire Belt,21846,Profesión,Sastrería,Girdle of Ruination (Profesión: Sastrería) · Belt of Depravity (El Arcatraz (heroica): Harbinger Skyriss),,,https://www.wowhead.com/tbc/es/item=21846
Mago,Fuego,Piernas,Spellstrike Pants,24262,Profesión,Sastrería,Breeches of the Occultist (La Ciénaga Negra (heroica): Aeonus) · Khadgar's Kilt of Abjuration (La Ciénaga Negra: Temporus),,,https://www.wowhead.com/tbc/es/item=24262
Mago,Fuego,Pies,Extravagant Boots of Malice,27821,Mazmorra heroica,Tumbas de Maná (heroica): Tavarok,Sigil-Laced Boots (El Arcatraz: Harbinger Skyriss) · Shattrath Jumpers (Misión: Into the Heart of the Labyrinth (Auchindoun)),,,https://www.wowhead.com/tbc/es/item=27821
Mago,Fuego,Cuello,Brooch of Heightened Potential,28134,Mazmorra,Laberinto de las Sombras: Blackheart the Inciter,Hydra-fang Necklace (La Sotiénaga (heroica): Ghaz'an) · Charlotte's Ivy (Otro: Botín de mundo (épico aleatorio)),,,https://www.wowhead.com/tbc/es/item=28134
Mago,Fuego,Anillos 1,Ashyen's Gift,29172,Reputación,Expedición Cenarion (Exaltado),Seal of the Exorcist (JcJ: JcJ de mundo: Terokkar (Fichas de Espíritu)) · Lola's Eve (Otro: Botín de mundo (épico aleatorio)),,Ring of the Fallen God (Contenido de nivel 60 (antes de TBC)),https://www.wowhead.com/tbc/es/item=29172
Mago,Fuego,Anillos 2,Sparking Arcanite Ring,28227,Mazmorra heroica,Antiguas Laderas de Trabalomas (heroica): Epoch Hunter,,,,https://www.wowhead.com/tbc/es/item=28227
Mago,Fuego,Abalorios 1,Scryer's Bloodgem,29132,Reputación,Los Arúspices (Reverenciado),,,Mark of the Champion (Contenido de nivel 60 (antes de TBC)),https://www.wowhead.com/tbc/es/item=29132
Mago,Fuego,Abalorios 2,Icon of the Silver Crescent,29370,Insignias,"Insignias de Justicia (G'eras, Shattrath)",,,,https://www.wowhead.com/tbc/es/item=29370
Mago,Fuego,Arma de una mano,Eternium Runed Blade,23554,Profesión,Herrería,Illidari-Bane Mageblade (Misión: Quenching the Blade (Shadowmoon Valley)) · Blade of the Archmage (Reputación: Bastión del Honor (Exaltado)),,,https://www.wowhead.com/tbc/es/item=23554
Mago,Fuego,Arma de dos manos,"Atiesh, Greatstaff of the Guardian",22589,Misión,"Atiesh, Greatstaff of the Guardian",Terokk's Shadowstaff (Salas Sethekk (heroica): Talon King Ikiss) · Auchenai Staff (Reputación: Los Aldor (Reverenciado)),,,https://www.wowhead.com/tbc/es/item=22589
Mago,Fuego,Mano izquierda,Flametongue Seal,29270,Insignias,"Insignias de Justicia (G'eras, Shattrath)",Lamp of Peaceful Radiance (El Arcatraz: Harbinger Skyriss) · Star-Heart Lamp (La Ciénaga Negra: Temporus),,,https://www.wowhead.com/tbc/es/item=29270
Mago,Fuego,Varita,Nether Core's Control Rod,28386,Mazmorra,El Arcatraz: Dalliah the Doomsayer,Illidari Rod of Discipline (Misión: Subdue the Subduer (Shadowmoon Valley)) · Voidfire Wand (Tumbas de Maná: Pandemonius),,Doomfinger (Contenido de nivel 60 (antes de TBC)),https://www.wowhead.com/tbc/es/item=28386
Mago,Escarcha,Cabeza,Spellstrike Hood,24266,Profesión,Sastrería,Mag'hari Ritualist's Horns (Misión: Hero of the Mag'har (Nagrand)) · Hood of Oblivion (El Arcatraz: Harbinger Skyriss),,,https://www.wowhead.com/tbc/es/item=24266
Mago,Escarcha,Hombros,Frozen Shadoweave Shoulders,21869,Profesión,Sastrería,Spaulders of the Torn-heart (Misión: The Cipher of Damnation - The Third Fragment Recovered (Shadowmoon Valley)) · Spaulders of Oblivion (Laberinto de las Sombras: Murmur),,,https://www.wowhead.com/tbc/es/item=21869
Mago,Escarcha,Espalda,Sethekk Oracle Cloak,27981,Mazmorra,Salas Sethekk: Talon King Ikiss,Cloak of Entropy (Botín de mundo ligado al equipar (se puede comprar en la subasta)) · Cloak of the Black Void (Profesión: Sastrería),,Cloak of the Necropolis (Contenido de nivel 60 (antes de TBC)),https://www.wowhead.com/tbc/es/item=27981
Mago,Escarcha,Pecho,Frozen Shadoweave Robe,21871,Profesión,Sastrería,Robe of the Crimson Order (Botín: Cofre (objeto del mundo)) · Auchenai Anchorite's Robe (Misión: Everything Will Be Alright (Auchenai Crypts)),,,https://www.wowhead.com/tbc/es/item=21871
Mago,Escarcha,Muñecas,Bracers of Havok,24250,Profesión,Sastrería,Crimson Bracers of Gloom (Murallas del Fuego Infernal (heroica): Omor the Unscarred) · Shattrath Wraps (Misión: The Soul Devices (Auchindoun)),,Crystalweave Bracers (Disponible desde la fase 2),https://www.wowhead.com/tbc/es/item=24250
Mago,Escarcha,Manos,Gloves of the Deadwatcher,27493,Mazmorra heroica,Criptas Auchenai (heroica): Shirrak the Dead Watcher,Gloves of Oblivion (Las Salas Arrasadas: Warchief Kargath Bladefist) · Tempest's Touch (Misión: Return to Andormu (Caverns of Time)),,,https://www.wowhead.com/tbc/es/item=27493
Mago,Escarcha,Cintura,Girdle of Ruination,24256,Profesión,Sastrería,Belt of Depravity (El Arcatraz (heroica): Harbinger Skyriss) · A'dal's Gift (Misión: How to Break Into the Arcatraz (Tempest Keep)),,,https://www.wowhead.com/tbc/es/item=24256
Mago,Escarcha,Piernas,Spellstrike Pants,24262,Profesión,Sastrería,Breeches of the Occultist (La Ciénaga Negra (heroica): Aeonus) · Khadgar's Kilt of Abjuration (La Ciénaga Negra: Temporus),,,https://www.wowhead.com/tbc/es/item=24262
Mago,Escarcha,Pies,Frozen Shadoweave Boots,21870,Profesión,Sastrería,Extravagant Boots of Malice (Tumbas de Maná (heroica): Tavarok) · Sigil-Laced Boots (El Arcatraz: Harbinger Skyriss),,,https://www.wowhead.com/tbc/es/item=21870
Mago,Escarcha,Cuello,Brooch of Heightened Potential,28134,Mazmorra,Laberinto de las Sombras: Blackheart the Inciter,Hydra-fang Necklace (La Sotiénaga (heroica): Ghaz'an) · Charlotte's Ivy (Otro: Botín de mundo (épico aleatorio)),,,https://www.wowhead.com/tbc/es/item=28134
Mago,Escarcha,Anillos 1,Ashyen's Gift,29172,Reputación,Expedición Cenarion (Exaltado),Seal of the Exorcist (JcJ: JcJ de mundo: Terokkar (Fichas de Espíritu)) · Lola's Eve (Otro: Botín de mundo (épico aleatorio)),,Ring of the Fallen God (Contenido de nivel 60 (antes de TBC)),https://www.wowhead.com/tbc/es/item=29172
Mago,Escarcha,Anillos 2,Sparking Arcanite Ring,28227,Mazmorra heroica,Antiguas Laderas de Trabalomas (heroica): Epoch Hunter,,,,https://www.wowhead.com/tbc/es/item=28227
Mago,Escarcha,Abalorios 1,Scryer's Bloodgem,29132,Reputación,Los Arúspices (Reverenciado),,,Mark of the Champion (Contenido de nivel 60 (antes de TBC)),https://www.wowhead.com/tbc/es/item=29132
Mago,Escarcha,Abalorios 2,Icon of the Silver Crescent,29370,Insignias,"Insignias de Justicia (G'eras, Shattrath)",,,,https://www.wowhead.com/tbc/es/item=29370
Mago,Escarcha,Arma de una mano,Eternium Runed Blade,23554,Profesión,Herrería,Illidari-Bane Mageblade (Misión: Quenching the Blade (Shadowmoon Valley)) · Blade of the Archmage (Reputación: Bastión del Honor (Exaltado)),,,https://www.wowhead.com/tbc/es/item=23554
Mago,Escarcha,Arma de dos manos,"Atiesh, Greatstaff of the Guardian",22589,Misión,"Atiesh, Greatstaff of the Guardian",Terokk's Shadowstaff (Salas Sethekk (heroica): Talon King Ikiss) · Auchenai Staff (Reputación: Los Aldor (Reverenciado)),,,https://www.wowhead.com/tbc/es/item=22589
Mago,Escarcha,Mano izquierda,Sapphiron's Wing Bone,29269,Insignias,"Insignias de Justicia (G'eras, Shattrath)",Lamp of Peaceful Radiance (El Arcatraz: Harbinger Skyriss) · Star-Heart Lamp (La Ciénaga Negra: Temporus),,,https://www.wowhead.com/tbc/es/item=29269
Mago,Escarcha,Varita,Nether Core's Control Rod,28386,Mazmorra,El Arcatraz: Dalliah the Doomsayer,Illidari Rod of Discipline (Misión: Subdue the Subduer (Shadowmoon Valley)) · Voidfire Wand (Tumbas de Maná: Pandemonius),,Doomfinger (Contenido de nivel 60 (antes de TBC)),https://www.wowhead.com/tbc/es/item=28386
Paladín,Sagrado,Cabeza,Whitemend Hood,24264,Profesión,Sastrería,"Helmet of the Steadfast Champion (Insignias de Justicia (G'eras, Shattrath)) · Hallowed Crown (El Arcatraz: Harbinger Skyriss)",,Justicebringer 2000 Specs (Receta disponible desde la fase 2),https://www.wowhead.com/tbc/es/item=24264
Paladín,Sagrado,Hombros,Primal Mooncloth Shoulders,21874,Profesión,Sastrería,Hallowed Pauldrons (Laberinto de las Sombras: Grandmaster Vorpil) · Pauldrons of Sufferance (Antiguas Laderas de Trabalomas: Epoch Hunter),,,https://www.wowhead.com/tbc/es/item=21874
Paladín,Sagrado,Espalda,Lifegiving Cloak,31329,Otro,Botín de mundo (épico aleatorio),Light-Touched Stole of Altruism (Criptas Auchenai (heroica): Exarch Maladaar) · White Remedy Cape (Profesión: Sastrería),,,https://www.wowhead.com/tbc/es/item=31329
Paladín,Sagrado,Pecho,Primal Mooncloth Robe,21875,Profesión,Sastrería,Windhawk Hauberk (Profesión: Peletería) · Hallowed Garments (Laberinto de las Sombras: Murmur),,,https://www.wowhead.com/tbc/es/item=21875
Paladín,Sagrado,Muñecas,Windhawk Bracers,29523,Profesión,Peletería,Bindings of the Timewalker (Reputación: Vigilantes del Tiempo (Exaltado)) · Blessed Bracers (Profesión: Herrería),,,https://www.wowhead.com/tbc/es/item=29523
Paladín,Sagrado,Manos,Gloves of the Living Touch,29506,Profesión,Peletería,Life Bearer's Gauntlets (Murallas del Fuego Infernal (heroica): Nazan & Vazruden) · Prismatic Mittens of Mending (El Invernáculo: Commander Sarannis),,,https://www.wowhead.com/tbc/es/item=29506
Paladín,Sagrado,Cintura,Primal Mooncloth Belt,21873,Profesión,Sastrería,Windhawk Belt (Profesión: Peletería) · Cord of Sanctification (Antiguas Laderas de Trabalomas (heroica): Epoch Hunter),,,https://www.wowhead.com/tbc/es/item=21873
Paladín,Sagrado,Piernas,Whitemend Pants,24261,Profesión,Sastrería,Pontifex Kilt (La Cámara de Vapor (heroica): Warlord Kalithresh) · Kamaei's Cerulean Skirt (Otro: Botín de mundo (épico aleatorio)),,,https://www.wowhead.com/tbc/es/item=24261
Paladín,Sagrado,Pies,Slippers of Serenity,27411,Mazmorra,Criptas Auchenai: Exarch Maladaar,Boots of the Pious (El Mechanar (heroica): Pathaleon the Calculator) · Boots of the Watchful Heart (Antiguas Laderas de Trabalomas (heroica): Captain Skarloc),,,https://www.wowhead.com/tbc/es/item=27411
Paladín,Sagrado,Cuello,Natasha's Guardian Cord,31691,Misión,The Hound-Master (Blade's Edge Mountains),"Karja's Medallion (Misión: Shutting Down Manaforge Ara (Netherstorm)) · Necklace of Eternal Hope (Insignias de Justicia (G'eras, Shattrath))",,,https://www.wowhead.com/tbc/es/item=31691
Paladín,Sagrado,Anillos 1,Ring of Convalescence,29169,Reputación,Bastión del Honor (Reverenciado),Cosmic Lifeband (El Mechanar: Nethermancer Sepethrea) · Spiritualist's Mark of the Sha'tar (Misión: Battle of the Crimson Watch (Shadowmoon Valley)),,,https://www.wowhead.com/tbc/es/item=29169
Paladín,Sagrado,Anillos 2,Ring of Fabled Hope,27780,Mazmorra heroica,La Sotiénaga (heroica): The Black Stalker,,,,https://www.wowhead.com/tbc/es/item=27780
Paladín,Sagrado,Abalorios 1,Essence of the Martyr,29376,Insignias,"Insignias de Justicia (G'eras, Shattrath)",Scarab of the Infinite Cycle (La Ciénaga Negra: Aeonus) · Oshu'gun Relic (Misión: Gava'xi (Nagrand)),,,https://www.wowhead.com/tbc/es/item=29376
Paladín,Sagrado,Abalorios 2,Lower City Prayerbook,30841,Reputación,Bajo Arrabal (Reverenciado),,,,https://www.wowhead.com/tbc/es/item=30841
Paladín,Sagrado,Arma de una mano,Hand of Eternity,23556,Profesión,Herrería,Shockwave Truncheon (Laberinto de las Sombras (heroica): Murmur) · The Ancient Scepter of Sue-Min (Otro: Botín de mundo (épico aleatorio)),,,https://www.wowhead.com/tbc/es/item=23556
Paladín,Sagrado,Mano izquierda / escudo,Tears of Heaven,29274,Insignias,"Insignias de Justicia (G'eras, Shattrath)",Windcaller's Orb (Reputación: Expedición Cenarion (Exaltado)) · Stormshield of Renewal (La Sotiénaga (heroica): The Black Stalker),,,https://www.wowhead.com/tbc/es/item=29274
Paladín,Sagrado,Tratado,Libram of the Lightbringer,28296,Mazmorra,El Invernáculo: Commander Sarannis,Blessed Book of Nagrand (Misión: The Ultimate Bloodsport (Nagrand)),,Libram of Light (Contenido de nivel 60 (antes de TBC)),https://www.wowhead.com/tbc/es/item=28296
Paladín,Protección,Cabeza,Faceguard of Determination,32083,Insignias,"Insignias de Justicia (G'eras, Shattrath)",,,,https://www.wowhead.com/tbc/es/item=32083
Paladín,Protección,Hombros,Fanblade Pauldrons,27847,Mazmorra heroica,Criptas Auchenai (heroica): Shirrak the Dead Watcher,Spaulders of the Righteous (El Invernáculo: Laj) · Nexus-Guard's Pauldrons (Misión: Success! (Netherstorm)),,Vengeful Gladiator's Lamellar Shoulders (Arena temporada 3: fase 3 en adelante),https://www.wowhead.com/tbc/es/item=27847
Paladín,Protección,Espalda,Slikk's Cloak of Placation,33593,Insignias,Insignias de Justicia (vendedor de fase 4),,Disponible solo en fases posteriores,Slikk's Cloak of Placation (Disponible solo en fases posteriores),https://www.wowhead.com/tbc/es/item=33593
Paladín,Protección,Pecho,Shattrath Protectorate's Breastplate,34945,Insignias,Insignias de Justicia (vendedor de fase 5),,Disponible solo en fases posteriores,Shattrath Protectorate's Breastplate (Disponible solo en fases posteriores),https://www.wowhead.com/tbc/es/item=34945
Paladín,Protección,Muñecas,Bracers of Dignity,29252,Mazmorra heroica,El Arcatraz (heroica): Harbinger Skyriss,Bracers of the Green Fortress (Profesión: Herrería),,Bracers of the Ancient Phalanx (Disponible solo en fases posteriores),https://www.wowhead.com/tbc/es/item=29252
Paladín,Protección,Manos,Dauntless Handguards,25788,Misión,Fel Embers (Hellfire Citadel),,,Bonefist Gauntlets (Disponible solo en fases posteriores),https://www.wowhead.com/tbc/es/item=25788
Paladín,Protección,Cintura,Girdle of the Protector,33524,Insignias,Insignias de Justicia (vendedor de fase 4),,Disponible solo en fases posteriores,Girdle of the Protector (Disponible solo en fases posteriores),https://www.wowhead.com/tbc/es/item=33524
Paladín,Protección,Piernas,Inscribed Legplates of the Aldor,34946,Insignias,Insignias de Justicia (vendedor de fase 5),,Disponible solo en fases posteriores,Inscribed Legplates of the Aldor (Disponible solo en fases posteriores),https://www.wowhead.com/tbc/es/item=34946
Paladín,Protección,Pies,Blue's Greaves of the Righteous Guardian,34947,Insignias,Insignias de Justicia (vendedor de fase 5),,Disponible solo en fases posteriores,Blue's Greaves of the Righteous Guardian (Disponible solo en fases posteriores),https://www.wowhead.com/tbc/es/item=34947
Paladín,Protección,Cuello,Steam-Hinge Chain of Valor,27792,Mazmorra,La Cámara de Vapor: Mekgineer Steamrigger,,,Brooch of Deftness (Disponible solo en fases posteriores),https://www.wowhead.com/tbc/es/item=27792
Paladín,Protección,Anillos 1,Ashyen's Gift,29172,Reputación,Expedición Cenarion (Exaltado),Andormu's Tear (Misión: Hero of the Brood (Caverns of Time)) · Dath'Remar's Ring of Defense (El Mechanar: Pathaleon the Calculator),,Ring of the Stalwart Protector (Disponible solo en fases posteriores),https://www.wowhead.com/tbc/es/item=29172
Paladín,Protección,Anillos 2,Elementium Band of the Sentry,28407,Mazmorra,El Arcatraz: Harbinger Skyriss,,,,https://www.wowhead.com/tbc/es/item=28407
Paladín,Protección,Abalorios (mitigación) 1,Figurine of the Colossus,27529,Mazmorra,Las Salas Arrasadas: Warchief Kargath Bladefist,"Gnomeregan Auto-Blocker 600 (Insignias de Justicia (G'eras, Shattrath))",,Figurine - Empyrean Tortoise (Receta disponible desde la fase 5),https://www.wowhead.com/tbc/es/item=27529
Paladín,Protección,Abalorios (mitigación) 2,Brooch of the Immortal King,32534,Botín,Terokk,,,,https://www.wowhead.com/tbc/es/item=32534
Paladín,Protección,Abalorios (aguante) 1,Goblin Rocket Launcher,23836,Profesión,Ingeniería,Commander's Badge (Reputación: Ala Abisal (Reverenciado)),,Darkmoon Card: Vengeance (Disponible desde la fase 3),https://www.wowhead.com/tbc/es/item=23836
Paladín,Protección,Abalorios (aguante) 2,Gnomish Poultryizer,23835,Profesión,Ingeniería,,,,https://www.wowhead.com/tbc/es/item=23835
Paladín,Protección,Abalorios (amenaza) 1,Icon of the Silver Crescent,29370,Insignias,"Insignias de Justicia (G'eras, Shattrath)",,,,https://www.wowhead.com/tbc/es/item=29370
Paladín,Protección,Abalorios (amenaza) 2,Battlemaster's Audacity,34579,JcJ,Arena temporada 3,,,,https://www.wowhead.com/tbc/es/item=34579
Paladín,Protección,Arma de una mano,Blade of the Archmage,29153,Reputación,Bastión del Honor (Exaltado),Stormcaller (Reputación: Thrallmar (Exaltado)) · Gavel of Unearthed Secrets (Reputación: Bajo Arrabal (Exaltado)),,Vengeful Gladiator's Gavel (Arena temporada 3: fase 3 en adelante),https://www.wowhead.com/tbc/es/item=29153
Paladín,Protección,Tratado,Libram of Repentance,29388,Insignias,"Insignias de Justicia (G'eras, Shattrath)",Libram of the Eternal Rest (Salas Sethekk: Darkweaver Syth),,,https://www.wowhead.com/tbc/es/item=29388
Paladín,Protección,Escudo,Crest of the Sha'tar,29176,Reputación,Los Sha'tar (Exaltado),"Azure-Shield of Coldarra (Insignias de Justicia (G'eras, Shattrath))",,Vengeful Gladiator's Shield Wall (Arena temporada 3: fase 3 en adelante),https://www.wowhead.com/tbc/es/item=29176
Paladín,Reprensión,Cabeza,Mask of the Deceiver,32087,Insignias,"Insignias de Justicia (G'eras, Shattrath)","Overlord's Helmet of Second Sight (Misión: Teron Gorefiend, I am... (Shadowmoon Valley)) · Helm of the Claw (Misión: The Warlord's Hideout (The Steamvault))",,Furious Gizmatic Goggles (Receta disponible desde la fase 2),https://www.wowhead.com/tbc/es/item=32087
Paladín,Reprensión,Hombros,Ragesteel Shoulders,33173,Profesión,Herrería,Doomplate Shoulderguards (La Sotiénaga (heroica): The Black Stalker) · Mantle of Perenolde (Antiguas Laderas de Trabalomas: Epoch Hunter),,,https://www.wowhead.com/tbc/es/item=33173
Paladín,Reprensión,Espalda,Vengeance Wrap,24259,Profesión,Sastrería,Auchenai Death Shroud (Criptas Auchenai (heroica): Avatar of the Martyred) · Cloak of the Inciter (Laberinto de las Sombras: Blackheart the Inciter),,,https://www.wowhead.com/tbc/es/item=24259
Paladín,Reprensión,Pecho,Ragesteel Breastplate,23522,Profesión,Herrería,Doomplate Chestguard (El Arcatraz: Harbinger Skyriss) · Vest of Vengeance (El Horno de Sangre: Keli'dan the Breaker),,,https://www.wowhead.com/tbc/es/item=23522
Paladín,Reprensión,Muñecas,Black Felsteel Bracers,23537,Profesión,Herrería,General's Scaled Bracers (JcJ: Honor (vendedor de JcJ)) · Ebon Netherscale Bracers (Profesión: Peletería),,,https://www.wowhead.com/tbc/es/item=23537
Paladín,Reprensión,Manos,Flesh Handler's Gauntlets,30341,Misión,The Flesh Lies... (Netherstorm),Windstrike Gloves (Profesión: Peletería),,,https://www.wowhead.com/tbc/es/item=30341
Paladín,Reprensión,Cintura,Girdle of the Deathdealer,29247,Mazmorra heroica,La Ciénaga Negra (heroica): Aeonus,Girdle of Gallantry (La Sotiénaga (heroica): Ghaz'an) · Dunewind Sash (La Sotiénaga (heroica): Ghaz'an),,,https://www.wowhead.com/tbc/es/item=29247
Paladín,Reprensión,Piernas,Shattrath Leggings,30257,Misión,Special Delivery to Shattrath City (Shattrath City),Clefthoof Hide Leggings (Misión: Showdown (Blade's Edge Mountains)) · Vanquisher's Legplates (El Mechanar (heroica): Pathaleon the Calculator),,,https://www.wowhead.com/tbc/es/item=30257
Paladín,Reprensión,Pies,Fel Leather Boots,25686,Profesión,Peletería,Sha'tari Wrought Greaves (Misión: Into the Heart of the Labyrinth (Auchindoun)) · Boots of the Unjust (Criptas Auchenai (heroica): Exarch Maladaar),,,https://www.wowhead.com/tbc/es/item=25686
Paladín,Reprensión,Cuello,Choker of Vile Intent,29381,Insignias,"Insignias de Justicia (G'eras, Shattrath)",Haramad's Bargain (Reputación: El Consorcio (Exaltado)) · Necklace of Trophies (Botín de mundo ligado al equipar (se puede comprar en la subasta)),,,https://www.wowhead.com/tbc/es/item=29381
Paladín,Reprensión,Anillos 1,Shapeshifter's Signet,30834,Reputación,Bajo Arrabal (Exaltado),Shaffar's Band of Brutality (Tumbas de Maná (heroica): Yor <Void Hound of Shaffar>) · Overseer's Signet (Misión: Shutting Down Manaforge Ara (Netherstorm)),,,https://www.wowhead.com/tbc/es/item=30834
Paladín,Reprensión,Anillos 2,A'dal's Command,29177,Reputación,Los Sha'tar (Exaltado),,,,https://www.wowhead.com/tbc/es/item=29177
Paladín,Reprensión,Abalorios 1,Bloodlust Brooch,29383,Insignias,"Insignias de Justicia (G'eras, Shattrath)",Abacus of Violent Odds (El Mechanar: Pathaleon the Calculator),,,https://www.wowhead.com/tbc/es/item=29383
Paladín,Reprensión,Abalorios 2,Hourglass of the Unraveller,28034,Mazmorra,La Ciénaga Negra: Temporus,,,,https://www.wowhead.com/tbc/es/item=28034
Paladín,Reprensión,Arma de dos manos,Lionheart Champion,28429,Profesión,Herrería,Deep Thunder (Profesión: Herrería) · Quantum Blade (La Ciénaga Negra (heroica): Aeonus),,,https://www.wowhead.com/tbc/es/item=28429
Paladín,Reprensión,Tratado,Libram of Avengement,27484,Mazmorra heroica,El Horno de Sangre (heroica): The Maker,,,,https://www.wowhead.com/tbc/es/item=27484
Sacerdote,Sagrado (sanación),Cabeza,Cowl of Naaru Blessings,32090,Insignias,"Insignias de Justicia (G'eras, Shattrath)",Whitemend Hood (Profesión: Sastrería) · Hallowed Crown (El Arcatraz: Harbinger Skyriss),,,https://www.wowhead.com/tbc/es/item=32090
Sacerdote,Sagrado (sanación),Hombros,Primal Mooncloth Shoulders,21874,Profesión,Sastrería,Hallowed Pauldrons (Laberinto de las Sombras: Grandmaster Vorpil) · Pauldrons of Sufferance (Antiguas Laderas de Trabalomas: Epoch Hunter),,Swiftheal Mantle (Receta disponible desde la fase 3),https://www.wowhead.com/tbc/es/item=21874
Sacerdote,Sagrado (sanación),Espalda,Light-Touched Stole of Altruism,29354,Mazmorra heroica,Criptas Auchenai (heroica): Exarch Maladaar,"Bishop's Cloak (Insignias de Justicia (G'eras, Shattrath)) · White Remedy Cape (Profesión: Sastrería)",,,https://www.wowhead.com/tbc/es/item=29354
Sacerdote,Sagrado (sanación),Pecho,Primal Mooncloth Robe,21875,Profesión,Sastrería,Hallowed Garments (Laberinto de las Sombras: Murmur) · Raiments of Divine Authority (El Horno de Sangre: Keli'dan the Breaker),,,https://www.wowhead.com/tbc/es/item=21875
Sacerdote,Sagrado (sanación),Muñecas,Bindings of the Timewalker,29183,Reputación,Vigilantes del Tiempo (Exaltado),Bands of the Benevolent (Salas Sethekk (heroica): Talon King Ikiss) · Elementalist Bracelets (Botín: Cofre (objeto del mundo)),,Swiftheal Wraps (Receta disponible desde la fase 3),https://www.wowhead.com/tbc/es/item=29183
Sacerdote,Sagrado (sanación),Manos,Hallowed Handwraps,27536,Mazmorra,Las Salas Arrasadas: Warchief Kargath Bladefist,Bloody Surgeon's Mitts (El Horno de Sangre: Broggok) · Prismatic Mittens of Mending (El Invernáculo: Commander Sarannis),,,https://www.wowhead.com/tbc/es/item=27536
Sacerdote,Sagrado (sanación),Cintura,Primal Mooncloth Belt,21873,Profesión,Sastrería,Cord of Sanctification (Antiguas Laderas de Trabalomas (heroica): Epoch Hunter) · Cord of Belief (Recinto de los Esclavos (heroica): Mennu the Betrayer),,Belt of the Long Road (Receta disponible desde la fase 2),https://www.wowhead.com/tbc/es/item=21873
Sacerdote,Sagrado (sanación),Piernas,Pontifex Kilt,30543,Mazmorra heroica,La Cámara de Vapor (heroica): Warlord Kalithresh,Hallowed Trousers (Salas Sethekk: Talon King Ikiss) · Whitemend Pants (Profesión: Sastrería),,Achromic Trousers of the Naaru (Disponible solo en fases posteriores),https://www.wowhead.com/tbc/es/item=30543
Sacerdote,Sagrado (sanación),Pies,Boots of the Pious,29251,Mazmorra heroica,El Mechanar (heroica): Pathaleon the Calculator,Slippers of Serenity (Criptas Auchenai: Exarch Maladaar) · Shattrath Jumpers (Misión: Into the Heart of the Labyrinth (Auchindoun)),,Boots of the Long Road (Receta disponible desde la fase 2),https://www.wowhead.com/tbc/es/item=29251
Sacerdote,Sagrado (sanación),Cuello,Necklace of Eternal Hope,29374,Insignias,"Insignias de Justicia (G'eras, Shattrath)",Karja's Medallion (Misión: Shutting Down Manaforge Ara (Netherstorm)) · Necklace of Resplendent Hope (Antiguas Laderas de Trabalomas (heroica): Epoch Hunter),,"Archaic Charm of Presence (Es de banda, no es pre-raid)",https://www.wowhead.com/tbc/es/item=29374
Sacerdote,Sagrado (sanación),Anillos 1,Band of Halos,29373,Insignias,"Insignias de Justicia (G'eras, Shattrath)",Gift of the Talonpriests (Botín: Terokk) · Band of the Crystalline Void (Tumbas de Maná (heroica): Yor <Void Hound of Shaffar>),,,https://www.wowhead.com/tbc/es/item=29373
Sacerdote,Sagrado (sanación),Anillos 2,Ancestral Band,29168,Reputación,Thrallmar (Reverenciado),,,,https://www.wowhead.com/tbc/es/item=29168
Sacerdote,Sagrado (sanación),Abalorios 1,Essence of the Martyr,29376,Insignias,"Insignias de Justicia (G'eras, Shattrath)",Scarab of the Infinite Cycle (La Ciénaga Negra: Aeonus) · Lower City Prayerbook (Reputación: Bajo Arrabal (Reverenciado)),,,https://www.wowhead.com/tbc/es/item=29376
Sacerdote,Sagrado (sanación),Abalorios 2,Darkmoon Card: Blue Dragon,19288,Mazo de la Luna Negra,Se crea al completar un mazo (cartas de inscripción/botín); se entrega en la Feria de la Luna Negra,,,,https://www.wowhead.com/tbc/es/item=19288
Sacerdote,Sagrado (sanación),Mano principal / dos manos,Hand of Eternity,23556,Profesión,Herrería,Shockwave Truncheon (Laberinto de las Sombras (heroica): Murmur) · The Ancient Scepter of Sue-Min (Otro: Botín de mundo (épico aleatorio)),,"Exodar Life-Staff (Es de banda, no es pre-raid)",https://www.wowhead.com/tbc/es/item=23556
Sacerdote,Sagrado (sanación),Varita,Soul-Wand of the Aldor,27885,Mazmorra,Laberinto de las Sombras: Ambassador Hellmaw,Flawless Wand (Botín: Cofre (objeto del mundo)) · Rejuvenating Scepter (Misión: Ar'kelos the Guardian (Netherstorm)),,,https://www.wowhead.com/tbc/es/item=27885
Sacerdote,Sagrado (sanación),Mano izquierda,Windcaller's Orb,29170,Reputación,Expedición Cenarion (Exaltado),"Tears of Heaven (Insignias de Justicia (G'eras, Shattrath)) · Faol's Signet of Cleansing (Murallas del Fuego Infernal (heroica): Omor the Unscarred)",,Voodoo Shaker (Disponible solo en fases posteriores),https://www.wowhead.com/tbc/es/item=29170
Sacerdote,Sombra,Cabeza,Spellstrike Hood,24266,Profesión,Sastrería,"Evoker's Helmet of Second Sight (Misión: Teron Gorefiend, I am... (Shadowmoon Valley)) · Hood of Oblivion (El Arcatraz: Harbinger Skyriss)",,Destruction Holo-gogs (Receta disponible desde la fase 2),https://www.wowhead.com/tbc/es/item=24266
Sacerdote,Sombra,Hombros,Frozen Shadoweave Shoulders,21869,Profesión,Sastrería,Spaulders of Oblivion (Laberinto de las Sombras: Murmur) · Felstone Mantle (Botín: Morcrush (criatura rara o jefe de mundo de Terrallende)),,,https://www.wowhead.com/tbc/es/item=21869
Sacerdote,Sombra,Espalda,Illidari Cloak,31201,Botín,Chief Engineer Lorthander (criatura rara o jefe de mundo de Terrallende),Amber Cape (Botín: Cofre (objeto del mundo)) · Cloak of the Black Void (Profesión: Sastrería),,,https://www.wowhead.com/tbc/es/item=31201
Sacerdote,Sombra,Pecho,Frozen Shadoweave Robe,21871,Profesión,Sastrería,Robe of Oblivion (Laberinto de las Sombras: Murmur) · Robe of the Crimson Order (Botín: Cofre (objeto del mundo)),,,https://www.wowhead.com/tbc/es/item=21871
Sacerdote,Sombra,Muñecas,Illidari Bindings,31225,Botín,Ambassador Jerrikar (criatura rara o jefe de mundo de Terrallende),Elementalist Bracelets (Botín: Cofre (objeto del mundo)) · Bracers of Havok (Profesión: Sastrería),,,https://www.wowhead.com/tbc/es/item=31225
Sacerdote,Sombra,Manos,Nethersteel-Lined Handwraps,31166,Botín,Speaker Mar'grom (criatura rara o jefe de mundo de Terrallende),Elementalist Gloves (Botín: Cofre (objeto del mundo)) · Tempest's Touch (Misión: Return to Andormu (Caverns of Time)),,,https://www.wowhead.com/tbc/es/item=31166
Sacerdote,Sombra,Cintura,Girdle of Ruination,24256,Profesión,Sastrería,Glyph-Lined Sash (Tumbas de Maná (heroica): Nexus-Prince Shaffar) · A'dal's Gift (Misión: How to Break Into the Arcatraz (Tempest Keep)),,Belt of Blasting (Receta disponible desde la fase 2),https://www.wowhead.com/tbc/es/item=24256
Sacerdote,Sombra,Piernas,Spellstrike Pants,24262,Profesión,Sastrería,Breeches of the Occultist (La Ciénaga Negra (heroica): Aeonus) · Kirin Tor Master's Trousers (Laberinto de las Sombras (heroica): Murmur),,,https://www.wowhead.com/tbc/es/item=24262
Sacerdote,Sombra,Pies,Frozen Shadoweave Boots,21870,Profesión,Sastrería,Shattrath Jumpers (Misión: Into the Heart of the Labyrinth (Auchindoun)) · Rocket Boots Xtreme Lite (Profesión: Ingeniería),,,https://www.wowhead.com/tbc/es/item=21870
Sacerdote,Sombra,Cuello,Natasha's Arcane Filament,31693,Misión,The Hound-Master (Blade's Edge Mountains),Chain of the Twilight Owl (Profesión: Joyería) · Eye of the Night (Profesión: Joyería),,Choker of the Fire Lord (Contenido de nivel 60 (antes de TBC)),https://www.wowhead.com/tbc/es/item=31693
Sacerdote,Sombra,Anillos 1,Cobalt Band of Tyrigosa,29352,Mazmorra heroica,Tumbas de Maná (heroica): Nexus-Prince Shaffar,Seal of the Exorcist (JcJ: JcJ de mundo: Terokkar (Fichas de Espíritu)),,Ring of the Fallen God (Contenido de nivel 60 (antes de TBC)),https://www.wowhead.com/tbc/es/item=29352
Sacerdote,Sombra,Anillos 2,Corruptor's Signet,32941,Botín,Shartuul,,,,https://www.wowhead.com/tbc/es/item=32941
Sacerdote,Sombra,Abalorios 1,Icon of the Silver Crescent,29370,Insignias,"Insignias de Justicia (G'eras, Shattrath)",,,,https://www.wowhead.com/tbc/es/item=29370
Sacerdote,Sombra,Abalorios 2,Quagmirran's Eye,27683,Mazmorra heroica,Recinto de los Esclavos (heroica): Quagmirran,,,,https://www.wowhead.com/tbc/es/item=27683
Sacerdote,Sombra,Mano principal / dos manos,Gavel of Unearthed Secrets,30832,Reputación,Bajo Arrabal (Exaltado),Eternium Runed Blade (Profesión: Herrería) · Gladiator's Gavel (JcJ: Arena temporada 1 (Gladiador): puntos de arena y honor),,,https://www.wowhead.com/tbc/es/item=30832
Sacerdote,Sombra,Mano izquierda,Orb of the Soul-Eater,29272,Insignias,"Insignias de Justicia (G'eras, Shattrath)","Khadgar's Knapsack (Insignias de Justicia (G'eras, Shattrath)) · Draenei Crystal Rod (Botín: Cofre (objeto del mundo))",,,https://www.wowhead.com/tbc/es/item=29272
Sacerdote,Sombra,Varita,Illidari Rod of Discipline,32872,Misión,Subdue the Subduer (Shadowmoon Valley),Flawless Wand (Botín: Cofre (objeto del mundo)) · The Black Stalk (La Sotiénaga (heroica): The Black Stalker),,,https://www.wowhead.com/tbc/es/item=32872
Pícaro,DPS (Combate/Asesinato),Cabeza,Wastewalker Helm,28224,Mazmorra heroica,Antiguas Laderas de Trabalomas (heroica): Epoch Hunter,"Mask of the Deceiver (Insignias de Justicia (G'eras, Shattrath)) · Helm of the Claw (Misión: The Warlord's Hideout (The Steamvault))",,Deathblow X11 Goggles (Receta disponible desde la fase 2),https://www.wowhead.com/tbc/es/item=28224
Pícaro,DPS (Combate/Asesinato),Hombros,Wastewalker Shoulderpads,27797,Mazmorra heroica,Criptas Auchenai (heroica): Avatar of the Martyred,Expedition Scout's Epaulets (Misión: Fel Embers (Hellfire Citadel)) · Blackened Leather Spaulders (Reputación: Kurenai (Reverenciado)),,,https://www.wowhead.com/tbc/es/item=27797
Pícaro,DPS (Combate/Asesinato),Espalda,Vengeance Wrap,24259,Profesión,Sastrería,"Auchenai Death Shroud (Criptas Auchenai (heroica): Avatar of the Martyred) · Blood Knight War Cloak (Insignias de Justicia (G'eras, Shattrath))",,,https://www.wowhead.com/tbc/es/item=24259
Pícaro,DPS (Combate/Asesinato),Pecho,Wastewalker Tunic,28264,Mazmorra heroica,El Horno de Sangre (heroica): Keli'dan the Breaker,Primalstrike Vest (Profesión: Peletería) · Hauberk of Karabor (Misión: Varedis Must Be Stopped (Shadowmoon Valley)),,,https://www.wowhead.com/tbc/es/item=28264
Pícaro,DPS (Combate/Asesinato),Muñecas,Nightfall Wristguards,29246,Mazmorra heroica,Antiguas Laderas de Trabalomas (heroica): Epoch Hunter,Primalstrike Bracers (Profesión: Peletería) · Spymistress's Wristguards (Misión: The Soul Devices (Auchindoun)),,Shard-bound Bracers (Disponible desde la fase 2),https://www.wowhead.com/tbc/es/item=29246
Pícaro,DPS (Combate/Asesinato),Manos,Fel Leather Gloves,25685,Profesión,Peletería,Wastewalker Gloves (Las Salas Arrasadas: Warchief Kargath Bladefist) · Gloves of the Nether-Stalker (Misión: Dealing with the Overmaster (Netherstorm)),,,https://www.wowhead.com/tbc/es/item=25685
Pícaro,DPS (Combate/Asesinato),Cintura,Girdle of the Deathdealer,29247,Mazmorra heroica,La Ciénaga Negra (heroica): Aeonus,Primalstrike Belt (Profesión: Peletería) · Socrethar's Girdle (Misión: Turning Point (Netherstorm)),,,https://www.wowhead.com/tbc/es/item=29247
Pícaro,DPS (Combate/Asesinato),Piernas,Wastewalker Leggings,27837,Mazmorra heroica,Tumbas de Maná (heroica): Nexus-Prince Shaffar,Fel Leather Leggings (Profesión: Peletería) · Clefthoof Hide Leggings (Misión: Showdown (Blade's Edge Mountains)),,,https://www.wowhead.com/tbc/es/item=27837
Pícaro,DPS (Combate/Asesinato),Pies,Fel Leather Boots,25686,Profesión,Peletería,Felboar Hide Shoes (Misión: The Cipher of Damnation - The Third Fragment Recovered (Shadowmoon Valley)),,,https://www.wowhead.com/tbc/es/item=25686
Pícaro,DPS (Combate/Asesinato),Cuello,Choker of Vile Intent,29381,Insignias,"Insignias de Justicia (G'eras, Shattrath)",Braided Eternium Chain (Profesión: Joyería) · Earthen Mark of Razing (Misión: Gurok the Usurper (Nagrand)),,,https://www.wowhead.com/tbc/es/item=29381
Pícaro,DPS (Combate/Asesinato),Anillos 1,Shaffar's Band of Brutality,31920,Mazmorra heroica,Tumbas de Maná (heroica): Yor <Void Hound of Shaffar>,Slayer's Mark of the Redemption (Misión: Dissension Amongst the Ranks... (Shadowmoon Valley)) · Kaylaan's Signet (Misión: Deathblow to the Legion (Netherstorm)),,,https://www.wowhead.com/tbc/es/item=31920
Pícaro,DPS (Combate/Asesinato),Anillos 2,Shapeshifter's Signet,30834,Reputación,Bajo Arrabal (Exaltado),,,,https://www.wowhead.com/tbc/es/item=30834
Pícaro,DPS (Combate/Asesinato),Abalorios 1,Bloodlust Brooch,29383,Insignias,"Insignias de Justicia (G'eras, Shattrath)",Hourglass of the Unraveller (La Ciénaga Negra: Temporus),,Mark of the Champion (Contenido de nivel 60 (antes de TBC)),https://www.wowhead.com/tbc/es/item=29383
Pícaro,DPS (Combate/Asesinato),Abalorios 2,Abacus of Violent Odds,28288,Mazmorra,El Mechanar: Pathaleon the Calculator,,,,https://www.wowhead.com/tbc/es/item=28288
Pícaro,DPS (Combate/Asesinato),Mano principal,Dragonmaw,28438,Profesión,Herrería,Gladiator's Slicer (JcJ: Arena temporada 1 (Gladiador): puntos de arena y honor) · Blinkstrike (Otro: Botín de mundo (épico aleatorio)),,Merciless Gladiator's Slicer (Arena temporada 2: fase 2 en adelante),https://www.wowhead.com/tbc/es/item=28438
Pícaro,DPS (Combate/Asesinato),Mano izquierda,Gladiator's Quickblade,28307,JcJ,Arena temporada 1 (Gladiador): puntos de arena y honor,"Latro's Shifting Sword (La Ciénaga Negra: Aeonus) · Searing Sunblade (Insignias de Justicia (G'eras, Shattrath))",,Merciless Gladiator's Quickblade (Arena temporada 2: fase 2 en adelante),https://www.wowhead.com/tbc/es/item=28307
Pícaro,DPS (Combate/Asesinato),A distancia,Veteran's Musket,29151,Reputación,Bastión del Honor (Exaltado),Mama's Insurance (Misión: Declawing Doomclaw (Netherstorm)) · Mark V's Throwing Star (Misión: Mark V is Alive! (Netherstorm)),,,https://www.wowhead.com/tbc/es/item=29151
Chamán,Elemental,Cabeza,Storm Master's Helmet,32086,Insignias,"Insignias de Justicia (G'eras, Shattrath)",Hood of Oblivion (El Arcatraz: Harbinger Skyriss) · Incanter's Cowl (El Mechanar: Pathaleon the Calculator),,Gadgetstorm Goggles (Receta disponible desde la fase 2),https://www.wowhead.com/tbc/es/item=32086
Chamán,Elemental,Hombros,Pauldrons of Wild Magic,32078,Mazmorra heroica,Recinto de los Esclavos (heroica): Quagmirran,Spaulders of the Torn-heart (Misión: The Cipher of Damnation - The Third Fragment Recovered (Shadowmoon Valley)) · Mana-Etched Spaulders (Recinto de los Esclavos (heroica): Quagmirran),,,https://www.wowhead.com/tbc/es/item=32078
Chamán,Elemental,Espalda,Shawl of Shifting Probabilities,29369,Insignias,"Insignias de Justicia (G'eras, Shattrath)",Illidari Cloak (Botín: Chief Engineer Lorthander (criatura rara o jefe de mundo de Terrallende)) · Sethekk Oracle Cloak (Salas Sethekk: Talon King Ikiss),,,https://www.wowhead.com/tbc/es/item=29369
Chamán,Elemental,Pecho,Netherstrike Breastplate,29519,Profesión,Peletería,Windhawk Hauberk (Profesión: Peletería) · Mana-Etched Vestments (Antiguas Laderas de Trabalomas (heroica): Epoch Hunter),,,https://www.wowhead.com/tbc/es/item=29519
Chamán,Elemental,Muñecas,Netherstrike Bracers,29521,Profesión,Peletería,Windhawk Bracers (Profesión: Peletería) · Bracers of Havok (Profesión: Sastrería),,,https://www.wowhead.com/tbc/es/item=29521
Chamán,Elemental,Manos,Mana-Etched Gloves,27465,Mazmorra heroica,Murallas del Fuego Infernal (heroica): Omor the Unscarred,Earth Mantle Handwraps (La Cámara de Vapor: Mekgineer Steamrigger) · Gloves of Pandemonium (Botín de mundo ligado al equipar (se puede comprar en la subasta)),,,https://www.wowhead.com/tbc/es/item=27465
Chamán,Elemental,Cintura,Netherstrike Belt,29520,Profesión,Peletería,Girdle of Ruination (Profesión: Sastrería) · Windhawk Belt (Profesión: Peletería),,,https://www.wowhead.com/tbc/es/item=29520
Chamán,Elemental,Piernas,Spellstrike Pants,24262,Profesión,Sastrería,Stormsong Kilt (La Sotiénaga (heroica): The Black Stalker) · Kurenai Kilt (Reputación: Kurenai (Reverenciado)),,,https://www.wowhead.com/tbc/es/item=24262
Chamán,Elemental,Pies,Sigil-Laced Boots,28406,Mazmorra,El Arcatraz: Harbinger Skyriss,Shattrath Jumpers (Misión: Into the Heart of the Labyrinth (Auchindoun)),,,https://www.wowhead.com/tbc/es/item=28406
Chamán,Elemental,Cuello,Brooch of Heightened Potential,28134,Mazmorra,Laberinto de las Sombras: Blackheart the Inciter,Natasha's Ember Necklace (Misión: The Hound-Master (Blade's Edge Mountains)) · Torc of the Sethekk Prophet (Misión: Brother Against Brother (Auchindoun)),,,https://www.wowhead.com/tbc/es/item=28134
Chamán,Elemental,Anillos 1,Seer's Signet,29126,Reputación,Los Arúspices (Exaltado),Cobalt Band of Tyrigosa (Tumbas de Maná (heroica): Nexus-Prince Shaffar) · Band of Dominion (Botín de mundo ligado al equipar (se puede comprar en la subasta)),,,https://www.wowhead.com/tbc/es/item=29126
Chamán,Elemental,Anillos 2,Ring of Cryptic Dreams,29367,Insignias,"Insignias de Justicia (G'eras, Shattrath)",,,,https://www.wowhead.com/tbc/es/item=29367
Chamán,Elemental,Abalorios 1,Icon of the Silver Crescent,29370,Insignias,"Insignias de Justicia (G'eras, Shattrath)",Xi'ri's Gift (Reputación: Los Sha'tar (Reverenciado)) · Scryer's Bloodgem (Reputación: Los Arúspices (Reverenciado)),,Mark of the Champion (Contenido de nivel 60 (antes de TBC)),https://www.wowhead.com/tbc/es/item=29370
Chamán,Elemental,Abalorios 2,Quagmirran's Eye,27683,Mazmorra heroica,Recinto de los Esclavos (heroica): Quagmirran,,,,https://www.wowhead.com/tbc/es/item=27683
Chamán,Elemental,Arma,Gladiator's Gavel,32450,JcJ,Arena temporada 1 (Gladiador): puntos de arena y honor,Eternium Runed Blade (Profesión: Herrería) · Gavel of Unearthed Secrets (Reputación: Bajo Arrabal (Exaltado)),,,https://www.wowhead.com/tbc/es/item=32450
Chamán,Elemental,Escudo / mano izquierda,Khadgar's Knapsack,29273,Insignias,"Insignias de Justicia (G'eras, Shattrath)","Mazthoril Honor Shield (Insignias de Justicia (G'eras, Shattrath)) · Draenei Honor Guard Shield (Botín de mundo ligado al equipar (se puede comprar en la subasta))",,,https://www.wowhead.com/tbc/es/item=29273
Chamán,Elemental,Tótem,Totem of the Void,28248,Mazmorra heroica,El Mechanar (heroica): Cache of the Legion,"Totem of the Pulsing Earth (Insignias de Justicia (G'eras, Shattrath))",,,https://www.wowhead.com/tbc/es/item=28248
Chamán,Mejora,Cabeza,Mask of the Deceiver,32087,Insignias,"Insignias de Justicia (G'eras, Shattrath)",Wastewalker Helm (Antiguas Laderas de Trabalomas (heroica): Epoch Hunter) · Helm of the Claw (Misión: The Warlord's Hideout (The Steamvault)),,Surestrike Goggles v2.0 (Receta disponible desde la fase 2),https://www.wowhead.com/tbc/es/item=32087
Chamán,Mejora,Hombros,Wastewalker Shoulderpads,27797,Mazmorra heroica,Criptas Auchenai (heroica): Avatar of the Martyred,Mantle of Perenolde (Antiguas Laderas de Trabalomas: Epoch Hunter) · Blackened Leather Spaulders (Reputación: Kurenai (Reverenciado)),,,https://www.wowhead.com/tbc/es/item=27797
Chamán,Mejora,Espalda,Cloak of Darkness,33122,Profesión,Peletería,Vengeance Wrap (Profesión: Sastrería) · Auchenai Death Shroud (Criptas Auchenai (heroica): Avatar of the Martyred),,,https://www.wowhead.com/tbc/es/item=33122
Chamán,Mejora,Pecho,Primalstrike Vest,29525,Profesión,Peletería,Ebon Netherscale Breastplate (Profesión: Peletería) · Hauberk of Karabor (Misión: Varedis Must Be Stopped (Shadowmoon Valley)),,,https://www.wowhead.com/tbc/es/item=29525
Chamán,Mejora,Muñecas,Primalstrike Bracers,29527,Profesión,Peletería,Ebon Netherscale Bracers (Profesión: Peletería) · Felstalker Bracers (Profesión: Peletería),,,https://www.wowhead.com/tbc/es/item=29527
Chamán,Mejora,Manos,Fel Leather Gloves,25685,Profesión,Peletería,Handgrips of Assassination (La Ciénaga Negra: Aeonus) · Predatory Gloves (Tumbas de Maná (heroica): Tavarok),,,https://www.wowhead.com/tbc/es/item=25685
Chamán,Mejora,Cintura,Primalstrike Belt,29526,Profesión,Peletería,Ebon Netherscale Belt (Profesión: Peletería) · Girdle of the Deathdealer (La Ciénaga Negra (heroica): Aeonus),,,https://www.wowhead.com/tbc/es/item=29526
Chamán,Mejora,Piernas,Clefthoof Hide Leggings,31544,Misión,Showdown (Blade's Edge Mountains),Fel Leather Leggings (Profesión: Peletería) · Midnight Legguards (Recinto de los Esclavos (heroica): Quagmirran),,,https://www.wowhead.com/tbc/es/item=31544
Chamán,Mejora,Pies,Fel Leather Boots,25686,Profesión,Peletería,Boots of the Unjust (Criptas Auchenai (heroica): Exarch Maladaar) · The Master's Treads (Botín de mundo ligado al equipar (se puede comprar en la subasta)),,,https://www.wowhead.com/tbc/es/item=25686
Chamán,Mejora,Cuello,Choker of Vile Intent,29381,Insignias,"Insignias de Justicia (G'eras, Shattrath)",Natasha's Choker (Misión: The Hound-Master (Blade's Edge Mountains)) · Traitor's Noose (Recinto de los Esclavos (heroica): Mennu the Betrayer),,,https://www.wowhead.com/tbc/es/item=29381
Chamán,Mejora,Anillos 1,Shapeshifter's Signet,30834,Reputación,Bajo Arrabal (Exaltado),Kaylaan's Signet (Misión: Deathblow to the Legion (Netherstorm)) · Acrobat's Mark of the Sha'tar (Misión: Battle of the Crimson Watch (Shadowmoon Valley)),,,https://www.wowhead.com/tbc/es/item=30834
Chamán,Mejora,Anillos 2,Shaffar's Band of Brutality,31920,Mazmorra heroica,Tumbas de Maná (heroica): Yor <Void Hound of Shaffar>,,,,https://www.wowhead.com/tbc/es/item=31920
Chamán,Mejora,Abalorios 1,Bloodlust Brooch,29383,Insignias,"Insignias de Justicia (G'eras, Shattrath)",Core of Ar'kelos (Misión: Ar'kelos the Guardian (Netherstorm)) · Hourglass of the Unraveller (La Ciénaga Negra: Temporus),,Mark of the Champion (Contenido de nivel 60 (antes de TBC)),https://www.wowhead.com/tbc/es/item=29383
Chamán,Mejora,Abalorios 2,Abacus of Violent Odds,28288,Mazmorra,El Mechanar: Pathaleon the Calculator,,,,https://www.wowhead.com/tbc/es/item=28288
Chamán,Mejora,Arma de una mano,Gladiator's Cleaver,28308,JcJ,Arena temporada 1 (Gladiador): puntos de arena y honor,Dragonmaw (Profesión: Herrería) · The Bladefist (Las Salas Arrasadas (heroica): Warchief Kargath Bladefist),,,https://www.wowhead.com/tbc/es/item=28308
Chamán,Mejora,Tótem,Totem of the Astral Winds,27815,Mazmorra heroica,Tumbas de Maná (heroica): Pandemonius,,,,https://www.wowhead.com/tbc/es/item=27815
Chamán,Restauración,Cabeza,Whitemend Hood,24264,Profesión,Sastrería,Living Dragonscale Helm (Profesión: Peletería) · Headdress of the Tides (La Sotiénaga (heroica): Ghaz'an),,Living Replicator Specs (Receta disponible desde la fase 2),https://www.wowhead.com/tbc/es/item=24264
Chamán,Restauración,Hombros,Primal Mooncloth Shoulders,21874,Profesión,Sastrería,Mantle of the Sea Wolf (Tumbas de Maná (heroica): Tavarok) · Hallowed Pauldrons (Laberinto de las Sombras: Grandmaster Vorpil),,,https://www.wowhead.com/tbc/es/item=21874
Chamán,Restauración,Espalda,Lifegiving Cloak,31329,Otro,Botín de mundo (épico aleatorio),White Remedy Cape (Profesión: Sastrería) · Cloak of the Everliving (Murallas del Fuego Infernal (heroica): Watchkeeper Gargolmar),,,https://www.wowhead.com/tbc/es/item=31329
Chamán,Restauración,Pecho,Windhawk Hauberk,29522,Profesión,Peletería,Primal Mooncloth Robe (Profesión: Sastrería) · Earthpeace Breastplate (Profesión: Herrería),,,https://www.wowhead.com/tbc/es/item=29522
Chamán,Restauración,Muñecas,Windhawk Bracers,29523,Profesión,Peletería,Bindings of the Timewalker (Reputación: Vigilantes del Tiempo (Exaltado)) · Primal Surge Bracers (La Ciénaga Negra: Aeonus),,,https://www.wowhead.com/tbc/es/item=29523
Chamán,Restauración,Manos,Fathomheart Gauntlets,27806,Mazmorra,La Cámara de Vapor: Warlord Kalithresh,Prismatic Mittens of Mending (El Invernáculo: Commander Sarannis) · Gloves of the Living Touch (Profesión: Peletería),,,https://www.wowhead.com/tbc/es/item=27806
Chamán,Restauración,Cintura,Windhawk Belt,29524,Profesión,Peletería,Primal Mooncloth Belt (Profesión: Sastrería) · Cord of Sanctification (Antiguas Laderas de Trabalomas (heroica): Epoch Hunter),,,https://www.wowhead.com/tbc/es/item=29524
Chamán,Restauración,Piernas,Whitemend Pants,24261,Profesión,Sastrería,Pontifex Kilt (La Cámara de Vapor (heroica): Warlord Kalithresh) · Kamaei's Cerulean Skirt (Otro: Botín de mundo (épico aleatorio)),,,https://www.wowhead.com/tbc/es/item=24261
Chamán,Restauración,Pies,Slippers of Serenity,27411,Mazmorra,Criptas Auchenai: Exarch Maladaar,Wavefury Boots (Recinto de los Esclavos (heroica): Rokmar the Crackler) · Jeweled Boots of Sanctification (Las Salas Arrasadas: Warbringer O'mrogg),,,https://www.wowhead.com/tbc/es/item=27411
Chamán,Restauración,Cuello,Gezzarak's Fang,32531,Botín,Gezzarak the Huntress,Natasha's Guardian Cord (Misión: The Hound-Master (Blade's Edge Mountains)) · Necklace of Resplendent Hope (Antiguas Laderas de Trabalomas (heroica): Epoch Hunter),,,https://www.wowhead.com/tbc/es/item=32531
Chamán,Restauración,Anillos 1,Gift of the Talonpriests,32535,Botín,Terokk,Cosmic Lifeband (El Mechanar: Nethermancer Sepethrea) · Band of the Crystalline Void (Tumbas de Maná (heroica): Yor <Void Hound of Shaffar>),,,https://www.wowhead.com/tbc/es/item=32535
Chamán,Restauración,Anillos 2,Ring of Convalescence,29169,Reputación,Bastión del Honor (Reverenciado),,,,https://www.wowhead.com/tbc/es/item=29169
Chamán,Restauración,Abalorios 1,Essence of the Martyr,29376,Insignias,"Insignias de Justicia (G'eras, Shattrath)",,,,https://www.wowhead.com/tbc/es/item=29376
Chamán,Restauración,Abalorios 2,Scarab of the Infinite Cycle,28190,Mazmorra,La Ciénaga Negra: Aeonus,,,,https://www.wowhead.com/tbc/es/item=28190
Chamán,Restauración,Arma,Gladiator's Salvation,32451,JcJ,Arena temporada 1 (Gladiador): puntos de arena y honor,Hand of Eternity (Profesión: Herrería) · Shockwave Truncheon (Laberinto de las Sombras (heroica): Murmur),,,https://www.wowhead.com/tbc/es/item=32451
Chamán,Restauración,Escudo / mano izquierda,Light-Bearer's Faith Shield,29267,Insignias,"Insignias de Justicia (G'eras, Shattrath)","Tears of Heaven (Insignias de Justicia (G'eras, Shattrath)) · Faol's Signet of Cleansing (Murallas del Fuego Infernal (heroica): Omor the Unscarred)",,,https://www.wowhead.com/tbc/es/item=29267
Chamán,Restauración,Tótem,Totem of Spontaneous Regrowth,27544,Mazmorra heroica,Recinto de los Esclavos (heroica): Mennu the Betrayer,Totem of the Plains (Misión: The Ultimate Bloodsport (Nagrand)),,,https://www.wowhead.com/tbc/es/item=27544
Guerrero,Protección,Cabeza,Myrmidon's Headdress,28180,Misión,The Warlord's Hideout (The Steamvault),Felsteel Helm (Profesión: Herrería) · Hope Bearer Helm (Criptas Auchenai: Shirrak the Dead Watcher),,Tankatronic Goggles (Receta disponible desde la fase 2),https://www.wowhead.com/tbc/es/item=28180
Guerrero,Protección,Hombros,Savage Plate Shoulders,35411,Vendedor,Nakodu (Shattrath City),Fanblade Pauldrons (Criptas Auchenai (heroica): Shirrak the Dead Watcher) · Spaulders of Dementia (Salas Sethekk (heroica): Talon King Ikiss),,,https://www.wowhead.com/tbc/es/item=35411
Guerrero,Protección,Espalda,Devilshark Cape,27804,Mazmorra,La Cámara de Vapor: Warlord Kalithresh,Cloak of Eternity (Profesión: Sastrería) · Mithril-Bark Cloak (El Invernáculo: Laj),,,https://www.wowhead.com/tbc/es/item=27804
Guerrero,Protección,Pecho,Savage Plate Chestpiece,35407,Vendedor,Almaador (Shattrath City),Breastplate of the Bold (El Arcatraz: Harbinger Skyriss) · Jade-Skull Breastplate (El Mechanar: Nethermancer Sepethrea),,,https://www.wowhead.com/tbc/es/item=35407
Guerrero,Protección,Muñecas,Marshal's Plate Bracers,28996,JcJ,Honor (vendedor de JcJ),Amber Bands of the Aggressor (La Cámara de Vapor (heroica): Warlord Kalithresh) · Vambraces of Daring (Murallas del Fuego Infernal (heroica): Nazan & Vazruden),,Veteran's Plate Bracers (Disponible desde la fase 2),https://www.wowhead.com/tbc/es/item=28996
Guerrero,Protección,Manos,Gauntlets of the Bold,27475,Mazmorra,La Cámara de Vapor: Warlord Kalithresh,Gauntlets of Dissension (El Invernáculo (heroica): Warp Splinter) · Felsteel Gloves (Profesión: Herrería),,,https://www.wowhead.com/tbc/es/item=27475
Guerrero,Protección,Cintura,Marshal's Plate Belt,28995,JcJ,Honor (vendedor de JcJ),Girdle of the Immovable (Recinto de los Esclavos (heroica): Quagmirran) · Lion's Heart Girdle (Murallas del Fuego Infernal (heroica): Nazan & Vazruden),,Veteran's Plate Belt (Disponible desde la fase 2),https://www.wowhead.com/tbc/es/item=28995
Guerrero,Protección,Piernas,Timewarden's Leggings,29184,Reputación,Vigilantes del Tiempo (Reverenciado),Vanquisher's Legplates (El Mechanar (heroica): Pathaleon the Calculator) · Felsteel Leggings (Profesión: Herrería),,,https://www.wowhead.com/tbc/es/item=29184
Guerrero,Protección,Pies,Marshal's Plate Greaves,28997,JcJ,Honor (vendedor de JcJ),Eaglecrest Warboots (El Horno de Sangre (heroica): Keli'dan the Breaker) · Sha'tari Wrought Greaves (Misión: Into the Heart of the Labyrinth (Auchindoun)),,Veteran's Plate Greaves (Disponible desde la fase 2),https://www.wowhead.com/tbc/es/item=28997
Guerrero,Protección,Cuello,Necklace of the Juggernaut,29386,Insignias,"Insignias de Justicia (G'eras, Shattrath)",Mark of the Ravenguard (Misión: Brother Against Brother (Auchindoun)) · Thalodien's Charm (Misión: Shutting Down Manaforge Ara (Netherstorm)),,Veteran's Pendant of Triumph (Disponible desde la fase 2),https://www.wowhead.com/tbc/es/item=29386
Guerrero,Protección,Anillos 1,Shapeshifter's Signet,30834,Reputación,Bajo Arrabal (Exaltado),Band of the Exorcist (JcJ: JcJ de mundo: Terokkar (Fichas de Espíritu)) · Wind Trader's Band (Misión: Dealing with the Overmaster (Netherstorm)),,,https://www.wowhead.com/tbc/es/item=30834
Guerrero,Protección,Anillos 2,Crystal Band of Valor,27822,Mazmorra heroica,Tumbas de Maná (heroica): Tavarok,,,,https://www.wowhead.com/tbc/es/item=27822
Guerrero,Protección,Abalorios 1,Goblin Rocket Launcher,23836,Profesión,Ingeniería,Argussian Compass (La Sotiénaga (heroica): The Black Stalker) · Timelapse Shard (Reputación: Vigilantes del Tiempo (Exaltado)),,,https://www.wowhead.com/tbc/es/item=23836
Guerrero,Protección,Abalorios 2,Gnomish Poultryizer,23835,Profesión,Ingeniería,,,,https://www.wowhead.com/tbc/es/item=23835
Guerrero,Protección,Arma de una mano,Latro's Shifting Sword,28189,Mazmorra,La Ciénaga Negra: Aeonus,Warbringer (Reputación: Thrallmar (Exaltado)) · The Sun Eater (El Mechanar (heroica): Pathaleon the Calculator),,,https://www.wowhead.com/tbc/es/item=28189
Guerrero,Protección,Escudo,Azure-Shield of Coldarra,29266,Insignias,"Insignias de Justicia (G'eras, Shattrath)",Crest of the Sha'tar (Reputación: Los Sha'tar (Exaltado)) · The Fel Barrier (Tumbas de Maná (heroica): Nexus-Prince Shaffar),,,https://www.wowhead.com/tbc/es/item=29266
Guerrero,Protección,A distancia,Gyro-Balanced Khorium Destroyer,32756,Profesión,Ingeniería,The Boomstick (Salas Sethekk (heroica): Anzu) · Spinesever (Otro: Botín de mundo (épico aleatorio)),,,https://www.wowhead.com/tbc/es/item=32756
Guerrero,DPS (Armas/Furia),Cabeza,Mask of the Deceiver,32087,Insignias,"Insignias de Justicia (G'eras, Shattrath)",Wastewalker Helm (Antiguas Laderas de Trabalomas (heroica): Epoch Hunter) · Helm of the Claw (Misión: The Warlord's Hideout (The Steamvault)),,Furious Gizmatic Goggles (Receta disponible desde la fase 2),https://www.wowhead.com/tbc/es/item=32087
Guerrero,DPS (Armas/Furia),Hombros,Ragesteel Shoulders,33173,Profesión,Herrería,Wastewalker Shoulderpads (Criptas Auchenai (heroica): Avatar of the Martyred) · Mantle of Perenolde (Antiguas Laderas de Trabalomas: Epoch Hunter),,,https://www.wowhead.com/tbc/es/item=33173
Guerrero,DPS (Armas/Furia),Espalda,Vengeance Wrap,24259,Profesión,Sastrería,Auchenai Death Shroud (Criptas Auchenai (heroica): Avatar of the Martyred) · Cloak of the Inciter (Laberinto de las Sombras: Blackheart the Inciter),,,https://www.wowhead.com/tbc/es/item=24259
Guerrero,DPS (Armas/Furia),Pecho,Gladiator's Plate Chestpiece,24544,JcJ,Arena temporada 1 (Gladiador): puntos de arena y honor,Ragesteel Breastplate (Profesión: Herrería) · Doomplate Chestguard (El Arcatraz: Harbinger Skyriss),,,https://www.wowhead.com/tbc/es/item=24544
Guerrero,DPS (Armas/Furia),Muñecas,Black Felsteel Bracers,23537,Profesión,Herrería,Spymistress's Wristguards (Misión: The Soul Devices (Auchindoun)),,Veteran's Plate Bracers (Disponible desde la fase 2),https://www.wowhead.com/tbc/es/item=23537
Guerrero,DPS (Armas/Furia),Manos,Fel Leather Gloves,25685,Profesión,Peletería,Doomplate Gauntlets (El Horno de Sangre (heroica): Keli'dan the Breaker) · Ragesteel Gloves (Profesión: Herrería),,,https://www.wowhead.com/tbc/es/item=25685
Guerrero,DPS (Armas/Furia),Cintura,Deathforge Girdle,27985,Mazmorra,Salas Sethekk: Talon King Ikiss,Girdle of the Deathdealer (La Ciénaga Negra (heroica): Aeonus) · Shattrath's Champion Belt (Misión: How to Break Into the Arcatraz (Tempest Keep)),,Veteran's Plate Belt (Disponible desde la fase 2),https://www.wowhead.com/tbc/es/item=27985
Guerrero,DPS (Armas/Furia),Piernas,Midnight Legguards,30538,Mazmorra heroica,Recinto de los Esclavos (heroica): Quagmirran,Fel Leather Leggings (Profesión: Peletería) · Shattrath Leggings (Misión: Special Delivery to Shattrath City (Shattrath City)),,,https://www.wowhead.com/tbc/es/item=30538
Guerrero,DPS (Armas/Furia),Pies,Fel Leather Boots,25686,Profesión,Peletería,Boots of the Unjust (Criptas Auchenai (heroica): Exarch Maladaar) · Sha'tari Wrought Greaves (Misión: Into the Heart of the Labyrinth (Auchindoun)),,Veteran's Plate Greaves (Disponible desde la fase 2),https://www.wowhead.com/tbc/es/item=25686
Guerrero,DPS (Armas/Furia),Cuello,Choker of Vile Intent,29381,Insignias,"Insignias de Justicia (G'eras, Shattrath)",Natasha's Choker (Misión: The Hound-Master (Blade's Edge Mountains)) · Traitor's Noose (Recinto de los Esclavos (heroica): Mennu the Betrayer),,Veteran's Band of Triumph (Disponible desde la fase 2),https://www.wowhead.com/tbc/es/item=29381
Guerrero,DPS (Armas/Furia),Anillos 1,Ring of Arathi Warlords,29379,Insignias,"Insignias de Justicia (G'eras, Shattrath)",Ring of Umbral Doom (El Invernáculo: Thorngrin the Tender) · Slayer's Mark of the Redemption (Misión: Dissension Amongst the Ranks... (Shadowmoon Valley)),,Band of Unnatural Forces (Contenido de nivel 60 (antes de TBC)),https://www.wowhead.com/tbc/es/item=29379
Guerrero,DPS (Armas/Furia),Anillos 2,Shapeshifter's Signet,30834,Reputación,Bajo Arrabal (Exaltado),,,,https://www.wowhead.com/tbc/es/item=30834
Guerrero,DPS (Armas/Furia),Abalorios 1,Bloodlust Brooch,29383,Insignias,"Insignias de Justicia (G'eras, Shattrath)",Abacus of Violent Odds (El Mechanar: Pathaleon the Calculator),,,https://www.wowhead.com/tbc/es/item=29383
Guerrero,DPS (Armas/Furia),Abalorios 2,Hourglass of the Unraveller,28034,Mazmorra,La Ciénaga Negra: Temporus,,,,https://www.wowhead.com/tbc/es/item=28034
Guerrero,DPS (Armas/Furia),Mano principal,Dragonmaw,28438,Profesión,Herrería,Drakefist Hammer (Profesión: Herrería) · Gladiator's Slicer (JcJ: Arena temporada 1 (Gladiador): puntos de arena y honor),,,https://www.wowhead.com/tbc/es/item=28438
Guerrero,DPS (Armas/Furia),Mano izquierda,Gladiator's Slicer,28295,JcJ,Arena temporada 1 (Gladiador): puntos de arena y honor,Vindicator's Brand (Reputación: Los Aldor (Exaltado)) · Fel Edged Battleaxe (Profesión: Herrería),,,https://www.wowhead.com/tbc/es/item=28295
Guerrero,DPS (Armas/Furia),Arma de dos manos,Lionheart Champion,28429,Profesión,Herrería,Quantum Blade (La Ciénaga Negra (heroica): Aeonus) · Deep Thunder (Profesión: Herrería),,,https://www.wowhead.com/tbc/es/item=28429
Guerrero,DPS (Armas/Furia),A distancia,Mama's Insurance,30279,Misión,Declawing Doomclaw (Netherstorm),Marksman's Bow (Reputación: Thrallmar (Exaltado)),,,https://www.wowhead.com/tbc/es/item=30279
Brujo,Aflicción,Cabeza,Spellstrike Hood,24266,Profesión,Sastrería,"Evoker's Helmet of Second Sight (Misión: Teron Gorefiend, I am... (Shadowmoon Valley)) · Incanter's Cowl (El Mechanar: Pathaleon the Calculator)",,Destruction Holo-gogs (Receta disponible desde la fase 2),https://www.wowhead.com/tbc/es/item=24266
Brujo,Aflicción,Hombros,Frozen Shadoweave Shoulders,21869,Profesión,Sastrería,Mana-Etched Spaulders (Recinto de los Esclavos (heroica): Quagmirran) · Mantle of Three Terrors (La Ciénaga Negra: Chrono Lord Deja),,,https://www.wowhead.com/tbc/es/item=21869
Brujo,Aflicción,Espalda,Sethekk Oracle Cloak,27981,Mazmorra,Salas Sethekk: Talon King Ikiss,Cloak of Entropy (Botín de mundo ligado al equipar (se puede comprar en la subasta)),,Cloak of the Necropolis (Contenido de nivel 60 (antes de TBC)),https://www.wowhead.com/tbc/es/item=27981
Brujo,Aflicción,Pecho,Frozen Shadoweave Robe,21871,Profesión,Sastrería,Robe of the Crimson Order (Botín: Cofre (objeto del mundo)) · Auchenai Anchorite's Robe (Misión: Everything Will Be Alright (Auchenai Crypts)),,,https://www.wowhead.com/tbc/es/item=21871
Brujo,Aflicción,Muñecas,Rockfury Bracers,21186,Misión,Stalwart's Battlegear (Silithus),Bracers of Havok (Profesión: Sastrería) · Crimson Bracers of Gloom (Murallas del Fuego Infernal (heroica): Omor the Unscarred),,,https://www.wowhead.com/tbc/es/item=21186
Brujo,Aflicción,Manos,Gloves of Pandemonium,31149,Botín de mundo,Botín de mundo ligado al equipar (se puede comprar en la subasta),Mana-Etched Gloves (Murallas del Fuego Infernal (heroica): Omor the Unscarred) · Gloves of Oblivion (Las Salas Arrasadas: Warchief Kargath Bladefist),,,https://www.wowhead.com/tbc/es/item=31149
Brujo,Aflicción,Cintura,Girdle of Ruination,24256,Profesión,Sastrería,Belt of Depravity (El Arcatraz (heroica): Harbinger Skyriss) · A'dal's Gift (Misión: How to Break Into the Arcatraz (Tempest Keep)),,Belt of Blasting (Receta disponible desde la fase 2),https://www.wowhead.com/tbc/es/item=24256
Brujo,Aflicción,Piernas,Spellstrike Pants,24262,Profesión,Sastrería,Breeches of the Occultist (La Ciénaga Negra (heroica): Aeonus) · Trousers of Oblivion (Salas Sethekk: Talon King Ikiss),,,https://www.wowhead.com/tbc/es/item=24262
Brujo,Aflicción,Pies,Frozen Shadoweave Boots,21870,Profesión,Sastrería,Extravagant Boots of Malice (Tumbas de Maná (heroica): Tavarok) · Sigil-Laced Boots (El Arcatraz: Harbinger Skyriss),,,https://www.wowhead.com/tbc/es/item=21870
Brujo,Aflicción,Cuello,Brooch of Heightened Potential,28134,Mazmorra,Laberinto de las Sombras: Blackheart the Inciter,Hydra-fang Necklace (La Sotiénaga (heroica): Ghaz'an),,,https://www.wowhead.com/tbc/es/item=28134
Brujo,Aflicción,Anillos 1,Ashyen's Gift,29172,Reputación,Expedición Cenarion (Exaltado),Seal of the Exorcist (JcJ: JcJ de mundo: Terokkar (Fichas de Espíritu)) · Seer's Signet (Reputación: Los Arúspices (Exaltado)),,,https://www.wowhead.com/tbc/es/item=29172
Brujo,Aflicción,Anillos 2,Sparking Arcanite Ring,28227,Mazmorra heroica,Antiguas Laderas de Trabalomas (heroica): Epoch Hunter,,,,https://www.wowhead.com/tbc/es/item=28227
Brujo,Aflicción,Abalorios 1,Icon of the Silver Crescent,29370,Insignias,"Insignias de Justicia (G'eras, Shattrath)",Scryer's Bloodgem (Reputación: Los Arúspices (Reverenciado)),,Mark of the Champion (Contenido de nivel 60 (antes de TBC)),https://www.wowhead.com/tbc/es/item=29370
Brujo,Aflicción,Abalorios 2,Quagmirran's Eye,27683,Mazmorra heroica,Recinto de los Esclavos (heroica): Quagmirran,,,,https://www.wowhead.com/tbc/es/item=27683
Brujo,Aflicción,Arma de una mano,Blade of Wizardry,31336,Otro,Botín de mundo (épico aleatorio),Illidari-Bane Mageblade (Misión: Quenching the Blade (Shadowmoon Valley)) · Stormcaller (Reputación: Thrallmar (Exaltado)),,,https://www.wowhead.com/tbc/es/item=31336
Brujo,Aflicción,Arma de dos manos,"Atiesh, Greatstaff of the Guardian",22630,Misión,"Atiesh, Greatstaff of the Guardian",,,,https://www.wowhead.com/tbc/es/item=22630
Brujo,Aflicción,Varita,The Black Stalk,29350,Mazmorra heroica,La Sotiénaga (heroica): The Black Stalker,Nether Core's Control Rod (El Arcatraz: Dalliah the Doomsayer),,Doomfinger (Contenido de nivel 60 (antes de TBC)),https://www.wowhead.com/tbc/es/item=29350
Brujo,Aflicción,Mano izquierda,Khadgar's Knapsack,29273,Insignias,"Insignias de Justicia (G'eras, Shattrath)","Orb of the Soul-Eater (Insignias de Justicia (G'eras, Shattrath)) · Lamp of Peaceful Radiance (El Arcatraz: Harbinger Skyriss)",,,https://www.wowhead.com/tbc/es/item=29273
Brujo,Demonología,Cabeza,Spellstrike Hood,24266,Profesión,Sastrería,"Evoker's Helmet of Second Sight (Misión: Teron Gorefiend, I am... (Shadowmoon Valley)) · Incanter's Cowl (El Mechanar: Pathaleon the Calculator)",,Destruction Holo-gogs (Receta disponible desde la fase 2),https://www.wowhead.com/tbc/es/item=24266
Brujo,Demonología,Hombros,Frozen Shadoweave Shoulders,21869,Profesión,Sastrería,Mana-Etched Spaulders (Recinto de los Esclavos (heroica): Quagmirran) · Mantle of Three Terrors (La Ciénaga Negra: Chrono Lord Deja),,,https://www.wowhead.com/tbc/es/item=21869
Brujo,Demonología,Espalda,Sethekk Oracle Cloak,27981,Mazmorra,Salas Sethekk: Talon King Ikiss,Cloak of Entropy (Botín de mundo ligado al equipar (se puede comprar en la subasta)),,Cloak of the Necropolis (Contenido de nivel 60 (antes de TBC)),https://www.wowhead.com/tbc/es/item=27981
Brujo,Demonología,Pecho,Frozen Shadoweave Robe,21871,Profesión,Sastrería,Robe of the Crimson Order (Botín: Cofre (objeto del mundo)) · Auchenai Anchorite's Robe (Misión: Everything Will Be Alright (Auchenai Crypts)),,,https://www.wowhead.com/tbc/es/item=21871
Brujo,Demonología,Muñecas,Rockfury Bracers,21186,Misión,Stalwart's Battlegear (Silithus),Bracers of Havok (Profesión: Sastrería) · Crimson Bracers of Gloom (Murallas del Fuego Infernal (heroica): Omor the Unscarred),,,https://www.wowhead.com/tbc/es/item=21186
Brujo,Demonología,Manos,Gloves of Pandemonium,31149,Botín de mundo,Botín de mundo ligado al equipar (se puede comprar en la subasta),Mana-Etched Gloves (Murallas del Fuego Infernal (heroica): Omor the Unscarred) · Gloves of Oblivion (Las Salas Arrasadas: Warchief Kargath Bladefist),,Dark Storm Gauntlets (Contenido de nivel 60 (antes de TBC)),https://www.wowhead.com/tbc/es/item=31149
Brujo,Demonología,Cintura,Girdle of Ruination,24256,Profesión,Sastrería,Belt of Depravity (El Arcatraz (heroica): Harbinger Skyriss) · A'dal's Gift (Misión: How to Break Into the Arcatraz (Tempest Keep)),,Belt of Blasting (Receta disponible desde la fase 2),https://www.wowhead.com/tbc/es/item=24256
Brujo,Demonología,Piernas,Spellstrike Pants,24262,Profesión,Sastrería,Breeches of the Occultist (La Ciénaga Negra (heroica): Aeonus) · Trousers of Oblivion (Salas Sethekk: Talon King Ikiss),,,https://www.wowhead.com/tbc/es/item=24262
Brujo,Demonología,Pies,Frozen Shadoweave Boots,21870,Profesión,Sastrería,Extravagant Boots of Malice (Tumbas de Maná (heroica): Tavarok) · Sigil-Laced Boots (El Arcatraz: Harbinger Skyriss),,,https://www.wowhead.com/tbc/es/item=21870
Brujo,Demonología,Cuello,Brooch of Heightened Potential,28134,Mazmorra,Laberinto de las Sombras: Blackheart the Inciter,Hydra-fang Necklace (La Sotiénaga (heroica): Ghaz'an),,,https://www.wowhead.com/tbc/es/item=28134
Brujo,Demonología,Anillos 1,Ashyen's Gift,29172,Reputación,Expedición Cenarion (Exaltado),Seal of the Exorcist (JcJ: JcJ de mundo: Terokkar (Fichas de Espíritu)) · Seer's Signet (Reputación: Los Arúspices (Exaltado)),,,https://www.wowhead.com/tbc/es/item=29172
Brujo,Demonología,Anillos 2,Sparking Arcanite Ring,28227,Mazmorra heroica,Antiguas Laderas de Trabalomas (heroica): Epoch Hunter,,,,https://www.wowhead.com/tbc/es/item=28227
Brujo,Demonología,Abalorios 1,Icon of the Silver Crescent,29370,Insignias,"Insignias de Justicia (G'eras, Shattrath)",Scryer's Bloodgem (Reputación: Los Arúspices (Reverenciado)),,The Black Book (Contenido de nivel 60 (antes de TBC)),https://www.wowhead.com/tbc/es/item=29370
Brujo,Demonología,Abalorios 2,Quagmirran's Eye,27683,Mazmorra heroica,Recinto de los Esclavos (heroica): Quagmirran,,,,https://www.wowhead.com/tbc/es/item=27683
Brujo,Demonología,Arma de una mano,Blade of Wizardry,31336,Otro,Botín de mundo (épico aleatorio),Illidari-Bane Mageblade (Misión: Quenching the Blade (Shadowmoon Valley)) · Stormcaller (Reputación: Thrallmar (Exaltado)),,,https://www.wowhead.com/tbc/es/item=31336
Brujo,Demonología,Arma de dos manos,"Atiesh, Greatstaff of the Guardian",22630,Misión,"Atiesh, Greatstaff of the Guardian",,,,https://www.wowhead.com/tbc/es/item=22630
Brujo,Demonología,Varita,Nether Core's Control Rod,28386,Mazmorra,El Arcatraz: Dalliah the Doomsayer,The Black Stalk (La Sotiénaga (heroica): The Black Stalker),,,https://www.wowhead.com/tbc/es/item=28386
Brujo,Demonología,Mano izquierda,Khadgar's Knapsack,29273,Insignias,"Insignias de Justicia (G'eras, Shattrath)","Orb of the Soul-Eater (Insignias de Justicia (G'eras, Shattrath)) · Lamp of Peaceful Radiance (El Arcatraz: Harbinger Skyriss)",,,https://www.wowhead.com/tbc/es/item=29273
Brujo,Destrucción,Cabeza,Spellstrike Hood,24266,Profesión,Sastrería,"Evoker's Helmet of Second Sight (Misión: Teron Gorefiend, I am... (Shadowmoon Valley)) · Incanter's Cowl (El Mechanar: Pathaleon the Calculator)",,Destruction Holo-gogs (Receta disponible desde la fase 2),https://www.wowhead.com/tbc/es/item=24266
Brujo,Destrucción,Hombros,Frozen Shadoweave Shoulders,21869,Profesión,Sastrería,Mana-Etched Spaulders (Recinto de los Esclavos (heroica): Quagmirran) · Mantle of Three Terrors (La Ciénaga Negra: Chrono Lord Deja),,,https://www.wowhead.com/tbc/es/item=21869
Brujo,Destrucción,Espalda,Sethekk Oracle Cloak,27981,Mazmorra,Salas Sethekk: Talon King Ikiss,Cloak of Entropy (Botín de mundo ligado al equipar (se puede comprar en la subasta)),,Cloak of the Necropolis (Contenido de nivel 60 (antes de TBC)),https://www.wowhead.com/tbc/es/item=27981
Brujo,Destrucción,Pecho,Frozen Shadoweave Robe,21871,Profesión,Sastrería,Spellfire Robe (Profesión: Sastrería) · Robe of the Crimson Order (Botín: Cofre (objeto del mundo)),,,https://www.wowhead.com/tbc/es/item=21871
Brujo,Destrucción,Muñecas,Rockfury Bracers,21186,Misión,Stalwart's Battlegear (Silithus),Bracers of Havok (Profesión: Sastrería) · Crimson Bracers of Gloom (Murallas del Fuego Infernal (heroica): Omor the Unscarred),,,https://www.wowhead.com/tbc/es/item=21186
Brujo,Destrucción,Manos,Spellfire Gloves,21847,Profesión,Sastrería,Gloves of Pandemonium (Botín de mundo ligado al equipar (se puede comprar en la subasta)) · Mana-Etched Gloves (Murallas del Fuego Infernal (heroica): Omor the Unscarred),,,https://www.wowhead.com/tbc/es/item=21847
Brujo,Destrucción,Cintura,Spellfire Belt,21846,Profesión,Sastrería,Girdle of Ruination (Profesión: Sastrería) · A'dal's Gift (Misión: How to Break Into the Arcatraz (Tempest Keep)),,Belt of Blasting (Receta disponible desde la fase 2),https://www.wowhead.com/tbc/es/item=21846
Brujo,Destrucción,Piernas,Spellstrike Pants,24262,Profesión,Sastrería,Breeches of the Occultist (La Ciénaga Negra (heroica): Aeonus) · Trousers of Oblivion (Salas Sethekk: Talon King Ikiss),,,https://www.wowhead.com/tbc/es/item=24262
Brujo,Destrucción,Pies,Frozen Shadoweave Boots,21870,Profesión,Sastrería,Extravagant Boots of Malice (Tumbas de Maná (heroica): Tavarok) · Sigil-Laced Boots (El Arcatraz: Harbinger Skyriss),,,https://www.wowhead.com/tbc/es/item=21870
Brujo,Destrucción,Cuello,Brooch of Heightened Potential,28134,Mazmorra,Laberinto de las Sombras: Blackheart the Inciter,Hydra-fang Necklace (La Sotiénaga (heroica): Ghaz'an),,,https://www.wowhead.com/tbc/es/item=28134
Brujo,Destrucción,Anillos 1,Ashyen's Gift,29172,Reputación,Expedición Cenarion (Exaltado),Seal of the Exorcist (JcJ: JcJ de mundo: Terokkar (Fichas de Espíritu)) · Seer's Signet (Reputación: Los Arúspices (Exaltado)),,,https://www.wowhead.com/tbc/es/item=29172
Brujo,Destrucción,Anillos 2,Sparking Arcanite Ring,28227,Mazmorra heroica,Antiguas Laderas de Trabalomas (heroica): Epoch Hunter,,,,https://www.wowhead.com/tbc/es/item=28227
Brujo,Destrucción,Abalorios 1,Icon of the Silver Crescent,29370,Insignias,"Insignias de Justicia (G'eras, Shattrath)",Scryer's Bloodgem (Reputación: Los Arúspices (Reverenciado)),,Mark of the Champion (Contenido de nivel 60 (antes de TBC)),https://www.wowhead.com/tbc/es/item=29370
Brujo,Destrucción,Abalorios 2,Quagmirran's Eye,27683,Mazmorra heroica,Recinto de los Esclavos (heroica): Quagmirran,,,,https://www.wowhead.com/tbc/es/item=27683
Brujo,Destrucción,Arma de una mano,Blade of Wizardry,31336,Otro,Botín de mundo (épico aleatorio),Illidari-Bane Mageblade (Misión: Quenching the Blade (Shadowmoon Valley)) · Stormcaller (Reputación: Thrallmar (Exaltado)),,,https://www.wowhead.com/tbc/es/item=31336
Brujo,Destrucción,Arma de dos manos,"Atiesh, Greatstaff of the Guardian",22630,Misión,"Atiesh, Greatstaff of the Guardian",,,,https://www.wowhead.com/tbc/es/item=22630
Brujo,Destrucción,Varita,Master Firestone,22128,Clase,Hechizo de brujo: Crear piedra de fuego (rango máximo),The Black Stalk (La Sotiénaga (heroica): The Black Stalker) · Nether Core's Control Rod (El Arcatraz: Dalliah the Doomsayer),,,https://www.wowhead.com/tbc/es/item=22128
Brujo,Destrucción,Mano izquierda,Flametongue Seal,29270,Insignias,"Insignias de Justicia (G'eras, Shattrath)","Khadgar's Knapsack (Insignias de Justicia (G'eras, Shattrath)) · Orb of the Soul-Eater (Insignias de Justicia (G'eras, Shattrath))",,,https://www.wowhead.com/tbc/es/item=29270
