clase,especializacion,ranura,opcion,item_id,objeto,tipo_fuente,fuente,aviso,wowhead,obtenible_prerraid
Druida,Equilibrio,Cabeza,1,32480,Magnified Moon Specs,Profesión,Ingeniería,Receta disponible desde la fase 2,https://www.wowhead.com/tbc/es/item=32480,no
Druida,Equilibrio,Cabeza,2,24266,Spellstrike Hood,Profesión,Sastrería,,https://www.wowhead.com/tbc/es/item=24266,sí
Druida,Equilibrio,Cabeza,3,32057,Merciless Gladiator's Wyrmhide Helm,JcJ,Arena temporada 2 (Gladiador despiadado): puntos de arena y honor,Arena temporada 2: fase 2 en adelante,https://www.wowhead.com/tbc/es/item=32057,no
Druida,Equilibrio,Cabeza,4,31110,Druidic Helmet of Second Sight,Misión,"Teron Gorefiend, I am... (Shadowmoon Valley)",,https://www.wowhead.com/tbc/es/item=31110,sí
Druida,Equilibrio,Cabeza,5,28169,Mag'hari Ritualist's Horns,Misión,Hero of the Mag'har (Nagrand),,https://www.wowhead.com/tbc/es/item=28169,sí
Druida,Equilibrio,Cabeza,6,32089,Mana-Binders Cowl,Insignias,"Insignias de Justicia (G'eras, Shattrath)",,https://www.wowhead.com/tbc/es/item=32089,sí
Druida,Equilibrio,Hombros,1,27796,Mana-Etched Spaulders,Mazmorra heroica,Recinto de los Esclavos (heroica): Quagmirran,,https://www.wowhead.com/tbc/es/item=27796,sí
Druida,Equilibrio,Hombros,2,32059,Merciless Gladiator's Wyrmhide Spaulders,JcJ,Arena temporada 2 (Gladiador despiadado): puntos de arena y honor,Arena temporada 2: fase 2 en adelante,https://www.wowhead.com/tbc/es/item=32059,no
Druida,Equilibrio,Hombros,3,27778,Spaulders of Oblivion,Mazmorra,Laberinto de las Sombras: Murmur,,https://www.wowhead.com/tbc/es/item=27778,sí
Druida,Equilibrio,Hombros,4,30925,Spaulders of the Torn-heart,Misión,The Cipher of Damnation - The Third Fragment Recovered (Shadowmoon Valley),,https://www.wowhead.com/tbc/es/item=30925,sí
Druida,Equilibrio,Hombros,5,27994,Mantle of Three Terrors,Mazmorra,La Ciénaga Negra: Chrono Lord Deja,,https://www.wowhead.com/tbc/es/item=27994,sí
Druida,Equilibrio,Hombros,6,22983,Rime Covered Mantle,Banda clásica,Naxxramas (nivel 60): Gluth,Contenido de nivel 60 (antes de TBC),https://www.wowhead.com/tbc/es/item=22983,no
Druida,Equilibrio,Espalda,1,27981,Sethekk Oracle Cloak,Mazmorra,Salas Sethekk: Talon King Ikiss,,https://www.wowhead.com/tbc/es/item=27981,sí
Druida,Equilibrio,Espalda,2,35497,Cloak of the Frigid Winds,Evento,Festival de Fuego del Solsticio: Ahune (Recinto de los Esclavos),Solo durante el evento de temporada,https://www.wowhead.com/tbc/es/item=35497,no
Druida,Equilibrio,Espalda,3,29369,Shawl of Shifting Probabilities,Insignias,"Insignias de Justicia (G'eras, Shattrath)",,https://www.wowhead.com/tbc/es/item=29369,sí
Druida,Equilibrio,Espalda,4,31140,Cloak of Entropy,Botín de mundo,Botín de mundo ligado al equipar (se puede comprar en la subasta),,https://www.wowhead.com/tbc/es/item=31140,sí
Druida,Equilibrio,Espalda,5,23050,Cloak of the Necropolis,Banda clásica,Naxxramas (nivel 60): Sapphiron,Contenido de nivel 60 (antes de TBC),https://www.wowhead.com/tbc/es/item=23050,no
Druida,Equilibrio,Espalda,6,22731,Cloak of the Devoured,Banda clásica,Templo de Ahn'Qiraj: C'Thun,Contenido de nivel 60 (antes de TBC),https://www.wowhead.com/tbc/es/item=22731,no
Druida,Equilibrio,Pecho,1,21848,Spellfire Robe,Profesión,Sastrería,,https://www.wowhead.com/tbc/es/item=21848,sí
Druida,Equilibrio,Pecho,2,29522,Windhawk Hauberk,Profesión,Peletería,,https://www.wowhead.com/tbc/es/item=29522,sí
Druida,Equilibrio,Pecho,3,32060,Merciless Gladiator's Wyrmhide Tunic,JcJ,Arena temporada 2 (Gladiador despiadado): puntos de arena y honor,Arena temporada 2: fase 2 en adelante,https://www.wowhead.com/tbc/es/item=32060,no
Druida,Equilibrio,Pecho,4,31297,Robe of the Crimson Order,Botín,Cofre (objeto del mundo),,https://www.wowhead.com/tbc/es/item=31297,sí
Druida,Equilibrio,Pecho,5,29341,Auchenai Anchorite's Robe,Misión,Everything Will Be Alright (Auchenai Crypts),,https://www.wowhead.com/tbc/es/item=29341,sí
Druida,Equilibrio,Pecho,6,31340,Will of Edward the Odd,Otro,Botín de mundo (épico aleatorio),,https://www.wowhead.com/tbc/es/item=31340,sí
Druida,Equilibrio,Muñecas,1,29523,Windhawk Bracers,Profesión,Peletería,,https://www.wowhead.com/tbc/es/item=29523,sí
Druida,Equilibrio,Muñecas,2,24250,Bracers of Havok,Profesión,Sastrería,,https://www.wowhead.com/tbc/es/item=24250,sí
Druida,Equilibrio,Muñecas,3,27462,Crimson Bracers of Gloom,Mazmorra heroica,Murallas del Fuego Infernal (heroica): Omor the Unscarred,,https://www.wowhead.com/tbc/es/item=27462,sí
Druida,Equilibrio,Muñecas,4,29240,Bands of Negation,Mazmorra heroica,Tumbas de Maná (heroica): Nexus-Prince Shaffar,,https://www.wowhead.com/tbc/es/item=29240,sí
Druida,Equilibrio,Muñecas,5,21186,Rockfury Bracers,Misión,Stalwart's Battlegear (Silithus),,https://www.wowhead.com/tbc/es/item=21186,sí
Druida,Equilibrio,Muñecas,6,28174,Shattrath Wraps,Misión,The Soul Devices (Auchindoun),,https://www.wowhead.com/tbc/es/item=28174,sí
Druida,Equilibrio,Manos,1,21847,Spellfire Gloves,Profesión,Sastrería,,https://www.wowhead.com/tbc/es/item=21847,sí
Druida,Equilibrio,Manos,2,32056,Merciless Gladiator's Wyrmhide Gloves,JcJ,Arena temporada 2 (Gladiador despiadado): puntos de arena y honor,Arena temporada 2: fase 2 en adelante,https://www.wowhead.com/tbc/es/item=32056,no
Druida,Equilibrio,Manos,3,27493,Gloves of the Deadwatcher,Mazmorra heroica,Criptas Auchenai (heroica): Shirrak the Dead Watcher,,https://www.wowhead.com/tbc/es/item=27493,sí
Druida,Equilibrio,Manos,4,27537,Gloves of Oblivion,Mazmorra,Las Salas Arrasadas: Warchief Kargath Bladefist,,https://www.wowhead.com/tbc/es/item=27537,sí
Druida,Equilibrio,Manos,5,24450,Manaspark Gloves,Mazmorra,La Sotiénaga: Hungarfen,,https://www.wowhead.com/tbc/es/item=24450,sí
Druida,Equilibrio,Manos,6,31149,Gloves of Pandemonium,Botín de mundo,Botín de mundo ligado al equipar (se puede comprar en la subasta),,https://www.wowhead.com/tbc/es/item=31149,sí
Druida,Equilibrio,Cintura,1,30038,Belt of Blasting,Profesión,Sastrería,Receta disponible desde la fase 2,https://www.wowhead.com/tbc/es/item=30038,no
Druida,Equilibrio,Cintura,2,21846,Spellfire Belt,Profesión,Sastrería,,https://www.wowhead.com/tbc/es/item=21846,sí
Druida,Equilibrio,Cintura,3,24256,Girdle of Ruination,Profesión,Sastrería,,https://www.wowhead.com/tbc/es/item=24256,sí
Druida,Equilibrio,Cintura,4,29524,Windhawk Belt,Profesión,Peletería,,https://www.wowhead.com/tbc/es/item=29524,sí
Druida,Equilibrio,Cintura,5,29241,Belt of Depravity,Mazmorra heroica,El Arcatraz (heroica): Harbinger Skyriss,,https://www.wowhead.com/tbc/es/item=29241,sí
Druida,Equilibrio,Cintura,6,27843,Glyph-Lined Sash,Mazmorra heroica,Tumbas de Maná (heroica): Nexus-Prince Shaffar,,https://www.wowhead.com/tbc/es/item=27843,sí
Druida,Equilibrio,Piernas,1,24262,Spellstrike Pants,Profesión,Sastrería,,https://www.wowhead.com/tbc/es/item=24262,sí
Druida,Equilibrio,Piernas,2,29141,Tempest Leggings,Reputación,Los Mag'har (Reverenciado),,https://www.wowhead.com/tbc/es/item=29141,sí
Druida,Equilibrio,Piernas,3,30531,Breeches of the Occultist,Mazmorra heroica,La Ciénaga Negra (heroica): Aeonus,,https://www.wowhead.com/tbc/es/item=30531,sí
Druida,Equilibrio,Piernas,4,29343,Haramad's Leggings of the Third Coin,Misión,Undercutting the Competition (Mana-Tombs),,https://www.wowhead.com/tbc/es/item=29343,sí
Druida,Equilibrio,Piernas,5,30532,Kirin Tor Master's Trousers,Mazmorra heroica,Laberinto de las Sombras (heroica): Murmur,,https://www.wowhead.com/tbc/es/item=30532,sí
Druida,Equilibrio,Piernas,6,28212,Aran's Sorcerous Slacks,Mazmorra heroica,Antiguas Laderas de Trabalomas (heroica): Lieutenant Drake,,https://www.wowhead.com/tbc/es/item=28212,sí
Druida,Equilibrio,Pies,1,27821,Extravagant Boots of Malice,Mazmorra heroica,Tumbas de Maná (heroica): Tavarok,,https://www.wowhead.com/tbc/es/item=27821,sí
Druida,Equilibrio,Pies,2,28406,Sigil-Laced Boots,Mazmorra,El Arcatraz: Harbinger Skyriss,,https://www.wowhead.com/tbc/es/item=28406,sí
Druida,Equilibrio,Pies,3,28179,Shattrath Jumpers,Misión,Into the Heart of the Labyrinth (Auchindoun),,https://www.wowhead.com/tbc/es/item=28179,sí
Druida,Equilibrio,Pies,4,28410,General's Silk Footguards,JcJ,Honor (vendedor de JcJ),,https://www.wowhead.com/tbc/es/item=28410,sí
Druida,Equilibrio,Pies,5,29808,Shimmering Azure Boots,Misión,Securing the Celestial Ridge (Netherstorm),,https://www.wowhead.com/tbc/es/item=29808,sí
Druida,Equilibrio,Pies,6,30519,Boots of the Nexus Warden,Misión,The Flesh Lies... (Netherstorm),,https://www.wowhead.com/tbc/es/item=30519,sí
Druida,Equilibrio,Cuello,1,28134,Brooch of Heightened Potential,Mazmorra,Laberinto de las Sombras: Blackheart the Inciter,,https://www.wowhead.com/tbc/es/item=28134,sí
Druida,Equilibrio,Cuello,2,33067,Veteran's Pendant of Conquest,JcJ,Arena temporada 2,Disponible desde la fase 2,https://www.wowhead.com/tbc/es/item=33067,no
Druida,Equilibrio,Cuello,3,24116,Eye of the Night,Profesión,Joyería,,https://www.wowhead.com/tbc/es/item=24116,sí
Druida,Equilibrio,Cuello,4,27758,Hydra-fang Necklace,Mazmorra heroica,La Sotiénaga (heroica): Ghaz'an,,https://www.wowhead.com/tbc/es/item=27758,sí
Druida,Equilibrio,Cuello,5,31692,Natasha's Ember Necklace,Misión,The Hound-Master (Blade's Edge Mountains),,https://www.wowhead.com/tbc/es/item=31692,sí
Druida,Equilibrio,Cuello,6,28245,Pendant of Dominance,JcJ,Arena temporada 1,,https://www.wowhead.com/tbc/es/item=28245,sí
Druida,Equilibrio,Anillos,1,29172,Ashyen's Gift,Reputación,Expedición Cenarion (Exaltado),,https://www.wowhead.com/tbc/es/item=29172,sí
Druida,Equilibrio,Anillos,2,28227,Sparking Arcanite Ring,Mazmorra heroica,Antiguas Laderas de Trabalomas (heroica): Epoch Hunter,,https://www.wowhead.com/tbc/es/item=28227,sí
Druida,Equilibrio,Anillos,3,21709,Ring of the Fallen God,Banda clásica,Templo de Ahn'Qiraj: C'Thun,Contenido de nivel 60 (antes de TBC),https://www.wowhead.com/tbc/es/item=21709,no
Druida,Equilibrio,Anillos,4,23031,Band of the Inevitable,Banda clásica,Naxxramas (nivel 60): Noth the Plaguebringer,Contenido de nivel 60 (antes de TBC),https://www.wowhead.com/tbc/es/item=23031,no
Druida,Equilibrio,Anillos,5,28555,Seal of the Exorcist,JcJ,JcJ de mundo: Terokkar (Fichas de Espíritu),,https://www.wowhead.com/tbc/es/item=28555,sí
Druida,Equilibrio,Anillos,6,29352,Cobalt Band of Tyrigosa,Mazmorra heroica,Tumbas de Maná (heroica): Nexus-Prince Shaffar,,https://www.wowhead.com/tbc/es/item=29352,sí
Druida,Equilibrio,Abalorios,1,29370,Icon of the Silver Crescent,Insignias,"Insignias de Justicia (G'eras, Shattrath)",,https://www.wowhead.com/tbc/es/item=29370,sí
Druida,Equilibrio,Abalorios,2,38290,Dark Iron Smoking Pipe,Evento,Fiesta de la Cerveza: Coren Cerveza Temible (Profundidades de Roca Negra),Solo durante el evento de temporada,https://www.wowhead.com/tbc/es/item=38290,no
Druida,Equilibrio,Abalorios,3,27683,Quagmirran's Eye,Mazmorra heroica,Recinto de los Esclavos (heroica): Quagmirran,,https://www.wowhead.com/tbc/es/item=27683,sí
Druida,Equilibrio,Abalorios,4,29132,Scryer's Bloodgem,Reputación,Los Arúspices (Reverenciado),,https://www.wowhead.com/tbc/es/item=29132,sí
Druida,Equilibrio,Abalorios,5,19379,Neltharion's Tear,Banda clásica,Guarida de Alanegra: Nefarian,Contenido de nivel 60 (antes de TBC),https://www.wowhead.com/tbc/es/item=19379,no
Druida,Equilibrio,Abalorios,6,23046,The Restrained Essence of Sapphiron,Banda clásica,Naxxramas (nivel 60): Sapphiron,Contenido de nivel 60 (antes de TBC),https://www.wowhead.com/tbc/es/item=23046,no
Druida,Equilibrio,Arma de una mano,1,32963,Merciless Gladiator's Gavel,JcJ,Arena temporada 2 (Gladiador despiadado): puntos de arena y honor,Arena temporada 2: fase 2 en adelante,https://www.wowhead.com/tbc/es/item=32963,no
Druida,Equilibrio,Arma de una mano,2,23554,Eternium Runed Blade,Profesión,Herrería,,https://www.wowhead.com/tbc/es/item=23554,sí
Druida,Equilibrio,Arma de una mano,3,30832,Gavel of Unearthed Secrets,Reputación,Bajo Arrabal (Exaltado),,https://www.wowhead.com/tbc/es/item=30832,sí
Druida,Equilibrio,Arma de una mano,4,28297,Gladiator's Spellblade,JcJ,Arena temporada 1 (Gladiador): puntos de arena y honor,,https://www.wowhead.com/tbc/es/item=28297,sí
Druida,Equilibrio,Arma de una mano,5,27543,Starlight Dagger,Mazmorra heroica,Recinto de los Esclavos (heroica): Mennu the Betrayer,,https://www.wowhead.com/tbc/es/item=27543,sí
Druida,Equilibrio,Arma de una mano,6,28931,High Warlord's Spellblade,JcJ,Honor (vendedor de JcJ),,https://www.wowhead.com/tbc/es/item=28931,sí
Druida,Equilibrio,Arma de dos manos,1,32055,Merciless Gladiator's War Staff,JcJ,Arena temporada 2 (Gladiador despiadado): puntos de arena y honor,Arena temporada 2: fase 2 en adelante,https://www.wowhead.com/tbc/es/item=32055,no
Druida,Equilibrio,Arma de dos manos,2,24557,Gladiator's War Staff,JcJ,Arena temporada 1 (Gladiador): puntos de arena y honor,,https://www.wowhead.com/tbc/es/item=24557,sí
Druida,Equilibrio,Arma de dos manos,3,35514,Frostscythe of Lord Ahune,Evento,Festival de Fuego del Solsticio: Ahune (Recinto de los Esclavos),Solo durante el evento de temporada,https://www.wowhead.com/tbc/es/item=35514,no
Druida,Equilibrio,Arma de dos manos,4,29355,Terokk's Shadowstaff,Mazmorra heroica,Salas Sethekk (heroica): Talon King Ikiss,,https://www.wowhead.com/tbc/es/item=29355,sí
Druida,Equilibrio,Arma de dos manos,5,27842,Grand Scepter of the Nexus-Kings,Mazmorra heroica,Tumbas de Maná (heroica): Nexus-Prince Shaffar,,https://www.wowhead.com/tbc/es/item=27842,sí
Druida,Equilibrio,Arma de dos manos,6,29130,Auchenai Staff,Reputación,Los Aldor (Reverenciado),,https://www.wowhead.com/tbc/es/item=29130,sí
Druida,Equilibrio,Mano izquierda,1,29271,Talisman of Kalecgos,Insignias,"Insignias de Justicia (G'eras, Shattrath)",,https://www.wowhead.com/tbc/es/item=29271,sí
Druida,Equilibrio,Mano izquierda,2,29273,Khadgar's Knapsack,Insignias,"Insignias de Justicia (G'eras, Shattrath)",,https://www.wowhead.com/tbc/es/item=29273,sí
Druida,Equilibrio,Mano izquierda,3,28412,Lamp of Peaceful Radiance,Mazmorra,El Arcatraz: Harbinger Skyriss,,https://www.wowhead.com/tbc/es/item=28412,sí
Druida,Equilibrio,Mano izquierda,4,23049,Sapphiron's Left Eye,Banda clásica,Naxxramas (nivel 60): Sapphiron,Contenido de nivel 60 (antes de TBC),https://www.wowhead.com/tbc/es/item=23049,no
Druida,Equilibrio,Mano izquierda,5,28187,Star-Heart Lamp,Mazmorra,La Ciénaga Negra: Temporus,,https://www.wowhead.com/tbc/es/item=28187,sí
Druida,Equilibrio,Mano izquierda,6,28260,Manual of the Nethermancer,Mazmorra,El Mechanar: Nethermancer Sepethrea,,https://www.wowhead.com/tbc/es/item=28260,sí
Druida,Equilibrio,Ídolo,1,27518,Ivory Idol of the Moongoddess,Mazmorra,Las Salas Arrasadas: Grand Warlock Nethekurse,,https://www.wowhead.com/tbc/es/item=27518,sí
Druida,Equilibrio,Ídolo,2,32387,Idol of the Raven Goddess,Misión,Vanquish the Raven God,Disponible desde la fase 2,https://www.wowhead.com/tbc/es/item=32387,no
Druida,Equilibrio,Ídolo,3,31025,Idol of the Avenger,Misión,News of Victory (Shadowmoon Valley),,https://www.wowhead.com/tbc/es/item=31025,sí
Druida,Equilibrio,Ídolo,4,23197,Idol of the Moon,Sin confirmar,Reliquia de nivel 60 (época de Naxxramas); revisar en Wowhead,Contenido de nivel 60 (antes de TBC),https://www.wowhead.com/tbc/es/item=23197,?
Druida,Feral (tanque),Cabeza,1,29502,Cobrascale Hood,Profesión,Peletería,,https://www.wowhead.com/tbc/es/item=29502,sí
Druida,Feral (tanque),Cabeza,2,28182,Helm of the Claw,Misión,The Warlord's Hideout (The Steamvault),,https://www.wowhead.com/tbc/es/item=28182,sí
Druida,Feral (tanque),Cabeza,3,31968,Merciless Gladiator's Dragonhide Helm,JcJ,Arena temporada 2 (Gladiador despiadado): puntos de arena y honor,Arena temporada 2: fase 2 en adelante,https://www.wowhead.com/tbc/es/item=31968,no
Druida,Feral (tanque),Cabeza,4,32478,Deathblow X11 Goggles,Profesión,Ingeniería,Receta disponible desde la fase 2,https://www.wowhead.com/tbc/es/item=32478,no
Druida,Feral (tanque),Cabeza,5,28127,Gladiator's Dragonhide Helm,JcJ,Arena temporada 1 (Gladiador): puntos de arena y honor,,https://www.wowhead.com/tbc/es/item=28127,sí
Druida,Feral (tanque),Cabeza,6,32087,Mask of the Deceiver,Insignias,"Insignias de Justicia (G'eras, Shattrath)",,https://www.wowhead.com/tbc/es/item=32087,sí
Druida,Feral (tanque),Hombros,1,35359,Dragonhide Spaulders,Vendedor,Almaador (Shattrath City),,https://www.wowhead.com/tbc/es/item=35359,sí
Druida,Feral (tanque),Hombros,2,27434,Mantle of Perenolde,Mazmorra,Antiguas Laderas de Trabalomas: Epoch Hunter,,https://www.wowhead.com/tbc/es/item=27434,sí
Druida,Feral (tanque),Hombros,3,27776,Shoulderpads of Assassination,Mazmorra,Salas Sethekk: Talon King Ikiss,,https://www.wowhead.com/tbc/es/item=27776,sí
Druida,Feral (tanque),Hombros,4,31971,Merciless Gladiator's Dragonhide Spaulders,JcJ,Arena temporada 2 (Gladiador despiadado): puntos de arena y honor,Arena temporada 2: fase 2 en adelante,https://www.wowhead.com/tbc/es/item=31971,no
Druida,Feral (tanque),Hombros,5,28129,Gladiator's Dragonhide Spaulders,JcJ,Arena temporada 1 (Gladiador): puntos de arena y honor,,https://www.wowhead.com/tbc/es/item=28129,sí
Druida,Feral (tanque),Hombros,6,32080,Mantle of Shadowy Embrace,Mazmorra heroica,El Horno de Sangre (heroica): Keli'dan the Breaker,,https://www.wowhead.com/tbc/es/item=32080,sí
Druida,Feral (tanque),Espalda,1,28256,Thoriumweave Cloak,Mazmorra,El Mechanar: Mechano-Lord Capacitus,,https://www.wowhead.com/tbc/es/item=28256,sí
Druida,Feral (tanque),Espalda,2,24258,Resolute Cape,Profesión,Sastrería,,https://www.wowhead.com/tbc/es/item=24258,sí
Druida,Feral (tanque),Espalda,3,28377,Sergeant's Heavy Cloak,JcJ,Honor,,https://www.wowhead.com/tbc/es/item=28377,sí
Druida,Feral (tanque),Espalda,4,24379,Bogstrok Scale Cloak,Mazmorra,Recinto de los Esclavos: Rokmar the Crackler,,https://www.wowhead.com/tbc/es/item=24379,sí
Druida,Feral (tanque),Espalda,5,29382,Blood Knight War Cloak,Insignias,"Insignias de Justicia (G'eras, Shattrath)",,https://www.wowhead.com/tbc/es/item=29382,sí
Druida,Feral (tanque),Espalda,6,27878,Auchenai Death Shroud,Mazmorra heroica,Criptas Auchenai (heroica): Avatar of the Martyred,,https://www.wowhead.com/tbc/es/item=27878,sí
Druida,Feral (tanque),Pecho,1,25689,Heavy Clefthoof Vest,Profesión,Peletería,,https://www.wowhead.com/tbc/es/item=25689,sí
Druida,Feral (tanque),Pecho,2,28204,Tunic of Assassination,Mazmorra,El Mechanar: Pathaleon the Calculator,,https://www.wowhead.com/tbc/es/item=28204,sí
Druida,Feral (tanque),Pecho,3,31972,Merciless Gladiator's Dragonhide Tunic,JcJ,Arena temporada 2 (Gladiador despiadado): puntos de arena y honor,Arena temporada 2: fase 2 en adelante,https://www.wowhead.com/tbc/es/item=31972,no
Druida,Feral (tanque),Pecho,4,28130,Gladiator's Dragonhide Tunic,JcJ,Arena temporada 1 (Gladiador): puntos de arena y honor,,https://www.wowhead.com/tbc/es/item=28130,sí
Druida,Feral (tanque),Pecho,5,29525,Primalstrike Vest,Profesión,Peletería,,https://www.wowhead.com/tbc/es/item=29525,sí
Druida,Feral (tanque),Pecho,6,28264,Wastewalker Tunic,Mazmorra heroica,El Horno de Sangre (heroica): Keli'dan the Breaker,,https://www.wowhead.com/tbc/es/item=28264,sí
Druida,Feral (tanque),Muñecas,1,30944,Umberhowl's Collar,Misión,The Cipher of Damnation - The Third Fragment Recovered (Shadowmoon Valley),,https://www.wowhead.com/tbc/es/item=30944,sí
Druida,Feral (tanque),Muñecas,2,32810,Veteran's Dragonhide Bracers,JcJ,Arena temporada 2,Disponible desde la fase 2,https://www.wowhead.com/tbc/es/item=32810,no
Druida,Feral (tanque),Muñecas,3,32814,Veteran's Leather Bracers,JcJ,Arena temporada 2,Disponible desde la fase 2,https://www.wowhead.com/tbc/es/item=32814,no
Druida,Feral (tanque),Muñecas,4,28978,Marshal's Dragonhide Bracers,JcJ,Honor (vendedor de JcJ),,https://www.wowhead.com/tbc/es/item=28978,sí
Druida,Feral (tanque),Muñecas,5,28988,Marshal's Leather Bracers,JcJ,Honor (vendedor de JcJ),,https://www.wowhead.com/tbc/es/item=28988,sí
Druida,Feral (tanque),Muñecas,6,29263,Forestheart Bracers,Mazmorra heroica,Las Salas Arrasadas (heroica): Warchief Kargath Bladefist,,https://www.wowhead.com/tbc/es/item=29263,sí
Druida,Feral (tanque),Manos,1,30943,Verdant Gloves,Misión,Akama's Promise (Shadowmoon Valley) / OLD Akama's Promise (Shadowmoon Valley),,https://www.wowhead.com/tbc/es/item=30943,sí
Druida,Feral (tanque),Manos,2,30341,Flesh Handler's Gauntlets,Misión,The Flesh Lies... (Netherstorm),,https://www.wowhead.com/tbc/es/item=30341,sí
Druida,Feral (tanque),Manos,3,31967,Merciless Gladiator's Dragonhide Gloves,JcJ,Arena temporada 2 (Gladiador despiadado): puntos de arena y honor,Arena temporada 2: fase 2 en adelante,https://www.wowhead.com/tbc/es/item=31967,no
Druida,Feral (tanque),Manos,4,28126,Gladiator's Dragonhide Gloves,JcJ,Arena temporada 1 (Gladiador): puntos de arena y honor,,https://www.wowhead.com/tbc/es/item=28126,sí
Druida,Feral (tanque),Manos,5,29507,Windslayer Wraps,Profesión,Peletería,,https://www.wowhead.com/tbc/es/item=29507,sí
Druida,Feral (tanque),Manos,6,29503,Cobrascale Gloves,Profesión,Peletería,,https://www.wowhead.com/tbc/es/item=29503,sí
Druida,Feral (tanque),Cintura,1,30942,Manimal's Cinch,Misión,Enraged Spirits of Air (Shadowmoon Valley),,https://www.wowhead.com/tbc/es/item=30942,sí
Druida,Feral (tanque),Cintura,2,29264,Tree-Mender's Belt,Mazmorra heroica,Murallas del Fuego Infernal (heroica): Nazan & Vazruden,,https://www.wowhead.com/tbc/es/item=29264,sí
Druida,Feral (tanque),Cintura,3,29247,Girdle of the Deathdealer,Mazmorra heroica,La Ciénaga Negra (heroica): Aeonus,,https://www.wowhead.com/tbc/es/item=29247,sí
Druida,Feral (tanque),Cintura,4,32802,Veteran's Leather Belt,JcJ,Arena temporada 2,Disponible desde la fase 2,https://www.wowhead.com/tbc/es/item=32802,no
Druida,Feral (tanque),Cintura,5,32798,Veteran's Dragonhide Belt,JcJ,Arena temporada 2,Disponible desde la fase 2,https://www.wowhead.com/tbc/es/item=32798,no
Druida,Feral (tanque),Cintura,6,28986,Marshal's Leather Belt,JcJ,Honor (vendedor de JcJ),,https://www.wowhead.com/tbc/es/item=28986,sí
Druida,Feral (tanque),Piernas,1,25690,Heavy Clefthoof Leggings,Profesión,Peletería,,https://www.wowhead.com/tbc/es/item=25690,sí
Druida,Feral (tanque),Piernas,2,31544,Clefthoof Hide Leggings,Misión,Showdown (Blade's Edge Mountains),,https://www.wowhead.com/tbc/es/item=31544,sí
Druida,Feral (tanque),Piernas,3,31969,Merciless Gladiator's Dragonhide Legguards,JcJ,Arena temporada 2 (Gladiador despiadado): puntos de arena y honor,Arena temporada 2: fase 2 en adelante,https://www.wowhead.com/tbc/es/item=31969,no
Druida,Feral (tanque),Piernas,4,30538,Midnight Legguards,Mazmorra heroica,Recinto de los Esclavos (heroica): Quagmirran,,https://www.wowhead.com/tbc/es/item=30538,sí
Druida,Feral (tanque),Piernas,5,30535,Forestwalker Kilt,Mazmorra heroica,Tumbas de Maná (heroica): Nexus-Prince Shaffar,,https://www.wowhead.com/tbc/es/item=30535,sí
Druida,Feral (tanque),Piernas,6,28128,Gladiator's Dragonhide Legguards,JcJ,Arena temporada 1 (Gladiador): puntos de arena y honor,,https://www.wowhead.com/tbc/es/item=28128,sí
Druida,Feral (tanque),Pies,1,25691,Heavy Clefthoof Boots,Profesión,Peletería,,https://www.wowhead.com/tbc/es/item=25691,sí
Druida,Feral (tanque),Pies,2,28339,Boots of the Shifting Sands,Mazmorra,El Invernáculo: Laj,,https://www.wowhead.com/tbc/es/item=28339,sí
Druida,Feral (tanque),Pies,3,29265,Barkchip Boots,Mazmorra heroica,La Sotiénaga (heroica): The Black Stalker,,https://www.wowhead.com/tbc/es/item=29265,sí
Druida,Feral (tanque),Pies,4,32790,Veteran's Leather Boots,JcJ,Arena temporada 2,Disponible desde la fase 2,https://www.wowhead.com/tbc/es/item=32790,no
Druida,Feral (tanque),Pies,5,28987,Marshal's Leather Boots,JcJ,Honor (vendedor de JcJ),,https://www.wowhead.com/tbc/es/item=28987,sí
Druida,Feral (tanque),Pies,6,29248,Shadowstep Striders,Mazmorra heroica,El Arcatraz (heroica): Harbinger Skyriss,,https://www.wowhead.com/tbc/es/item=29248,sí
Druida,Feral (tanque),Cuello,1,29815,Chain of Glowing Tendrils,Misión,Hitting the Motherlode (Netherstorm),,https://www.wowhead.com/tbc/es/item=29815,sí
Druida,Feral (tanque),Cuello,2,28168,Insignia of the Mag'hari Hero,Misión,Hero of the Mag'har (Nagrand),,https://www.wowhead.com/tbc/es/item=28168,sí
Druida,Feral (tanque),Cuello,3,29381,Choker of Vile Intent,Insignias,"Insignias de Justicia (G'eras, Shattrath)",,https://www.wowhead.com/tbc/es/item=29381,sí
Druida,Feral (tanque),Cuello,4,33066,Veteran's Pendant of Triumph,JcJ,Arena temporada 2,Disponible desde la fase 2,https://www.wowhead.com/tbc/es/item=33066,no
Druida,Feral (tanque),Cuello,5,28244,Pendant of Triumph,JcJ,Arena temporada 1,,https://www.wowhead.com/tbc/es/item=28244,sí
Druida,Feral (tanque),Cuello,6,27779,Bone Chain Necklace,Mazmorra heroica,La Sotiénaga (heroica): The Black Stalker,,https://www.wowhead.com/tbc/es/item=27779,sí
Druida,Feral (tanque),Anillos,1,34837,The 2 Ring,Sin confirmar,Fuente sin confirmar; revisar en Wowhead,Disponible desde la fase 5,https://www.wowhead.com/tbc/es/item=34837,?
Druida,Feral (tanque),Anillos,2,27436,Iron Band of the Unbreakable,Mazmorra,Antiguas Laderas de Trabalomas: Lieutenant Drake,,https://www.wowhead.com/tbc/es/item=27436,sí
Druida,Feral (tanque),Anillos,3,27925,Ravenclaw Band,Mazmorra,Salas Sethekk: Talon King Ikiss,,https://www.wowhead.com/tbc/es/item=27925,sí
Druida,Feral (tanque),Anillos,4,24151,Mok'Nathal Clan Ring,Mazmorra,Murallas del Fuego Infernal: Nazan & Vazruden,,https://www.wowhead.com/tbc/es/item=24151,sí
Druida,Feral (tanque),Anillos,5,30834,Shapeshifter's Signet,Reputación,Bajo Arrabal (Exaltado),,https://www.wowhead.com/tbc/es/item=30834,sí
Druida,Feral (tanque),Anillos,6,29384,Ring of Unyielding Force,Insignias,"Insignias de Justicia (G'eras, Shattrath)",,https://www.wowhead.com/tbc/es/item=29384,sí
Druida,Feral (tanque),Abalorios,1,23206,Mark of the Champion,Banda clásica,Naxxramas (nivel 60): Kel'Thuzad,Contenido de nivel 60 (antes de TBC),https://www.wowhead.com/tbc/es/item=23206,no
Druida,Feral (tanque),Abalorios,2,28121,Icon of Unyielding Courage,Mazmorra heroica,El Horno de Sangre (heroica): Keli'dan the Breaker,,https://www.wowhead.com/tbc/es/item=28121,sí
Druida,Feral (tanque),Abalorios,3,29383,Bloodlust Brooch,Insignias,"Insignias de Justicia (G'eras, Shattrath)",,https://www.wowhead.com/tbc/es/item=29383,sí
Druida,Feral (tanque),Abalorios,4,23836,Goblin Rocket Launcher,Profesión,Ingeniería,,https://www.wowhead.com/tbc/es/item=23836,sí
Druida,Feral (tanque),Abalorios,5,23835,Gnomish Poultryizer,Profesión,Ingeniería,,https://www.wowhead.com/tbc/es/item=23835,sí
Druida,Feral (tanque),Abalorios,6,32658,Badge of Tenacity,Sin confirmar,Fuente sin confirmar; revisar en Wowhead,Disponible desde la fase 2,https://www.wowhead.com/tbc/es/item=32658,?
Druida,Feral (tanque),Arma,1,29171,Earthwarden,Reputación,Expedición Cenarion (Exaltado),,https://www.wowhead.com/tbc/es/item=29171,sí
Druida,Feral (tanque),Arma,2,32014,Merciless Gladiator's Maul,JcJ,Arena temporada 2 (Gladiador despiadado): puntos de arena y honor,Arena temporada 2: fase 2 en adelante,https://www.wowhead.com/tbc/es/item=32014,no
Druida,Feral (tanque),Arma,3,28476,Gladiator's Maul,JcJ,Arena temporada 1 (Gladiador): puntos de arena y honor,,https://www.wowhead.com/tbc/es/item=28476,sí
Druida,Feral (tanque),Arma,4,29359,Feral Staff of Lashing,Mazmorra heroica,El Invernáculo (heroica): Warp Splinter,,https://www.wowhead.com/tbc/es/item=29359,sí
Druida,Feral (tanque),Arma,5,31334,Staff of Natural Fury,Otro,Botín de mundo (épico aleatorio),,https://www.wowhead.com/tbc/es/item=31334,sí
Druida,Feral (tanque),Arma,6,27757,Greatstaff of the Leviathan,Mazmorra heroica,La Sotiénaga (heroica): Ghaz'an,,https://www.wowhead.com/tbc/es/item=27757,sí
Druida,Feral (tanque),Ídolo,1,32387,Idol of the Raven Goddess,Misión,Vanquish the Raven God,Disponible desde la fase 2,https://www.wowhead.com/tbc/es/item=32387,no
Druida,Feral (tanque),Ídolo,2,23198,Idol of Brutality,Mazmorra clásica,Stratholme: Magistrate Barthilas,Contenido de nivel 60 (antes de TBC),https://www.wowhead.com/tbc/es/item=23198,no
Druida,Feral (tanque),Ídolo,3,28064,Idol of the Wild,Misión,Colossal Menace (Hellfire Peninsula),,https://www.wowhead.com/tbc/es/item=28064,sí
Druida,Feral (tanque),Ídolo,4,27744,Idol of Ursoc,Mazmorra heroica,La Sotiénaga (heroica): Hungarfen,,https://www.wowhead.com/tbc/es/item=27744,sí
Druida,Feral (tanque),Ídolo,5,33946,Merciless Gladiator's Idol of Resolve,JcJ,Arena temporada 2 (Gladiador despiadado): puntos de arena y honor,Arena temporada 2: fase 2 en adelante,https://www.wowhead.com/tbc/es/item=33946,no
Druida,Feral (tanque),Ídolo,6,33945,Gladiator's Idol of Resolve,JcJ,Arena temporada 1 (Gladiador): puntos de arena y honor,,https://www.wowhead.com/tbc/es/item=33945,sí
Druida,Feral (DPS),Cabeza,1,8345,Wolfshead Helm,Profesión,Peletería,,https://www.wowhead.com/tbc/es/item=8345,sí
Druida,Feral (DPS),Hombros,1,25790,Expedition Scout's Epaulets,Misión,Fel Embers (Hellfire Citadel),,https://www.wowhead.com/tbc/es/item=25790,sí
Druida,Feral (DPS),Hombros,2,27434,Mantle of Perenolde,Mazmorra,Antiguas Laderas de Trabalomas: Epoch Hunter,,https://www.wowhead.com/tbc/es/item=27434,sí
Druida,Feral (DPS),Hombros,3,27776,Shoulderpads of Assassination,Mazmorra,Salas Sethekk: Talon King Ikiss,,https://www.wowhead.com/tbc/es/item=27776,sí
Druida,Feral (DPS),Hombros,4,27797,Wastewalker Shoulderpads,Mazmorra heroica,Criptas Auchenai (heroica): Avatar of the Martyred,,https://www.wowhead.com/tbc/es/item=27797,sí
Druida,Feral (DPS),Hombros,5,27995,Sun-Gilded Shouldercaps,Mazmorra,La Ciénaga Negra: Chrono Lord Deja,,https://www.wowhead.com/tbc/es/item=27995,sí
Druida,Feral (DPS),Espalda,1,31255,Cloak of the Craft,Botín de mundo,Botín de mundo ligado al equipar (se puede comprar en la subasta),,https://www.wowhead.com/tbc/es/item=31255,sí
Druida,Feral (DPS),Espalda,2,27878,Auchenai Death Shroud,Mazmorra heroica,Criptas Auchenai (heroica): Avatar of the Martyred,,https://www.wowhead.com/tbc/es/item=27878,sí
Druida,Feral (DPS),Espalda,3,24259,Vengeance Wrap,Profesión,Sastrería,,https://www.wowhead.com/tbc/es/item=24259,sí
Druida,Feral (DPS),Espalda,4,29382,Blood Knight War Cloak,Insignias,"Insignias de Justicia (G'eras, Shattrath)",,https://www.wowhead.com/tbc/es/item=29382,sí
Druida,Feral (DPS),Espalda,5,28031,Nomad's Woven Cloak,Misión,Bring Me The Egg! (Nagrand),,https://www.wowhead.com/tbc/es/item=28031,sí
Druida,Feral (DPS),Espalda,6,28032,Delicate Green Poncho,Misión,Bring Me The Egg! (Nagrand),,https://www.wowhead.com/tbc/es/item=28032,sí
Druida,Feral (DPS),Pecho,1,28204,Tunic of Assassination,Mazmorra,El Mechanar: Pathaleon the Calculator,,https://www.wowhead.com/tbc/es/item=28204,sí
Druida,Feral (DPS),Pecho,2,29525,Primalstrike Vest,Profesión,Peletería,,https://www.wowhead.com/tbc/es/item=29525,sí
Druida,Feral (DPS),Pecho,3,24396,Vest of Vengeance,Mazmorra,El Horno de Sangre: Keli'dan the Breaker,,https://www.wowhead.com/tbc/es/item=24396,sí
Druida,Feral (DPS),Pecho,4,31972,Merciless Gladiator's Dragonhide Tunic,JcJ,Arena temporada 2 (Gladiador despiadado): puntos de arena y honor,Arena temporada 2: fase 2 en adelante,https://www.wowhead.com/tbc/es/item=31972,no
Druida,Feral (DPS),Pecho,5,28264,Wastewalker Tunic,Mazmorra heroica,El Horno de Sangre (heroica): Keli'dan the Breaker,,https://www.wowhead.com/tbc/es/item=28264,sí
Druida,Feral (DPS),Pecho,6,29340,Auchenai Monk's Tunic,Misión,Everything Will Be Alright (Auchenai Crypts),,https://www.wowhead.com/tbc/es/item=29340,sí
Druida,Feral (DPS),Muñecas,1,32647,Shard-bound Bracers,Reputación,Ogri'la (Exaltado),Disponible desde la fase 2,https://www.wowhead.com/tbc/es/item=32647,no
Druida,Feral (DPS),Muñecas,2,28171,Spymistress's Wristguards,Misión,The Soul Devices (Auchindoun),,https://www.wowhead.com/tbc/es/item=28171,sí
Druida,Feral (DPS),Muñecas,3,32814,Veteran's Leather Bracers,JcJ,Arena temporada 2,Disponible desde la fase 2,https://www.wowhead.com/tbc/es/item=32814,no
Druida,Feral (DPS),Muñecas,4,32810,Veteran's Dragonhide Bracers,JcJ,Arena temporada 2,Disponible desde la fase 2,https://www.wowhead.com/tbc/es/item=32810,no
Druida,Feral (DPS),Muñecas,5,29246,Nightfall Wristguards,Mazmorra heroica,Antiguas Laderas de Trabalomas (heroica): Epoch Hunter,,https://www.wowhead.com/tbc/es/item=29246,sí
Druida,Feral (DPS),Manos,1,28396,Gloves of the Unbound,Mazmorra,El Arcatraz: Wrath-Scryer Soccothrates,,https://www.wowhead.com/tbc/es/item=28396,sí
Druida,Feral (DPS),Manos,2,29507,Windslayer Wraps,Profesión,Peletería,,https://www.wowhead.com/tbc/es/item=29507,sí
Druida,Feral (DPS),Manos,3,25685,Fel Leather Gloves,Profesión,Peletería,,https://www.wowhead.com/tbc/es/item=25685,sí
Druida,Feral (DPS),Manos,4,27509,Handgrips of Assassination,Mazmorra,La Ciénaga Negra: Aeonus,,https://www.wowhead.com/tbc/es/item=27509,sí
Druida,Feral (DPS),Manos,5,27531,Wastewalker Gloves,Mazmorra,Las Salas Arrasadas: Warchief Kargath Bladefist,,https://www.wowhead.com/tbc/es/item=27531,sí
Druida,Feral (DPS),Cintura,1,30372,Socrethar's Girdle,Misión,Turning Point (Netherstorm),,https://www.wowhead.com/tbc/es/item=30372,sí
Druida,Feral (DPS),Cintura,2,31464,Naaru Belt of Precision,Misión,How to Break Into the Arcatraz (Tempest Keep),,https://www.wowhead.com/tbc/es/item=31464,sí
Druida,Feral (DPS),Cintura,3,29247,Girdle of the Deathdealer,Mazmorra heroica,La Ciénaga Negra (heroica): Aeonus,,https://www.wowhead.com/tbc/es/item=29247,sí
Druida,Feral (DPS),Cintura,4,27760,Dunewind Sash,Mazmorra heroica,La Sotiénaga (heroica): Ghaz'an,,https://www.wowhead.com/tbc/es/item=27760,sí
Druida,Feral (DPS),Cintura,5,27911,Epoch's Whispering Cinch,Mazmorra heroica,Antiguas Laderas de Trabalomas (heroica): Epoch Hunter,,https://www.wowhead.com/tbc/es/item=27911,sí
Druida,Feral (DPS),Piernas,1,31544,Clefthoof Hide Leggings,Misión,Showdown (Blade's Edge Mountains),,https://www.wowhead.com/tbc/es/item=31544,sí
Druida,Feral (DPS),Piernas,2,27837,Wastewalker Leggings,Mazmorra heroica,Tumbas de Maná (heroica): Nexus-Prince Shaffar,,https://www.wowhead.com/tbc/es/item=27837,sí
Druida,Feral (DPS),Piernas,3,25687,Fel Leather Leggings,Profesión,Peletería,,https://www.wowhead.com/tbc/es/item=25687,sí
Druida,Feral (DPS),Piernas,4,30538,Midnight Legguards,Mazmorra heroica,Recinto de los Esclavos (heroica): Quagmirran,,https://www.wowhead.com/tbc/es/item=30538,sí
Druida,Feral (DPS),Piernas,5,27908,Leggings of Assassination,Mazmorra,Laberinto de las Sombras: Murmur,,https://www.wowhead.com/tbc/es/item=27908,sí
Druida,Feral (DPS),Piernas,6,30535,Forestwalker Kilt,Mazmorra heroica,Tumbas de Maná (heroica): Nexus-Prince Shaffar,,https://www.wowhead.com/tbc/es/item=30535,sí
Druida,Feral (DPS),Pies,1,25686,Fel Leather Boots,Profesión,Peletería,,https://www.wowhead.com/tbc/es/item=25686,sí
Druida,Feral (DPS),Pies,2,31288,The Master's Treads,Botín de mundo,Botín de mundo ligado al equipar (se puede comprar en la subasta),,https://www.wowhead.com/tbc/es/item=31288,sí
Druida,Feral (DPS),Pies,3,32790,Veteran's Leather Boots,JcJ,Arena temporada 2,Disponible desde la fase 2,https://www.wowhead.com/tbc/es/item=32790,no
Druida,Feral (DPS),Pies,4,29248,Shadowstep Striders,Mazmorra heroica,El Arcatraz (heroica): Harbinger Skyriss,,https://www.wowhead.com/tbc/es/item=29248,sí
Druida,Feral (DPS),Pies,5,30939,Felboar Hide Shoes,Misión,The Cipher of Damnation - The Third Fragment Recovered (Shadowmoon Valley),,https://www.wowhead.com/tbc/es/item=30939,sí
Druida,Feral (DPS),Cuello,1,24114,Braided Eternium Chain,Profesión,Joyería,,https://www.wowhead.com/tbc/es/item=24114,sí
Druida,Feral (DPS),Cuello,2,31275,Necklace of Trophies,Botín de mundo,Botín de mundo ligado al equipar (se puede comprar en la subasta),,https://www.wowhead.com/tbc/es/item=31275,sí
Druida,Feral (DPS),Cuello,3,29381,Choker of Vile Intent,Insignias,"Insignias de Justicia (G'eras, Shattrath)",,https://www.wowhead.com/tbc/es/item=29381,sí
Druida,Feral (DPS),Cuello,4,29119,Haramad's Bargain,Reputación,El Consorcio (Exaltado),,https://www.wowhead.com/tbc/es/item=29119,sí
Druida,Feral (DPS),Cuello,5,27779,Bone Chain Necklace,Mazmorra heroica,La Sotiénaga (heroica): The Black Stalker,,https://www.wowhead.com/tbc/es/item=27779,sí
Druida,Feral (DPS),Cuello,6,19377,Prestor's Talisman of Connivery,Banda clásica,Guarida de Alanegra: Nefarian,Contenido de nivel 60 (antes de TBC),https://www.wowhead.com/tbc/es/item=19377,no
Druida,Feral (DPS),Anillos,1,30365,Overseer's Signet,Misión,Shutting Down Manaforge Ara (Netherstorm),,https://www.wowhead.com/tbc/es/item=30365,sí
Druida,Feral (DPS),Anillos,2,30834,Shapeshifter's Signet,Reputación,Bajo Arrabal (Exaltado),,https://www.wowhead.com/tbc/es/item=30834,sí
Druida,Feral (DPS),Anillos,3,31920,Shaffar's Band of Brutality,Mazmorra heroica,Tumbas de Maná (heroica): Yor <Void Hound of Shaffar>,,https://www.wowhead.com/tbc/es/item=31920,sí
Druida,Feral (DPS),Anillos,4,27925,Ravenclaw Band,Mazmorra,Salas Sethekk: Talon King Ikiss,,https://www.wowhead.com/tbc/es/item=27925,sí
Druida,Feral (DPS),Anillos,5,30860,Kaylaan's Signet,Misión,Deathblow to the Legion (Netherstorm),,https://www.wowhead.com/tbc/es/item=30860,sí
Druida,Feral (DPS),Anillos,6,31077,Slayer's Mark of the Redemption,Misión,Dissension Amongst the Ranks... (Shadowmoon Valley),,https://www.wowhead.com/tbc/es/item=31077,sí
Druida,Feral (DPS),Abalorios,1,23206,Mark of the Champion,Banda clásica,Naxxramas (nivel 60): Kel'Thuzad,Contenido de nivel 60 (antes de TBC),https://www.wowhead.com/tbc/es/item=23206,no
Druida,Feral (DPS),Abalorios,2,29383,Bloodlust Brooch,Insignias,"Insignias de Justicia (G'eras, Shattrath)",,https://www.wowhead.com/tbc/es/item=29383,sí
Druida,Feral (DPS),Abalorios,3,28034,Hourglass of the Unraveller,Mazmorra,La Ciénaga Negra: Temporus,,https://www.wowhead.com/tbc/es/item=28034,sí
Druida,Feral (DPS),Abalorios,4,32654,Crystalforged Trinket,Reputación,Ogri'la (Reverenciado),Disponible desde la fase 2,https://www.wowhead.com/tbc/es/item=32654,no
Druida,Feral (DPS),Abalorios,5,23041,Slayer's Crest,Banda clásica,Naxxramas (nivel 60): Sapphiron,Contenido de nivel 60 (antes de TBC),https://www.wowhead.com/tbc/es/item=23041,no
Druida,Feral (DPS),Abalorios,6,28121,Icon of Unyielding Courage,Mazmorra heroica,El Horno de Sangre (heroica): Keli'dan the Breaker,,https://www.wowhead.com/tbc/es/item=28121,sí
Druida,Feral (DPS),Arma,1,31334,Staff of Natural Fury,Otro,Botín de mundo (épico aleatorio),,https://www.wowhead.com/tbc/es/item=31334,sí
Druida,Feral (DPS),Arma,2,32014,Merciless Gladiator's Maul,JcJ,Arena temporada 2 (Gladiador despiadado): puntos de arena y honor,Arena temporada 2: fase 2 en adelante,https://www.wowhead.com/tbc/es/item=32014,no
Druida,Feral (DPS),Arma,3,28476,Gladiator's Maul,JcJ,Arena temporada 1 (Gladiador): puntos de arena y honor,,https://www.wowhead.com/tbc/es/item=28476,sí
Druida,Feral (DPS),Arma,4,29359,Feral Staff of Lashing,Mazmorra heroica,El Invernáculo (heroica): Warp Splinter,,https://www.wowhead.com/tbc/es/item=29359,sí
Druida,Feral (DPS),Arma,5,29171,Earthwarden,Reputación,Expedición Cenarion (Exaltado),,https://www.wowhead.com/tbc/es/item=29171,sí
Druida,Feral (DPS),Arma,6,27877,Draenic Wildstaff,Mazmorra heroica,Criptas Auchenai (heroica): Avatar of the Martyred,,https://www.wowhead.com/tbc/es/item=27877,sí
Druida,Feral (DPS),Ídolo,1,28372,Idol of Feral Shadows,Mazmorra,El Arcatraz: Zereketh the Unbound,,https://www.wowhead.com/tbc/es/item=28372,sí
Druida,Feral (DPS),Ídolo,2,29390,Everbloom Idol,Insignias,"Insignias de Justicia (G'eras, Shattrath)",,https://www.wowhead.com/tbc/es/item=29390,sí
Druida,Feral (DPS),Ídolo,3,32387,Idol of the Raven Goddess,Misión,Vanquish the Raven God,Disponible desde la fase 2,https://www.wowhead.com/tbc/es/item=32387,no
Druida,Feral (DPS),Ídolo,4,28064,Idol of the Wild,Misión,Colossal Menace (Hellfire Peninsula),,https://www.wowhead.com/tbc/es/item=28064,sí
Druida,Restauración,Cabeza,1,32479,Wonderheal XT40 Shades,Profesión,Ingeniería,Receta disponible desde la fase 2,https://www.wowhead.com/tbc/es/item=32479,no
Druida,Restauración,Cabeza,2,31988,Merciless Gladiator's Kodohide Helm,JcJ,Arena temporada 2 (Gladiador despiadado): puntos de arena y honor,Arena temporada 2: fase 2 en adelante,https://www.wowhead.com/tbc/es/item=31988,no
Druida,Restauración,Cabeza,3,24264,Whitemend Hood,Profesión,Sastrería,,https://www.wowhead.com/tbc/es/item=24264,sí
Druida,Restauración,Cabeza,4,31376,Gladiator's Kodohide Helm,JcJ,Arena temporada 1 (Gladiador): puntos de arena y honor,,https://www.wowhead.com/tbc/es/item=31376,sí
Druida,Restauración,Cabeza,5,32090,Cowl of Naaru Blessings,Insignias,"Insignias de Justicia (G'eras, Shattrath)",,https://www.wowhead.com/tbc/es/item=32090,sí
Druida,Restauración,Cabeza,6,28413,Hallowed Crown,Mazmorra,El Arcatraz: Harbinger Skyriss,,https://www.wowhead.com/tbc/es/item=28413,sí
Druida,Restauración,Hombros,1,21874,Primal Mooncloth Shoulders,Profesión,Sastrería,,https://www.wowhead.com/tbc/es/item=21874,sí
Druida,Restauración,Hombros,2,31990,Merciless Gladiator's Kodohide Spaulders,JcJ,Arena temporada 2 (Gladiador despiadado): puntos de arena y honor,Arena temporada 2: fase 2 en adelante,https://www.wowhead.com/tbc/es/item=31990,no
Druida,Restauración,Hombros,3,27775,Hallowed Pauldrons,Mazmorra,Laberinto de las Sombras: Grandmaster Vorpil,,https://www.wowhead.com/tbc/es/item=27775,sí
Druida,Restauración,Hombros,4,31378,Gladiator's Kodohide Spaulders,JcJ,Arena temporada 1 (Gladiador): puntos de arena y honor,,https://www.wowhead.com/tbc/es/item=31378,sí
Druida,Restauración,Hombros,5,27433,Pauldrons of Sufferance,Mazmorra,Antiguas Laderas de Trabalomas: Epoch Hunter,,https://www.wowhead.com/tbc/es/item=27433,sí
Druida,Restauración,Hombros,6,27737,Moonglade Shoulders,Mazmorra,La Cámara de Vapor: Warlord Kalithresh,,https://www.wowhead.com/tbc/es/item=27737,sí
Druida,Restauración,Espalda,1,31329,Lifegiving Cloak,Otro,Botín de mundo (épico aleatorio),,https://www.wowhead.com/tbc/es/item=31329,sí
Druida,Restauración,Espalda,2,22960,Cloak of Suturing,Banda clásica,Naxxramas (nivel 60): Patchwerk,Contenido de nivel 60 (antes de TBC),https://www.wowhead.com/tbc/es/item=22960,no
Druida,Restauración,Espalda,3,27946,Avian Cloak of Feathers,Mazmorra,Salas Sethekk: Talon King Ikiss,,https://www.wowhead.com/tbc/es/item=27946,sí
Druida,Restauración,Espalda,4,29354,Light-Touched Stole of Altruism,Mazmorra heroica,Criptas Auchenai (heroica): Exarch Maladaar,,https://www.wowhead.com/tbc/es/item=29354,sí
Druida,Restauración,Espalda,5,29375,Bishop's Cloak,Insignias,"Insignias de Justicia (G'eras, Shattrath)",,https://www.wowhead.com/tbc/es/item=29375,sí
Druida,Restauración,Espalda,6,24254,White Remedy Cape,Profesión,Sastrería,,https://www.wowhead.com/tbc/es/item=24254,sí
Druida,Restauración,Pecho,1,21875,Primal Mooncloth Robe,Profesión,Sastrería,,https://www.wowhead.com/tbc/es/item=21875,sí
Druida,Restauración,Pecho,2,29522,Windhawk Hauberk,Profesión,Peletería,,https://www.wowhead.com/tbc/es/item=29522,sí
Druida,Restauración,Pecho,3,31991,Merciless Gladiator's Kodohide Tunic,JcJ,Arena temporada 2 (Gladiador despiadado): puntos de arena y honor,Arena temporada 2: fase 2 en adelante,https://www.wowhead.com/tbc/es/item=31991,no
Druida,Restauración,Pecho,4,31379,Gladiator's Kodohide Tunic,JcJ,Arena temporada 1 (Gladiador): puntos de arena y honor,,https://www.wowhead.com/tbc/es/item=31379,sí
Druida,Restauración,Pecho,5,28230,Hallowed Garments,Mazmorra,Laberinto de las Sombras: Murmur,,https://www.wowhead.com/tbc/es/item=28230,sí
Druida,Restauración,Pecho,6,28202,Moonglade Robe,Mazmorra,El Mechanar: Pathaleon the Calculator,,https://www.wowhead.com/tbc/es/item=28202,sí
Druida,Restauración,Muñecas,1,29183,Bindings of the Timewalker,Reputación,Vigilantes del Tiempo (Exaltado),,https://www.wowhead.com/tbc/es/item=29183,sí
Druida,Restauración,Muñecas,2,29523,Windhawk Bracers,Profesión,Peletería,,https://www.wowhead.com/tbc/es/item=29523,sí
Druida,Restauración,Muñecas,3,29249,Bands of the Benevolent,Mazmorra heroica,Salas Sethekk (heroica): Talon King Ikiss,,https://www.wowhead.com/tbc/es/item=29249,sí
Druida,Restauración,Muñecas,4,21604,Bracelets of Royal Redemption,Banda clásica,Templo de Ahn'Qiraj: Twin Emperors,Contenido de nivel 60 (antes de TBC),https://www.wowhead.com/tbc/es/item=21604,no
Druida,Restauración,Muñecas,5,27827,Lucid Dream Bracers,Mazmorra heroica,Tumbas de Maná (heroica): Nexus-Prince Shaffar,,https://www.wowhead.com/tbc/es/item=27827,sí
Druida,Restauración,Muñecas,6,22495,Dreamwalker Wristguards,Banda clásica,Naxxramas (nivel 60): Anub'Rekhan,Contenido de nivel 60 (antes de TBC),https://www.wowhead.com/tbc/es/item=22495,no
Druida,Restauración,Manos,1,29506,Gloves of the Living Touch,Profesión,Peletería,,https://www.wowhead.com/tbc/es/item=29506,sí
Druida,Restauración,Manos,2,31987,Merciless Gladiator's Kodohide Gloves,JcJ,Arena temporada 2 (Gladiador despiadado): puntos de arena y honor,Arena temporada 2: fase 2 en adelante,https://www.wowhead.com/tbc/es/item=31987,no
Druida,Restauración,Manos,3,31375,Gladiator's Kodohide Gloves,JcJ,Arena temporada 1 (Gladiador): puntos de arena y honor,,https://www.wowhead.com/tbc/es/item=31375,sí
Druida,Restauración,Manos,4,24393,Bloody Surgeon's Mitts,Mazmorra,El Horno de Sangre: Broggok,,https://www.wowhead.com/tbc/es/item=24393,sí
Druida,Restauración,Manos,5,25791,Gloves of Preservation,Misión,Fel Embers (Hellfire Citadel),,https://www.wowhead.com/tbc/es/item=25791,sí
Druida,Restauración,Manos,6,28268,Natural Mender's Wraps,Mazmorra heroica,Criptas Auchenai (heroica): Avatar of the Martyred,,https://www.wowhead.com/tbc/es/item=28268,sí
Druida,Restauración,Cintura,1,30036,Belt of the Long Road,Profesión,Sastrería,Receta disponible desde la fase 2,https://www.wowhead.com/tbc/es/item=30036,no
Druida,Restauración,Cintura,2,21873,Primal Mooncloth Belt,Profesión,Sastrería,,https://www.wowhead.com/tbc/es/item=21873,sí
Druida,Restauración,Cintura,3,29524,Windhawk Belt,Profesión,Peletería,,https://www.wowhead.com/tbc/es/item=29524,sí
Druida,Restauración,Cintura,4,29250,Cord of Sanctification,Mazmorra heroica,Antiguas Laderas de Trabalomas (heroica): Epoch Hunter,,https://www.wowhead.com/tbc/es/item=29250,sí
Druida,Restauración,Cintura,5,31594,General's Kodohide Belt,JcJ,Honor (vendedor de JcJ),,https://www.wowhead.com/tbc/es/item=31594,sí
Druida,Restauración,Cintura,6,27542,Cord of Belief,Mazmorra heroica,Recinto de los Esclavos (heroica): Mennu the Betrayer,,https://www.wowhead.com/tbc/es/item=27542,sí
Druida,Restauración,Piernas,1,24261,Whitemend Pants,Profesión,Sastrería,,https://www.wowhead.com/tbc/es/item=24261,sí
Druida,Restauración,Piernas,2,30543,Pontifex Kilt,Mazmorra heroica,La Cámara de Vapor (heroica): Warlord Kalithresh,,https://www.wowhead.com/tbc/es/item=30543,sí
Druida,Restauración,Piernas,3,31343,Kamaei's Cerulean Skirt,Otro,Botín de mundo (épico aleatorio),,https://www.wowhead.com/tbc/es/item=31343,sí
Druida,Restauración,Piernas,4,31335,Pants of Living Growth,Otro,Botín de mundo (épico aleatorio),,https://www.wowhead.com/tbc/es/item=31335,sí
Druida,Restauración,Piernas,5,28218,Pontiff's Pantaloons of Prophecy,Mazmorra heroica,Antiguas Laderas de Trabalomas (heroica): Captain Skarloc,,https://www.wowhead.com/tbc/es/item=28218,sí
Druida,Restauración,Piernas,6,31989,Merciless Gladiator's Kodohide Legguards,JcJ,Arena temporada 2 (Gladiador despiadado): puntos de arena y honor,Arena temporada 2: fase 2 en adelante,https://www.wowhead.com/tbc/es/item=31989,no
Druida,Restauración,Pies,1,30035,Boots of the Long Road,Profesión,Sastrería,Receta disponible desde la fase 2,https://www.wowhead.com/tbc/es/item=30035,no
Druida,Restauración,Pies,2,27411,Slippers of Serenity,Mazmorra,Criptas Auchenai: Exarch Maladaar,,https://www.wowhead.com/tbc/es/item=27411,sí
Druida,Restauración,Pies,3,29251,Boots of the Pious,Mazmorra heroica,El Mechanar (heroica): Pathaleon the Calculator,,https://www.wowhead.com/tbc/es/item=29251,sí
Druida,Restauración,Pies,4,25792,Curate's Boots,Misión,Fel Embers (Hellfire Citadel),,https://www.wowhead.com/tbc/es/item=25792,sí
Druida,Restauración,Pies,5,31595,General's Kodohide Boots,JcJ,Honor (vendedor de JcJ),,https://www.wowhead.com/tbc/es/item=31595,sí
Druida,Restauración,Pies,6,28251,Boots of the Glade-Keeper,Mazmorra heroica,El Mechanar (heroica): Cache of the Legion,,https://www.wowhead.com/tbc/es/item=28251,sí
Druida,Restauración,Cuello,1,30377,Karja's Medallion,Misión,Shutting Down Manaforge Ara (Netherstorm),,https://www.wowhead.com/tbc/es/item=30377,sí
Druida,Restauración,Cuello,2,33068,Veteran's Pendant of Salvation,JcJ,Arena temporada 2,Disponible desde la fase 2,https://www.wowhead.com/tbc/es/item=33068,no
Druida,Restauración,Cuello,3,31691,Natasha's Guardian Cord,Misión,The Hound-Master (Blade's Edge Mountains),,https://www.wowhead.com/tbc/es/item=31691,sí
Druida,Restauración,Cuello,4,29374,Necklace of Eternal Hope,Insignias,"Insignias de Justicia (G'eras, Shattrath)",,https://www.wowhead.com/tbc/es/item=29374,sí
Druida,Restauración,Cuello,5,23036,Necklace of Necropsy,Banda clásica,Naxxramas (nivel 60): Heigan the Unclean,Contenido de nivel 60 (antes de TBC),https://www.wowhead.com/tbc/es/item=23036,no
Druida,Restauración,Cuello,6,28233,Necklace of Resplendent Hope,Mazmorra heroica,Antiguas Laderas de Trabalomas (heroica): Epoch Hunter,,https://www.wowhead.com/tbc/es/item=28233,sí
Druida,Restauración,Anillos,1,27780,Ring of Fabled Hope,Mazmorra heroica,La Sotiénaga (heroica): The Black Stalker,,https://www.wowhead.com/tbc/es/item=27780,sí
Druida,Restauración,Anillos,2,29168,Ancestral Band,Reputación,Thrallmar (Reverenciado),,https://www.wowhead.com/tbc/es/item=29168,sí
Druida,Restauración,Anillos,3,31383,Spiritualist's Mark of the Sha'tar,Misión,Battle of the Crimson Watch (Shadowmoon Valley),,https://www.wowhead.com/tbc/es/item=31383,sí
Druida,Restauración,Anillos,4,29373,Band of Halos,Insignias,"Insignias de Justicia (G'eras, Shattrath)",,https://www.wowhead.com/tbc/es/item=29373,sí
Druida,Restauración,Anillos,5,31923,Band of the Crystalline Void,Mazmorra heroica,Tumbas de Maná (heroica): Yor <Void Hound of Shaffar>,,https://www.wowhead.com/tbc/es/item=31923,sí
Druida,Restauración,Anillos,6,29814,Celestial Jewel Ring,Misión,Hitting the Motherlode (Netherstorm),,https://www.wowhead.com/tbc/es/item=29814,sí
Druida,Restauración,Abalorios,1,29376,Essence of the Martyr,Insignias,"Insignias de Justicia (G'eras, Shattrath)",,https://www.wowhead.com/tbc/es/item=29376,sí
Druida,Restauración,Abalorios,2,38288,Direbrew Hops,Evento,Fiesta de la Cerveza: Coren Cerveza Temible (Profundidades de Roca Negra),Solo durante el evento de temporada,https://www.wowhead.com/tbc/es/item=38288,no
Druida,Restauración,Abalorios,3,25634,Oshu'gun Relic,Misión,Gava'xi (Nagrand),,https://www.wowhead.com/tbc/es/item=25634,sí
Druida,Restauración,Abalorios,4,23047,Eye of the Dead,Banda clásica,Naxxramas (nivel 60): Sapphiron,Contenido de nivel 60 (antes de TBC),https://www.wowhead.com/tbc/es/item=23047,no
Druida,Restauración,Abalorios,5,19395,Rejuvenating Gem,Banda clásica,Guarida de Alanegra: Firemaw,Contenido de nivel 60 (antes de TBC),https://www.wowhead.com/tbc/es/item=19395,no
Druida,Restauración,Abalorios,6,30841,Lower City Prayerbook,Reputación,Bajo Arrabal (Reverenciado),,https://www.wowhead.com/tbc/es/item=30841,sí
Druida,Restauración,Arma de una mano,1,32964,Merciless Gladiator's Salvation,JcJ,Arena temporada 2 (Gladiador despiadado): puntos de arena y honor,Arena temporada 2: fase 2 en adelante,https://www.wowhead.com/tbc/es/item=32964,no
Druida,Restauración,Arma de una mano,2,32451,Gladiator's Salvation,JcJ,Arena temporada 1 (Gladiador): puntos de arena y honor,,https://www.wowhead.com/tbc/es/item=32451,sí
Druida,Restauración,Arma de una mano,3,23556,Hand of Eternity,Profesión,Herrería,,https://www.wowhead.com/tbc/es/item=23556,sí
Druida,Restauración,Arma de una mano,4,29353,Shockwave Truncheon,Mazmorra heroica,Laberinto de las Sombras (heroica): Murmur,,https://www.wowhead.com/tbc/es/item=29353,sí
Druida,Restauración,Arma de una mano,5,31342,The Ancient Scepter of Sue-Min,Otro,Botín de mundo (épico aleatorio),,https://www.wowhead.com/tbc/es/item=31342,sí
Druida,Restauración,Arma de una mano,6,29175,Gavel of Pure Light,Reputación,Los Sha'tar (Exaltado),,https://www.wowhead.com/tbc/es/item=29175,sí
Druida,Restauración,Arma de dos manos,1,22632,"Atiesh, Greatstaff of the Guardian",Misión,"Atiesh, Greatstaff of the Guardian",,https://www.wowhead.com/tbc/es/item=22632,sí
Druida,Restauración,Arma de dos manos,2,27791,Serpentcrest Life-Staff,Mazmorra,La Cámara de Vapor: Mekgineer Steamrigger,,https://www.wowhead.com/tbc/es/item=27791,sí
Druida,Restauración,Arma de dos manos,3,29133,Seer's Cane,Reputación,Los Arúspices (Reverenciado),,https://www.wowhead.com/tbc/es/item=29133,sí
Druida,Restauración,Arma de dos manos,4,28033,Epoch-Mender,Mazmorra,La Ciénaga Negra: Temporus,,https://www.wowhead.com/tbc/es/item=28033,sí
Druida,Restauración,Arma de dos manos,5,31289,Staff of Divine Infusion,Botín de mundo,Botín de mundo ligado al equipar (se puede comprar en la subasta),,https://www.wowhead.com/tbc/es/item=31289,sí
Druida,Restauración,Mano izquierda,1,29274,Tears of Heaven,Insignias,"Insignias de Justicia (G'eras, Shattrath)",,https://www.wowhead.com/tbc/es/item=29274,sí
Druida,Restauración,Mano izquierda,2,29170,Windcaller's Orb,Reputación,Expedición Cenarion (Exaltado),,https://www.wowhead.com/tbc/es/item=29170,sí
Druida,Restauración,Mano izquierda,3,32961,Merciless Gladiator's Reprieve,JcJ,Arena temporada 2 (Gladiador despiadado): puntos de arena y honor,Arena temporada 2: fase 2 en adelante,https://www.wowhead.com/tbc/es/item=32961,no
Druida,Restauración,Mano izquierda,4,23048,Sapphiron's Right Eye,Banda clásica,Naxxramas (nivel 60): Sapphiron,Contenido de nivel 60 (antes de TBC),https://www.wowhead.com/tbc/es/item=23048,no
Druida,Restauración,Mano izquierda,5,23029,Noth's Frigid Heart,Banda clásica,Naxxramas (nivel 60): Noth the Plaguebringer,Contenido de nivel 60 (antes de TBC),https://www.wowhead.com/tbc/es/item=23029,no
Druida,Restauración,Mano izquierda,6,27477,Faol's Signet of Cleansing,Mazmorra heroica,Murallas del Fuego Infernal (heroica): Omor the Unscarred,,https://www.wowhead.com/tbc/es/item=27477,sí
Druida,Restauración,Ídolo,1,27886,Idol of the Emerald Queen,Mazmorra,Laberinto de las Sombras: Ambassador Hellmaw,,https://www.wowhead.com/tbc/es/item=27886,sí
Druida,Restauración,Ídolo,2,32387,Idol of the Raven Goddess,Misión,Vanquish the Raven God,Disponible desde la fase 2,https://www.wowhead.com/tbc/es/item=32387,no
Druida,Restauración,Ídolo,3,25643,Harold's Rejuvenating Broach,Misión,The Ultimate Bloodsport (Nagrand),,https://www.wowhead.com/tbc/es/item=25643,sí
Cazador,Bestias,Cabeza,1,28275,Beast Lord Helm,Mazmorra,El Mechanar: Pathaleon the Calculator,,https://www.wowhead.com/tbc/es/item=28275,sí
Cazador,Bestias,Cabeza,2,32474,Surestrike Goggles v2.0,Profesión,Ingeniería,Receta disponible desde la fase 2,https://www.wowhead.com/tbc/es/item=32474,no
Cazador,Bestias,Cabeza,3,22438,Cryptstalker Headpiece,Banda clásica,Naxxramas (nivel 60): Thaddius,Contenido de nivel 60 (antes de TBC),https://www.wowhead.com/tbc/es/item=22438,no
Cazador,Bestias,Cabeza,4,31109,Stealther's Helmet of Second Sight,Misión,"Teron Gorefiend, I am... (Shadowmoon Valley)",,https://www.wowhead.com/tbc/es/item=31109,sí
Cazador,Bestias,Cabeza,5,31281,Mask of Veiled Death,Botín de mundo,Botín de mundo ligado al equipar (se puede comprar en la subasta),,https://www.wowhead.com/tbc/es/item=31281,sí
Cazador,Bestias,Cabeza,6,27414,Mok'Nathal Beast-Mask,Mazmorra,Criptas Auchenai: Exarch Maladaar,,https://www.wowhead.com/tbc/es/item=27414,sí
Cazador,Bestias,Hombros,1,27801,Beast Lord Mantle,Mazmorra,La Cámara de Vapor: Warlord Kalithresh,,https://www.wowhead.com/tbc/es/item=27801,sí
Cazador,Bestias,Hombros,2,25790,Expedition Scout's Epaulets,Misión,Fel Embers (Hellfire Citadel),,https://www.wowhead.com/tbc/es/item=25790,sí
Cazador,Bestias,Hombros,3,22439,Cryptstalker Spaulders,Banda clásica,Naxxramas (nivel 60): Patchwerk,Contenido de nivel 60 (antes de TBC),https://www.wowhead.com/tbc/es/item=22439,no
Cazador,Bestias,Hombros,4,27797,Wastewalker Shoulderpads,Mazmorra heroica,Criptas Auchenai (heroica): Avatar of the Martyred,,https://www.wowhead.com/tbc/es/item=27797,sí
Cazador,Bestias,Hombros,5,27434,Mantle of Perenolde,Mazmorra,Antiguas Laderas de Trabalomas: Epoch Hunter,,https://www.wowhead.com/tbc/es/item=27434,sí
Cazador,Bestias,Espalda,1,24259,Vengeance Wrap,Profesión,Sastrería,,https://www.wowhead.com/tbc/es/item=24259,sí
Cazador,Bestias,Espalda,2,29382,Blood Knight War Cloak,Insignias,"Insignias de Justicia (G'eras, Shattrath)",,https://www.wowhead.com/tbc/es/item=29382,sí
Cazador,Bestias,Espalda,3,27878,Auchenai Death Shroud,Mazmorra heroica,Criptas Auchenai (heroica): Avatar of the Martyred,,https://www.wowhead.com/tbc/es/item=27878,sí
Cazador,Bestias,Espalda,4,27892,Cloak of the Inciter,Mazmorra,Laberinto de las Sombras: Blackheart the Inciter,,https://www.wowhead.com/tbc/es/item=27892,sí
Cazador,Bestias,Pecho,1,28228,Beast Lord Cuirass,Mazmorra,El Invernáculo: Warp Splinter,,https://www.wowhead.com/tbc/es/item=28228,sí
Cazador,Bestias,Pecho,2,29525,Primalstrike Vest,Profesión,Peletería,,https://www.wowhead.com/tbc/es/item=29525,sí
Cazador,Bestias,Pecho,3,29515,Ebon Netherscale Breastplate,Profesión,Peletería,,https://www.wowhead.com/tbc/es/item=29515,sí
Cazador,Bestias,Pecho,4,30933,Hauberk of Karabor,Misión,Varedis Must Be Stopped (Shadowmoon Valley),,https://www.wowhead.com/tbc/es/item=30933,sí
Cazador,Bestias,Pecho,5,22436,Cryptstalker Tunic,Banda clásica,Naxxramas (nivel 60): The Four Horsemen,Contenido de nivel 60 (antes de TBC),https://www.wowhead.com/tbc/es/item=22436,no
Cazador,Bestias,Muñecas,1,29527,Primalstrike Bracers,Profesión,Peletería,,https://www.wowhead.com/tbc/es/item=29527,sí
Cazador,Bestias,Muñecas,2,29246,Nightfall Wristguards,Mazmorra heroica,Antiguas Laderas de Trabalomas (heroica): Epoch Hunter,,https://www.wowhead.com/tbc/es/item=29246,sí
Cazador,Bestias,Muñecas,3,25697,Felstalker Bracers,Profesión,Peletería,,https://www.wowhead.com/tbc/es/item=25697,sí
Cazador,Bestias,Muñecas,4,29517,Ebon Netherscale Bracers,Profesión,Peletería,,https://www.wowhead.com/tbc/es/item=29517,sí
Cazador,Bestias,Muñecas,5,22443,Cryptstalker Wristguards,Banda clásica,Naxxramas (nivel 60): Anub'Rekhan,Contenido de nivel 60 (antes de TBC),https://www.wowhead.com/tbc/es/item=22443,no
Cazador,Bestias,Manos,1,27474,Beast Lord Handguards,Mazmorra,Las Salas Arrasadas: Warchief Kargath Bladefist,,https://www.wowhead.com/tbc/es/item=27474,sí
Cazador,Bestias,Manos,2,16463,Marshal's Chain Grips,JcJ,Honor (vendedor de JcJ),,https://www.wowhead.com/tbc/es/item=16463,sí
Cazador,Bestias,Manos,3,30951,Ar'tor's Mainstay,Misión,The Cipher of Damnation - The Third Fragment Recovered (Shadowmoon Valley),,https://www.wowhead.com/tbc/es/item=30951,sí
Cazador,Bestias,Manos,4,22441,Cryptstalker Handguards,Banda clásica,Naxxramas (nivel 60): Maexxna,Contenido de nivel 60 (antes de TBC),https://www.wowhead.com/tbc/es/item=22441,no
Cazador,Bestias,Manos,5,30003,Gloves of the Nether-Stalker,Misión,Dealing with the Overmaster (Netherstorm),,https://www.wowhead.com/tbc/es/item=30003,sí
Cazador,Bestias,Cintura,1,29526,Primalstrike Belt,Profesión,Peletería,,https://www.wowhead.com/tbc/es/item=29526,sí
Cazador,Bestias,Cintura,2,27760,Dunewind Sash,Mazmorra heroica,La Sotiénaga (heroica): Ghaz'an,,https://www.wowhead.com/tbc/es/item=27760,sí
Cazador,Bestias,Cintura,3,29516,Ebon Netherscale Belt,Profesión,Peletería,,https://www.wowhead.com/tbc/es/item=29516,sí
Cazador,Bestias,Cintura,4,25695,Felstalker Belt,Profesión,Peletería,,https://www.wowhead.com/tbc/es/item=25695,sí
Cazador,Bestias,Cintura,5,22442,Cryptstalker Girdle,Banda clásica,Naxxramas (nivel 60): Noth the Plaguebringer,Contenido de nivel 60 (antes de TBC),https://www.wowhead.com/tbc/es/item=22442,no
Cazador,Bestias,Piernas,1,27874,Beast Lord Leggings,Mazmorra,La Cámara de Vapor: Warlord Kalithresh,,https://www.wowhead.com/tbc/es/item=27874,sí
Cazador,Bestias,Piernas,2,30538,Midnight Legguards,Mazmorra heroica,Recinto de los Esclavos (heroica): Quagmirran,,https://www.wowhead.com/tbc/es/item=30538,sí
Cazador,Bestias,Piernas,3,27837,Wastewalker Leggings,Mazmorra heroica,Tumbas de Maná (heroica): Nexus-Prince Shaffar,,https://www.wowhead.com/tbc/es/item=27837,sí
Cazador,Bestias,Piernas,4,22437,Cryptstalker Legguards,Banda clásica,Naxxramas (nivel 60): Loatheb,Contenido de nivel 60 (antes de TBC),https://www.wowhead.com/tbc/es/item=22437,no
Cazador,Bestias,Pies,1,25686,Fel Leather Boots,Profesión,Peletería,,https://www.wowhead.com/tbc/es/item=25686,sí
Cazador,Bestias,Pies,2,31288,The Master's Treads,Botín de mundo,Botín de mundo ligado al equipar (se puede comprar en la subasta),,https://www.wowhead.com/tbc/es/item=31288,sí
Cazador,Bestias,Pies,3,22440,Cryptstalker Boots,Banda clásica,Naxxramas (nivel 60): Instructor Razuvious,Contenido de nivel 60 (antes de TBC),https://www.wowhead.com/tbc/es/item=22440,no
Cazador,Bestias,Pies,4,30401,Farahlite Studded Boots,Misión,A Fate Worse Than Death (Netherstorm),,https://www.wowhead.com/tbc/es/item=30401,sí
Cazador,Bestias,Cuello,1,29381,Choker of Vile Intent,Insignias,"Insignias de Justicia (G'eras, Shattrath)",,https://www.wowhead.com/tbc/es/item=29381,sí
Cazador,Bestias,Cuello,2,19377,Prestor's Talisman of Connivery,Banda clásica,Guarida de Alanegra: Nefarian,Contenido de nivel 60 (antes de TBC),https://www.wowhead.com/tbc/es/item=19377,no
Cazador,Bestias,Cuello,3,28343,Jagged Bark Pendant,Mazmorra,El Invernáculo: Warp Splinter,,https://www.wowhead.com/tbc/es/item=28343,sí
Cazador,Bestias,Cuello,4,25562,Earthen Mark of Razing,Misión,Gurok the Usurper (Nagrand),,https://www.wowhead.com/tbc/es/item=25562,sí
Cazador,Bestias,Anillos,1,30860,Kaylaan's Signet,Misión,Deathblow to the Legion (Netherstorm),,https://www.wowhead.com/tbc/es/item=30860,sí
Cazador,Bestias,Anillos,2,31077,Slayer's Mark of the Redemption,Misión,Dissension Amongst the Ranks... (Shadowmoon Valley),,https://www.wowhead.com/tbc/es/item=31077,sí
Cazador,Bestias,Anillos,3,23038,Band of Unnatural Forces,Banda clásica,Naxxramas (nivel 60): Loatheb,Contenido de nivel 60 (antes de TBC),https://www.wowhead.com/tbc/es/item=23038,no
Cazador,Bestias,Anillos,4,27925,Ravenclaw Band,Mazmorra,Salas Sethekk: Talon King Ikiss,,https://www.wowhead.com/tbc/es/item=27925,sí
Cazador,Bestias,Anillos,5,30973,Band of Anguish,Misión,News of Victory (Shadowmoon Valley),,https://www.wowhead.com/tbc/es/item=30973,sí
Cazador,Bestias,Abalorios,1,28288,Abacus of Violent Odds,Mazmorra,El Mechanar: Pathaleon the Calculator,,https://www.wowhead.com/tbc/es/item=28288,sí
Cazador,Bestias,Abalorios,2,29383,Bloodlust Brooch,Insignias,"Insignias de Justicia (G'eras, Shattrath)",,https://www.wowhead.com/tbc/es/item=29383,sí
Cazador,Bestias,Abalorios,3,28034,Hourglass of the Unraveller,Mazmorra,La Ciénaga Negra: Temporus,,https://www.wowhead.com/tbc/es/item=28034,sí
Cazador,Bestias,Abalorios,4,21670,Badge of the Swarmguard,Banda clásica,Templo de Ahn'Qiraj: Battleguard Sartura,Contenido de nivel 60 (antes de TBC),https://www.wowhead.com/tbc/es/item=21670,no
Cazador,Bestias,Abalorios,5,28041,Bladefist's Breadth,Misión,"Cruel's Intentions (Hellfire Peninsula) / BETA Mission: End All, Be All (Hellfire Peninsula)",,https://www.wowhead.com/tbc/es/item=28041,sí
Cazador,Bestias,Mano principal,1,27846,Claw of the Watcher,Mazmorra heroica,Criptas Auchenai (heroica): Shirrak the Dead Watcher,,https://www.wowhead.com/tbc/es/item=27846,sí
Cazador,Bestias,Mano principal,2,30277,Ripfang Paw,Misión,Declawing Doomclaw (Netherstorm),,https://www.wowhead.com/tbc/es/item=30277,sí
Cazador,Bestias,Mano principal,3,21673,Silithid Claw,Banda clásica,Templo de Ahn'Qiraj: Battleguard Sartura,Contenido de nivel 60 (antes de TBC),https://www.wowhead.com/tbc/es/item=21673,no
Cazador,Bestias,Mano principal,4,28263,Stellaris,Mazmorra,El Mechanar: Nethermancer Sepethrea,,https://www.wowhead.com/tbc/es/item=28263,sí
Cazador,Bestias,Mano izquierda,1,28315,Stormreaver Warblades,Mazmorra,El Invernáculo: High Botanist Freywinn,,https://www.wowhead.com/tbc/es/item=28315,sí
Cazador,Bestias,Mano izquierda,2,29372,Void-Talon,Vendedor,Dealer Jadyan (Netherstorm),,https://www.wowhead.com/tbc/es/item=29372,sí
Cazador,Bestias,Mano izquierda,3,23242,Claw of the Frost Wyrm,Banda clásica,Naxxramas (nivel 60): Sapphiron,Contenido de nivel 60 (antes de TBC),https://www.wowhead.com/tbc/es/item=23242,no
Cazador,Bestias,Mano izquierda,4,29121,Guile of Khoraazi,Reputación,El Consorcio (Exaltado),,https://www.wowhead.com/tbc/es/item=29121,sí
Cazador,Bestias,Arma de dos manos,1,28435,Mooncleaver,Profesión,Herrería,,https://www.wowhead.com/tbc/es/item=28435,sí
Cazador,Bestias,Arma de dos manos,2,27903,Sonic Spear,Mazmorra,Laberinto de las Sombras: Murmur,,https://www.wowhead.com/tbc/es/item=27903,sí
Cazador,Bestias,Arma de dos manos,3,29356,Quantum Blade,Mazmorra heroica,La Ciénaga Negra (heroica): Aeonus,,https://www.wowhead.com/tbc/es/item=29356,sí
Cazador,Bestias,Arma de dos manos,4,23039,The Eye of Nerub,Banda clásica,Naxxramas (nivel 60): Loatheb,Contenido de nivel 60 (antes de TBC),https://www.wowhead.com/tbc/es/item=23039,no
Cazador,Bestias,Arma de dos manos,5,29329,Terokk's Quill,Misión,Terokk's Legacy (Auchindoun),,https://www.wowhead.com/tbc/es/item=29329,sí
Cazador,Bestias,A distancia,1,31986,Merciless Gladiator's Crossbow of the Phoenix,JcJ,Arena temporada 2 (Gladiador despiadado): puntos de arena y honor,Arena temporada 2: fase 2 en adelante,https://www.wowhead.com/tbc/es/item=31986,no
Cazador,Bestias,A distancia,2,29351,Wrathtide Longbow,Mazmorra heroica,La Cámara de Vapor (heroica): Warlord Kalithresh,,https://www.wowhead.com/tbc/es/item=29351,sí
Cazador,Bestias,A distancia,3,22812,Nerubian Slavemaker,Banda clásica,Naxxramas (nivel 60): Kel'Thuzad,Contenido de nivel 60 (antes de TBC),https://www.wowhead.com/tbc/es/item=22812,no
Cazador,Bestias,A distancia,4,29151,Veteran's Musket,Reputación,Bastión del Honor (Exaltado),,https://www.wowhead.com/tbc/es/item=29151,sí
Cazador,Bestias,A distancia,5,31323,Don Santos' Famous Hunting Rifle,Otro,Botín de mundo (épico aleatorio),,https://www.wowhead.com/tbc/es/item=31323,sí
Cazador,Bestias,A distancia,6,31303,Valanos' Longbow,Botín,Cofre (objeto del mundo),,https://www.wowhead.com/tbc/es/item=31303,sí
Cazador,Puntería,Cabeza,1,28275,Beast Lord Helm,Mazmorra,El Mechanar: Pathaleon the Calculator,,https://www.wowhead.com/tbc/es/item=28275,sí
Cazador,Puntería,Cabeza,2,32474,Surestrike Goggles v2.0,Profesión,Ingeniería,Receta disponible desde la fase 2,https://www.wowhead.com/tbc/es/item=32474,no
Cazador,Puntería,Cabeza,3,22438,Cryptstalker Headpiece,Banda clásica,Naxxramas (nivel 60): Thaddius,Contenido de nivel 60 (antes de TBC),https://www.wowhead.com/tbc/es/item=22438,no
Cazador,Puntería,Cabeza,4,31109,Stealther's Helmet of Second Sight,Misión,"Teron Gorefiend, I am... (Shadowmoon Valley)",,https://www.wowhead.com/tbc/es/item=31109,sí
Cazador,Puntería,Cabeza,5,31281,Mask of Veiled Death,Botín de mundo,Botín de mundo ligado al equipar (se puede comprar en la subasta),,https://www.wowhead.com/tbc/es/item=31281,sí
Cazador,Puntería,Cabeza,6,27414,Mok'Nathal Beast-Mask,Mazmorra,Criptas Auchenai: Exarch Maladaar,,https://www.wowhead.com/tbc/es/item=27414,sí
Cazador,Puntería,Hombros,1,27801,Beast Lord Mantle,Mazmorra,La Cámara de Vapor: Warlord Kalithresh,,https://www.wowhead.com/tbc/es/item=27801,sí
Cazador,Puntería,Hombros,2,25790,Expedition Scout's Epaulets,Misión,Fel Embers (Hellfire Citadel),,https://www.wowhead.com/tbc/es/item=25790,sí
Cazador,Puntería,Hombros,3,22439,Cryptstalker Spaulders,Banda clásica,Naxxramas (nivel 60): Patchwerk,Contenido de nivel 60 (antes de TBC),https://www.wowhead.com/tbc/es/item=22439,no
Cazador,Puntería,Hombros,4,27797,Wastewalker Shoulderpads,Mazmorra heroica,Criptas Auchenai (heroica): Avatar of the Martyred,,https://www.wowhead.com/tbc/es/item=27797,sí
Cazador,Puntería,Hombros,5,27434,Mantle of Perenolde,Mazmorra,Antiguas Laderas de Trabalomas: Epoch Hunter,,https://www.wowhead.com/tbc/es/item=27434,sí
Cazador,Puntería,Espalda,1,24259,Vengeance Wrap,Profesión,Sastrería,,https://www.wowhead.com/tbc/es/item=24259,sí
Cazador,Puntería,Espalda,2,29382,Blood Knight War Cloak,Insignias,"Insignias de Justicia (G'eras, Shattrath)",,https://www.wowhead.com/tbc/es/item=29382,sí
Cazador,Puntería,Espalda,3,27878,Auchenai Death Shroud,Mazmorra heroica,Criptas Auchenai (heroica): Avatar of the Martyred,,https://www.wowhead.com/tbc/es/item=27878,sí
Cazador,Puntería,Espalda,4,27892,Cloak of the Inciter,Mazmorra,Laberinto de las Sombras: Blackheart the Inciter,,https://www.wowhead.com/tbc/es/item=27892,sí
Cazador,Puntería,Pecho,1,28228,Beast Lord Cuirass,Mazmorra,El Invernáculo: Warp Splinter,,https://www.wowhead.com/tbc/es/item=28228,sí
Cazador,Puntería,Pecho,2,29525,Primalstrike Vest,Profesión,Peletería,,https://www.wowhead.com/tbc/es/item=29525,sí
Cazador,Puntería,Pecho,3,29515,Ebon Netherscale Breastplate,Profesión,Peletería,,https://www.wowhead.com/tbc/es/item=29515,sí
Cazador,Puntería,Pecho,4,30933,Hauberk of Karabor,Misión,Varedis Must Be Stopped (Shadowmoon Valley),,https://www.wowhead.com/tbc/es/item=30933,sí
Cazador,Puntería,Pecho,5,22436,Cryptstalker Tunic,Banda clásica,Naxxramas (nivel 60): The Four Horsemen,Contenido de nivel 60 (antes de TBC),https://www.wowhead.com/tbc/es/item=22436,no
Cazador,Puntería,Muñecas,1,29527,Primalstrike Bracers,Profesión,Peletería,,https://www.wowhead.com/tbc/es/item=29527,sí
Cazador,Puntería,Muñecas,2,29246,Nightfall Wristguards,Mazmorra heroica,Antiguas Laderas de Trabalomas (heroica): Epoch Hunter,,https://www.wowhead.com/tbc/es/item=29246,sí
Cazador,Puntería,Muñecas,3,25697,Felstalker Bracers,Profesión,Peletería,,https://www.wowhead.com/tbc/es/item=25697,sí
Cazador,Puntería,Muñecas,4,29517,Ebon Netherscale Bracers,Profesión,Peletería,,https://www.wowhead.com/tbc/es/item=29517,sí
Cazador,Puntería,Muñecas,5,22443,Cryptstalker Wristguards,Banda clásica,Naxxramas (nivel 60): Anub'Rekhan,Contenido de nivel 60 (antes de TBC),https://www.wowhead.com/tbc/es/item=22443,no
Cazador,Puntería,Manos,1,27474,Beast Lord Handguards,Mazmorra,Las Salas Arrasadas: Warchief Kargath Bladefist,,https://www.wowhead.com/tbc/es/item=27474,sí
Cazador,Puntería,Manos,2,16463,Marshal's Chain Grips,JcJ,Honor (vendedor de JcJ),,https://www.wowhead.com/tbc/es/item=16463,sí
Cazador,Puntería,Manos,3,30951,Ar'tor's Mainstay,Misión,The Cipher of Damnation - The Third Fragment Recovered (Shadowmoon Valley),,https://www.wowhead.com/tbc/es/item=30951,sí
Cazador,Puntería,Manos,4,22441,Cryptstalker Handguards,Banda clásica,Naxxramas (nivel 60): Maexxna,Contenido de nivel 60 (antes de TBC),https://www.wowhead.com/tbc/es/item=22441,no
Cazador,Puntería,Manos,5,30003,Gloves of the Nether-Stalker,Misión,Dealing with the Overmaster (Netherstorm),,https://www.wowhead.com/tbc/es/item=30003,sí
Cazador,Puntería,Cintura,1,29526,Primalstrike Belt,Profesión,Peletería,,https://www.wowhead.com/tbc/es/item=29526,sí
Cazador,Puntería,Cintura,2,27760,Dunewind Sash,Mazmorra heroica,La Sotiénaga (heroica): Ghaz'an,,https://www.wowhead.com/tbc/es/item=27760,sí
Cazador,Puntería,Cintura,3,29516,Ebon Netherscale Belt,Profesión,Peletería,,https://www.wowhead.com/tbc/es/item=29516,sí
Cazador,Puntería,Cintura,4,25695,Felstalker Belt,Profesión,Peletería,,https://www.wowhead.com/tbc/es/item=25695,sí
Cazador,Puntería,Cintura,5,22442,Cryptstalker Girdle,Banda clásica,Naxxramas (nivel 60): Noth the Plaguebringer,Contenido de nivel 60 (antes de TBC),https://www.wowhead.com/tbc/es/item=22442,no
Cazador,Puntería,Piernas,1,27874,Beast Lord Leggings,Mazmorra,La Cámara de Vapor: Warlord Kalithresh,,https://www.wowhead.com/tbc/es/item=27874,sí
Cazador,Puntería,Piernas,2,30538,Midnight Legguards,Mazmorra heroica,Recinto de los Esclavos (heroica): Quagmirran,,https://www.wowhead.com/tbc/es/item=30538,sí
Cazador,Puntería,Piernas,3,27837,Wastewalker Leggings,Mazmorra heroica,Tumbas de Maná (heroica): Nexus-Prince Shaffar,,https://www.wowhead.com/tbc/es/item=27837,sí
Cazador,Puntería,Piernas,4,22437,Cryptstalker Legguards,Banda clásica,Naxxramas (nivel 60): Loatheb,Contenido de nivel 60 (antes de TBC),https://www.wowhead.com/tbc/es/item=22437,no
Cazador,Puntería,Pies,1,25686,Fel Leather Boots,Profesión,Peletería,,https://www.wowhead.com/tbc/es/item=25686,sí
Cazador,Puntería,Pies,2,31288,The Master's Treads,Botín de mundo,Botín de mundo ligado al equipar (se puede comprar en la subasta),,https://www.wowhead.com/tbc/es/item=31288,sí
Cazador,Puntería,Pies,3,22440,Cryptstalker Boots,Banda clásica,Naxxramas (nivel 60): Instructor Razuvious,Contenido de nivel 60 (antes de TBC),https://www.wowhead.com/tbc/es/item=22440,no
Cazador,Puntería,Pies,4,30401,Farahlite Studded Boots,Misión,A Fate Worse Than Death (Netherstorm),,https://www.wowhead.com/tbc/es/item=30401,sí
Cazador,Puntería,Cuello,1,29381,Choker of Vile Intent,Insignias,"Insignias de Justicia (G'eras, Shattrath)",,https://www.wowhead.com/tbc/es/item=29381,sí
Cazador,Puntería,Cuello,2,19377,Prestor's Talisman of Connivery,Banda clásica,Guarida de Alanegra: Nefarian,Contenido de nivel 60 (antes de TBC),https://www.wowhead.com/tbc/es/item=19377,no
Cazador,Puntería,Cuello,3,28343,Jagged Bark Pendant,Mazmorra,El Invernáculo: Warp Splinter,,https://www.wowhead.com/tbc/es/item=28343,sí
Cazador,Puntería,Cuello,4,25562,Earthen Mark of Razing,Misión,Gurok the Usurper (Nagrand),,https://www.wowhead.com/tbc/es/item=25562,sí
Cazador,Puntería,Anillos,1,30860,Kaylaan's Signet,Misión,Deathblow to the Legion (Netherstorm),,https://www.wowhead.com/tbc/es/item=30860,sí
Cazador,Puntería,Anillos,2,31077,Slayer's Mark of the Redemption,Misión,Dissension Amongst the Ranks... (Shadowmoon Valley),,https://www.wowhead.com/tbc/es/item=31077,sí
Cazador,Puntería,Anillos,3,23038,Band of Unnatural Forces,Banda clásica,Naxxramas (nivel 60): Loatheb,Contenido de nivel 60 (antes de TBC),https://www.wowhead.com/tbc/es/item=23038,no
Cazador,Puntería,Anillos,4,27925,Ravenclaw Band,Mazmorra,Salas Sethekk: Talon King Ikiss,,https://www.wowhead.com/tbc/es/item=27925,sí
Cazador,Puntería,Anillos,5,30973,Band of Anguish,Misión,News of Victory (Shadowmoon Valley),,https://www.wowhead.com/tbc/es/item=30973,sí
Cazador,Puntería,Abalorios,1,28034,Hourglass of the Unraveller,Mazmorra,La Ciénaga Negra: Temporus,,https://www.wowhead.com/tbc/es/item=28034,sí
Cazador,Puntería,Abalorios,2,29383,Bloodlust Brooch,Insignias,"Insignias de Justicia (G'eras, Shattrath)",,https://www.wowhead.com/tbc/es/item=29383,sí
Cazador,Puntería,Abalorios,3,28288,Abacus of Violent Odds,Mazmorra,El Mechanar: Pathaleon the Calculator,,https://www.wowhead.com/tbc/es/item=28288,sí
Cazador,Puntería,Abalorios,4,21670,Badge of the Swarmguard,Banda clásica,Templo de Ahn'Qiraj: Battleguard Sartura,Contenido de nivel 60 (antes de TBC),https://www.wowhead.com/tbc/es/item=21670,no
Cazador,Puntería,Abalorios,5,28041,Bladefist's Breadth,Misión,"Cruel's Intentions (Hellfire Peninsula) / BETA Mission: End All, Be All (Hellfire Peninsula)",,https://www.wowhead.com/tbc/es/item=28041,sí
Cazador,Puntería,Mano principal,1,27846,Claw of the Watcher,Mazmorra heroica,Criptas Auchenai (heroica): Shirrak the Dead Watcher,,https://www.wowhead.com/tbc/es/item=27846,sí
Cazador,Puntería,Mano principal,2,30277,Ripfang Paw,Misión,Declawing Doomclaw (Netherstorm),,https://www.wowhead.com/tbc/es/item=30277,sí
Cazador,Puntería,Mano principal,3,21673,Silithid Claw,Banda clásica,Templo de Ahn'Qiraj: Battleguard Sartura,Contenido de nivel 60 (antes de TBC),https://www.wowhead.com/tbc/es/item=21673,no
Cazador,Puntería,Mano principal,4,28263,Stellaris,Mazmorra,El Mechanar: Nethermancer Sepethrea,,https://www.wowhead.com/tbc/es/item=28263,sí
Cazador,Puntería,Mano izquierda,1,28315,Stormreaver Warblades,Mazmorra,El Invernáculo: High Botanist Freywinn,,https://www.wowhead.com/tbc/es/item=28315,sí
Cazador,Puntería,Mano izquierda,2,29372,Void-Talon,Vendedor,Dealer Jadyan (Netherstorm),,https://www.wowhead.com/tbc/es/item=29372,sí
Cazador,Puntería,Mano izquierda,3,23242,Claw of the Frost Wyrm,Banda clásica,Naxxramas (nivel 60): Sapphiron,Contenido de nivel 60 (antes de TBC),https://www.wowhead.com/tbc/es/item=23242,no
Cazador,Puntería,Mano izquierda,4,29121,Guile of Khoraazi,Reputación,El Consorcio (Exaltado),,https://www.wowhead.com/tbc/es/item=29121,sí
Cazador,Puntería,Arma de dos manos,1,28435,Mooncleaver,Profesión,Herrería,,https://www.wowhead.com/tbc/es/item=28435,sí
Cazador,Puntería,Arma de dos manos,2,27903,Sonic Spear,Mazmorra,Laberinto de las Sombras: Murmur,,https://www.wowhead.com/tbc/es/item=27903,sí
Cazador,Puntería,Arma de dos manos,3,29356,Quantum Blade,Mazmorra heroica,La Ciénaga Negra (heroica): Aeonus,,https://www.wowhead.com/tbc/es/item=29356,sí
Cazador,Puntería,Arma de dos manos,4,23039,The Eye of Nerub,Banda clásica,Naxxramas (nivel 60): Loatheb,Contenido de nivel 60 (antes de TBC),https://www.wowhead.com/tbc/es/item=23039,no
Cazador,Puntería,Arma de dos manos,5,29329,Terokk's Quill,Misión,Terokk's Legacy (Auchindoun),,https://www.wowhead.com/tbc/es/item=29329,sí
Cazador,Puntería,A distancia,1,31986,Merciless Gladiator's Crossbow of the Phoenix,JcJ,Arena temporada 2 (Gladiador despiadado): puntos de arena y honor,Arena temporada 2: fase 2 en adelante,https://www.wowhead.com/tbc/es/item=31986,no
Cazador,Puntería,A distancia,2,29351,Wrathtide Longbow,Mazmorra heroica,La Cámara de Vapor (heroica): Warlord Kalithresh,,https://www.wowhead.com/tbc/es/item=29351,sí
Cazador,Puntería,A distancia,3,22812,Nerubian Slavemaker,Banda clásica,Naxxramas (nivel 60): Kel'Thuzad,Contenido de nivel 60 (antes de TBC),https://www.wowhead.com/tbc/es/item=22812,no
Cazador,Puntería,A distancia,4,29151,Veteran's Musket,Reputación,Bastión del Honor (Exaltado),,https://www.wowhead.com/tbc/es/item=29151,sí
Cazador,Puntería,A distancia,5,31323,Don Santos' Famous Hunting Rifle,Otro,Botín de mundo (épico aleatorio),,https://www.wowhead.com/tbc/es/item=31323,sí
Cazador,Puntería,A distancia,6,31303,Valanos' Longbow,Botín,Cofre (objeto del mundo),,https://www.wowhead.com/tbc/es/item=31303,sí
Cazador,Supervivencia,Cabeza,1,28275,Beast Lord Helm,Mazmorra,El Mechanar: Pathaleon the Calculator,,https://www.wowhead.com/tbc/es/item=28275,sí
Cazador,Supervivencia,Cabeza,2,22438,Cryptstalker Headpiece,Banda clásica,Naxxramas (nivel 60): Thaddius,Contenido de nivel 60 (antes de TBC),https://www.wowhead.com/tbc/es/item=22438,no
Cazador,Supervivencia,Cabeza,3,31109,Stealther's Helmet of Second Sight,Misión,"Teron Gorefiend, I am... (Shadowmoon Valley)",,https://www.wowhead.com/tbc/es/item=31109,sí
Cazador,Supervivencia,Cabeza,4,27414,Mok'Nathal Beast-Mask,Mazmorra,Criptas Auchenai: Exarch Maladaar,,https://www.wowhead.com/tbc/es/item=27414,sí
Cazador,Supervivencia,Cabeza,5,32474,Surestrike Goggles v2.0,Profesión,Ingeniería,Receta disponible desde la fase 2,https://www.wowhead.com/tbc/es/item=32474,no
Cazador,Supervivencia,Hombros,1,27801,Beast Lord Mantle,Mazmorra,La Cámara de Vapor: Warlord Kalithresh,,https://www.wowhead.com/tbc/es/item=27801,sí
Cazador,Supervivencia,Hombros,2,25790,Expedition Scout's Epaulets,Misión,Fel Embers (Hellfire Citadel),,https://www.wowhead.com/tbc/es/item=25790,sí
Cazador,Supervivencia,Hombros,3,22439,Cryptstalker Spaulders,Banda clásica,Naxxramas (nivel 60): Patchwerk,Contenido de nivel 60 (antes de TBC),https://www.wowhead.com/tbc/es/item=22439,no
Cazador,Supervivencia,Hombros,4,27797,Wastewalker Shoulderpads,Mazmorra heroica,Criptas Auchenai (heroica): Avatar of the Martyred,,https://www.wowhead.com/tbc/es/item=27797,sí
Cazador,Supervivencia,Hombros,5,27434,Mantle of Perenolde,Mazmorra,Antiguas Laderas de Trabalomas: Epoch Hunter,,https://www.wowhead.com/tbc/es/item=27434,sí
Cazador,Supervivencia,Espalda,1,29382,Blood Knight War Cloak,Insignias,"Insignias de Justicia (G'eras, Shattrath)",,https://www.wowhead.com/tbc/es/item=29382,sí
Cazador,Supervivencia,Espalda,2,24259,Vengeance Wrap,Profesión,Sastrería,,https://www.wowhead.com/tbc/es/item=24259,sí
Cazador,Supervivencia,Espalda,3,31255,Cloak of the Craft,Botín de mundo,Botín de mundo ligado al equipar (se puede comprar en la subasta),,https://www.wowhead.com/tbc/es/item=31255,sí
Cazador,Supervivencia,Espalda,4,27878,Auchenai Death Shroud,Mazmorra heroica,Criptas Auchenai (heroica): Avatar of the Martyred,,https://www.wowhead.com/tbc/es/item=27878,sí
Cazador,Supervivencia,Espalda,5,27892,Cloak of the Inciter,Mazmorra,Laberinto de las Sombras: Blackheart the Inciter,,https://www.wowhead.com/tbc/es/item=27892,sí
Cazador,Supervivencia,Pecho,1,28228,Beast Lord Cuirass,Mazmorra,El Invernáculo: Warp Splinter,,https://www.wowhead.com/tbc/es/item=28228,sí
Cazador,Supervivencia,Pecho,2,29525,Primalstrike Vest,Profesión,Peletería,,https://www.wowhead.com/tbc/es/item=29525,sí
Cazador,Supervivencia,Pecho,3,30933,Hauberk of Karabor,Misión,Varedis Must Be Stopped (Shadowmoon Valley),,https://www.wowhead.com/tbc/es/item=30933,sí
Cazador,Supervivencia,Pecho,4,22436,Cryptstalker Tunic,Banda clásica,Naxxramas (nivel 60): The Four Horsemen,Contenido de nivel 60 (antes de TBC),https://www.wowhead.com/tbc/es/item=22436,no
Cazador,Supervivencia,Muñecas,1,25697,Felstalker Bracers,Profesión,Peletería,,https://www.wowhead.com/tbc/es/item=25697,sí
Cazador,Supervivencia,Muñecas,2,29246,Nightfall Wristguards,Mazmorra heroica,Antiguas Laderas de Trabalomas (heroica): Epoch Hunter,,https://www.wowhead.com/tbc/es/item=29246,sí
Cazador,Supervivencia,Muñecas,3,29527,Primalstrike Bracers,Profesión,Peletería,,https://www.wowhead.com/tbc/es/item=29527,sí
Cazador,Supervivencia,Muñecas,4,22443,Cryptstalker Wristguards,Banda clásica,Naxxramas (nivel 60): Anub'Rekhan,Contenido de nivel 60 (antes de TBC),https://www.wowhead.com/tbc/es/item=22443,no
Cazador,Supervivencia,Manos,1,27474,Beast Lord Handguards,Mazmorra,Las Salas Arrasadas: Warchief Kargath Bladefist,,https://www.wowhead.com/tbc/es/item=27474,sí
Cazador,Supervivencia,Manos,2,30951,Ar'tor's Mainstay,Misión,The Cipher of Damnation - The Third Fragment Recovered (Shadowmoon Valley),,https://www.wowhead.com/tbc/es/item=30951,sí
Cazador,Supervivencia,Manos,3,16463,Marshal's Chain Grips,JcJ,Honor (vendedor de JcJ),,https://www.wowhead.com/tbc/es/item=16463,sí
Cazador,Supervivencia,Manos,4,22441,Cryptstalker Handguards,Banda clásica,Naxxramas (nivel 60): Maexxna,Contenido de nivel 60 (antes de TBC),https://www.wowhead.com/tbc/es/item=22441,no
Cazador,Supervivencia,Manos,5,30003,Gloves of the Nether-Stalker,Misión,Dealing with the Overmaster (Netherstorm),,https://www.wowhead.com/tbc/es/item=30003,sí
Cazador,Supervivencia,Cintura,1,27760,Dunewind Sash,Mazmorra heroica,La Sotiénaga (heroica): Ghaz'an,,https://www.wowhead.com/tbc/es/item=27760,sí
Cazador,Supervivencia,Cintura,2,29526,Primalstrike Belt,Profesión,Peletería,,https://www.wowhead.com/tbc/es/item=29526,sí
Cazador,Supervivencia,Cintura,3,25695,Felstalker Belt,Profesión,Peletería,,https://www.wowhead.com/tbc/es/item=25695,sí
Cazador,Supervivencia,Cintura,4,22442,Cryptstalker Girdle,Banda clásica,Naxxramas (nivel 60): Noth the Plaguebringer,Contenido de nivel 60 (antes de TBC),https://www.wowhead.com/tbc/es/item=22442,no
Cazador,Supervivencia,Piernas,1,27837,Wastewalker Leggings,Mazmorra heroica,Tumbas de Maná (heroica): Nexus-Prince Shaffar,,https://www.wowhead.com/tbc/es/item=27837,sí
Cazador,Supervivencia,Piernas,2,27874,Beast Lord Leggings,Mazmorra,La Cámara de Vapor: Warlord Kalithresh,,https://www.wowhead.com/tbc/es/item=27874,sí
Cazador,Supervivencia,Piernas,3,28219,Emerald-Scale Greaves,Mazmorra heroica,Antiguas Laderas de Trabalomas (heroica): Captain Skarloc,,https://www.wowhead.com/tbc/es/item=28219,sí
Cazador,Supervivencia,Piernas,4,27430,Scaled Greaves of Patience,Mazmorra,Antiguas Laderas de Trabalomas: Captain Skarloc,,https://www.wowhead.com/tbc/es/item=27430,sí
Cazador,Supervivencia,Piernas,5,22437,Cryptstalker Legguards,Banda clásica,Naxxramas (nivel 60): Loatheb,Contenido de nivel 60 (antes de TBC),https://www.wowhead.com/tbc/es/item=22437,no
Cazador,Supervivencia,Piernas,6,30538,Midnight Legguards,Mazmorra heroica,Recinto de los Esclavos (heroica): Quagmirran,,https://www.wowhead.com/tbc/es/item=30538,sí
Cazador,Supervivencia,Pies,1,29262,Boots of the Endless Hunt,Mazmorra heroica,El Invernáculo (heroica): Warp Splinter,,https://www.wowhead.com/tbc/es/item=29262,sí
Cazador,Supervivencia,Pies,2,31288,The Master's Treads,Botín de mundo,Botín de mundo ligado al equipar (se puede comprar en la subasta),,https://www.wowhead.com/tbc/es/item=31288,sí
Cazador,Supervivencia,Pies,3,22440,Cryptstalker Boots,Banda clásica,Naxxramas (nivel 60): Instructor Razuvious,Contenido de nivel 60 (antes de TBC),https://www.wowhead.com/tbc/es/item=22440,no
Cazador,Supervivencia,Pies,4,25686,Fel Leather Boots,Profesión,Peletería,,https://www.wowhead.com/tbc/es/item=25686,sí
Cazador,Supervivencia,Pies,5,30401,Farahlite Studded Boots,Misión,A Fate Worse Than Death (Netherstorm),,https://www.wowhead.com/tbc/es/item=30401,sí
Cazador,Supervivencia,Cuello,1,28343,Jagged Bark Pendant,Mazmorra,El Invernáculo: Warp Splinter,,https://www.wowhead.com/tbc/es/item=28343,sí
Cazador,Supervivencia,Cuello,2,19377,Prestor's Talisman of Connivery,Banda clásica,Guarida de Alanegra: Nefarian,Contenido de nivel 60 (antes de TBC),https://www.wowhead.com/tbc/es/item=19377,no
Cazador,Supervivencia,Cuello,3,29381,Choker of Vile Intent,Insignias,"Insignias de Justicia (G'eras, Shattrath)",,https://www.wowhead.com/tbc/es/item=29381,sí
Cazador,Supervivencia,Cuello,4,25562,Earthen Mark of Razing,Misión,Gurok the Usurper (Nagrand),,https://www.wowhead.com/tbc/es/item=25562,sí
Cazador,Supervivencia,Anillos,1,31326,Truestrike Ring,Otro,Botín de mundo (épico aleatorio),,https://www.wowhead.com/tbc/es/item=31326,sí
Cazador,Supervivencia,Anillos,2,22961,Band of Reanimation,Banda clásica,Naxxramas (nivel 60): Patchwerk,Contenido de nivel 60 (antes de TBC),https://www.wowhead.com/tbc/es/item=22961,no
Cazador,Supervivencia,Anillos,3,27925,Ravenclaw Band,Mazmorra,Salas Sethekk: Talon King Ikiss,,https://www.wowhead.com/tbc/es/item=27925,sí
Cazador,Supervivencia,Anillos,4,31277,Pathfinder's Band,Botín de mundo,Botín de mundo ligado al equipar (se puede comprar en la subasta),,https://www.wowhead.com/tbc/es/item=31277,sí
Cazador,Supervivencia,Anillos,5,30860,Kaylaan's Signet,Misión,Deathblow to the Legion (Netherstorm),,https://www.wowhead.com/tbc/es/item=30860,sí
Cazador,Supervivencia,Anillos,6,31077,Slayer's Mark of the Redemption,Misión,Dissension Amongst the Ranks... (Shadowmoon Valley),,https://www.wowhead.com/tbc/es/item=31077,sí
Cazador,Supervivencia,Abalorios,1,28034,Hourglass of the Unraveller,Mazmorra,La Ciénaga Negra: Temporus,,https://www.wowhead.com/tbc/es/item=28034,sí
Cazador,Supervivencia,Abalorios,2,29383,Bloodlust Brooch,Insignias,"Insignias de Justicia (G'eras, Shattrath)",,https://www.wowhead.com/tbc/es/item=29383,sí
Cazador,Supervivencia,Abalorios,3,28288,Abacus of Violent Odds,Mazmorra,El Mechanar: Pathaleon the Calculator,,https://www.wowhead.com/tbc/es/item=28288,sí
Cazador,Supervivencia,Abalorios,4,21670,Badge of the Swarmguard,Banda clásica,Templo de Ahn'Qiraj: Battleguard Sartura,Contenido de nivel 60 (antes de TBC),https://www.wowhead.com/tbc/es/item=21670,no
Cazador,Supervivencia,Abalorios,5,28041,Bladefist's Breadth,Misión,"Cruel's Intentions (Hellfire Peninsula) / BETA Mission: End All, Be All (Hellfire Peninsula)",,https://www.wowhead.com/tbc/es/item=28041,sí
Cazador,Supervivencia,Mano principal,1,28263,Stellaris,Mazmorra,El Mechanar: Nethermancer Sepethrea,,https://www.wowhead.com/tbc/es/item=28263,sí
Cazador,Supervivencia,Mano principal,2,29121,Guile of Khoraazi,Reputación,El Consorcio (Exaltado),,https://www.wowhead.com/tbc/es/item=29121,sí
Cazador,Supervivencia,Mano principal,3,27846,Claw of the Watcher,Mazmorra heroica,Criptas Auchenai (heroica): Shirrak the Dead Watcher,,https://www.wowhead.com/tbc/es/item=27846,sí
Cazador,Supervivencia,Mano principal,4,30277,Ripfang Paw,Misión,Declawing Doomclaw (Netherstorm),,https://www.wowhead.com/tbc/es/item=30277,sí
Cazador,Supervivencia,Mano izquierda,1,28263,Stellaris,Mazmorra,El Mechanar: Nethermancer Sepethrea,,https://www.wowhead.com/tbc/es/item=28263,sí
Cazador,Supervivencia,Mano izquierda,2,32781,Talon of Anzu,Mazmorra heroica,Salas Sethekk (heroica): Anzu,,https://www.wowhead.com/tbc/es/item=32781,sí
Cazador,Supervivencia,Mano izquierda,3,29372,Void-Talon,Vendedor,Dealer Jadyan (Netherstorm),,https://www.wowhead.com/tbc/es/item=29372,sí
Cazador,Supervivencia,Mano izquierda,4,28315,Stormreaver Warblades,Mazmorra,El Invernáculo: High Botanist Freywinn,,https://www.wowhead.com/tbc/es/item=28315,sí
Cazador,Supervivencia,Mano izquierda,5,23242,Claw of the Frost Wyrm,Banda clásica,Naxxramas (nivel 60): Sapphiron,Contenido de nivel 60 (antes de TBC),https://www.wowhead.com/tbc/es/item=23242,no
Cazador,Supervivencia,Arma de dos manos,1,28435,Mooncleaver,Profesión,Herrería,,https://www.wowhead.com/tbc/es/item=28435,sí
Cazador,Supervivencia,Arma de dos manos,2,27903,Sonic Spear,Mazmorra,Laberinto de las Sombras: Murmur,,https://www.wowhead.com/tbc/es/item=27903,sí
Cazador,Supervivencia,Arma de dos manos,3,29356,Quantum Blade,Mazmorra heroica,La Ciénaga Negra (heroica): Aeonus,,https://www.wowhead.com/tbc/es/item=29356,sí
Cazador,Supervivencia,Arma de dos manos,4,23039,The Eye of Nerub,Banda clásica,Naxxramas (nivel 60): Loatheb,Contenido de nivel 60 (antes de TBC),https://www.wowhead.com/tbc/es/item=23039,no
Cazador,Supervivencia,Arma de dos manos,5,29329,Terokk's Quill,Misión,Terokk's Legacy (Auchindoun),,https://www.wowhead.com/tbc/es/item=29329,sí
Cazador,Supervivencia,A distancia,1,29351,Wrathtide Longbow,Mazmorra heroica,La Cámara de Vapor (heroica): Warlord Kalithresh,,https://www.wowhead.com/tbc/es/item=29351,sí
Cazador,Supervivencia,A distancia,2,29151,Veteran's Musket,Reputación,Bastión del Honor (Exaltado),,https://www.wowhead.com/tbc/es/item=29151,sí
Cazador,Supervivencia,A distancia,3,31986,Merciless Gladiator's Crossbow of the Phoenix,JcJ,Arena temporada 2 (Gladiador despiadado): puntos de arena y honor,Arena temporada 2: fase 2 en adelante,https://www.wowhead.com/tbc/es/item=31986,no
Cazador,Supervivencia,A distancia,4,22812,Nerubian Slavemaker,Banda clásica,Naxxramas (nivel 60): Kel'Thuzad,Contenido de nivel 60 (antes de TBC),https://www.wowhead.com/tbc/es/item=22812,no
Cazador,Supervivencia,A distancia,5,31323,Don Santos' Famous Hunting Rifle,Otro,Botín de mundo (épico aleatorio),,https://www.wowhead.com/tbc/es/item=31323,sí
Cazador,Supervivencia,A distancia,6,31303,Valanos' Longbow,Botín,Cofre (objeto del mundo),,https://www.wowhead.com/tbc/es/item=31303,sí
Mago,Arcano,Cabeza,1,24266,Spellstrike Hood,Profesión,Sastrería,,https://www.wowhead.com/tbc/es/item=24266,sí
Mago,Arcano,Cabeza,2,32494,Destruction Holo-gogs,Profesión,Ingeniería,Receta disponible desde la fase 2,https://www.wowhead.com/tbc/es/item=32494,no
Mago,Arcano,Cabeza,3,28415,Hood of Oblivion,Mazmorra,El Arcatraz: Harbinger Skyriss,,https://www.wowhead.com/tbc/es/item=28415,sí
Mago,Arcano,Cabeza,4,28278,Incanter's Cowl,Mazmorra,El Mechanar: Pathaleon the Calculator,,https://www.wowhead.com/tbc/es/item=28278,sí
Mago,Arcano,Cabeza,5,28193,Mana-Etched Crown,Mazmorra,La Ciénaga Negra: Aeonus,,https://www.wowhead.com/tbc/es/item=28193,sí
Mago,Arcano,Cabeza,6,28169,Mag'hari Ritualist's Horns,Misión,Hero of the Mag'har (Nagrand),,https://www.wowhead.com/tbc/es/item=28169,sí
Mago,Arcano,Hombros,1,27994,Mantle of Three Terrors,Mazmorra,La Ciénaga Negra: Chrono Lord Deja,,https://www.wowhead.com/tbc/es/item=27994,sí
Mago,Arcano,Hombros,2,27796,Mana-Etched Spaulders,Mazmorra heroica,Recinto de los Esclavos (heroica): Quagmirran,,https://www.wowhead.com/tbc/es/item=27796,sí
Mago,Arcano,Hombros,3,30925,Spaulders of the Torn-heart,Misión,The Cipher of Damnation - The Third Fragment Recovered (Shadowmoon Valley),,https://www.wowhead.com/tbc/es/item=30925,sí
Mago,Arcano,Hombros,4,27778,Spaulders of Oblivion,Mazmorra,Laberinto de las Sombras: Murmur,,https://www.wowhead.com/tbc/es/item=27778,sí
Mago,Arcano,Hombros,5,22983,Rime Covered Mantle,Banda clásica,Naxxramas (nivel 60): Gluth,Contenido de nivel 60 (antes de TBC),https://www.wowhead.com/tbc/es/item=22983,no
Mago,Arcano,Hombros,6,22499,Frostfire Shoulderpads,Banda clásica,Naxxramas (nivel 60): Patchwerk,Contenido de nivel 60 (antes de TBC),https://www.wowhead.com/tbc/es/item=22499,no
Mago,Arcano,Espalda,1,23050,Cloak of the Necropolis,Banda clásica,Naxxramas (nivel 60): Sapphiron,Contenido de nivel 60 (antes de TBC),https://www.wowhead.com/tbc/es/item=23050,no
Mago,Arcano,Espalda,2,27981,Sethekk Oracle Cloak,Mazmorra,Salas Sethekk: Talon King Ikiss,,https://www.wowhead.com/tbc/es/item=27981,sí
Mago,Arcano,Espalda,3,29369,Shawl of Shifting Probabilities,Insignias,"Insignias de Justicia (G'eras, Shattrath)",,https://www.wowhead.com/tbc/es/item=29369,sí
Mago,Arcano,Espalda,4,22731,Cloak of the Devoured,Banda clásica,Templo de Ahn'Qiraj: C'Thun,Contenido de nivel 60 (antes de TBC),https://www.wowhead.com/tbc/es/item=22731,no
Mago,Arcano,Espalda,5,31140,Cloak of Entropy,Botín de mundo,Botín de mundo ligado al equipar (se puede comprar en la subasta),,https://www.wowhead.com/tbc/es/item=31140,sí
Mago,Arcano,Espalda,6,24252,Cloak of the Black Void,Profesión,Sastrería,,https://www.wowhead.com/tbc/es/item=24252,sí
Mago,Arcano,Pecho,1,21848,Spellfire Robe,Profesión,Sastrería,,https://www.wowhead.com/tbc/es/item=21848,sí
Mago,Arcano,Pecho,2,31297,Robe of the Crimson Order,Botín,Cofre (objeto del mundo),,https://www.wowhead.com/tbc/es/item=31297,sí
Mago,Arcano,Pecho,3,29341,Auchenai Anchorite's Robe,Misión,Everything Will Be Alright (Auchenai Crypts),,https://www.wowhead.com/tbc/es/item=29341,sí
Mago,Arcano,Pecho,4,28342,Warp Infused Drape,Mazmorra,El Invernáculo: Warp Splinter,,https://www.wowhead.com/tbc/es/item=28342,sí
Mago,Arcano,Pecho,5,31340,Will of Edward the Odd,Otro,Botín de mundo (épico aleatorio),,https://www.wowhead.com/tbc/es/item=31340,sí
Mago,Arcano,Pecho,6,28232,Robe of Oblivion,Mazmorra,Laberinto de las Sombras: Murmur,,https://www.wowhead.com/tbc/es/item=28232,sí
Mago,Arcano,Muñecas,1,27462,Crimson Bracers of Gloom,Mazmorra heroica,Murallas del Fuego Infernal (heroica): Omor the Unscarred,,https://www.wowhead.com/tbc/es/item=27462,sí
Mago,Arcano,Muñecas,2,32655,Crystalweave Bracers,Sin confirmar,Fuente sin confirmar; revisar en Wowhead,Disponible desde la fase 2,https://www.wowhead.com/tbc/es/item=32655,?
Mago,Arcano,Muñecas,3,28411,General's Silk Cuffs,JcJ,Honor (vendedor de JcJ),,https://www.wowhead.com/tbc/es/item=28411,sí
Mago,Arcano,Muñecas,4,24250,Bracers of Havok,Profesión,Sastrería,,https://www.wowhead.com/tbc/es/item=24250,sí
Mago,Arcano,Muñecas,5,28174,Shattrath Wraps,Misión,The Soul Devices (Auchindoun),,https://www.wowhead.com/tbc/es/item=28174,sí
Mago,Arcano,Muñecas,6,27746,Arcanium Signet Bands,Mazmorra heroica,La Sotiénaga (heroica): Hungarfen,,https://www.wowhead.com/tbc/es/item=27746,sí
Mago,Arcano,Manos,1,21847,Spellfire Gloves,Profesión,Sastrería,,https://www.wowhead.com/tbc/es/item=21847,sí
Mago,Arcano,Manos,2,27493,Gloves of the Deadwatcher,Mazmorra heroica,Criptas Auchenai (heroica): Shirrak the Dead Watcher,,https://www.wowhead.com/tbc/es/item=27493,sí
Mago,Arcano,Manos,3,21585,Dark Storm Gauntlets,Banda clásica,Templo de Ahn'Qiraj: C'Thun,Contenido de nivel 60 (antes de TBC),https://www.wowhead.com/tbc/es/item=21585,no
Mago,Arcano,Manos,4,27537,Gloves of Oblivion,Mazmorra,Las Salas Arrasadas: Warchief Kargath Bladefist,,https://www.wowhead.com/tbc/es/item=27537,sí
Mago,Arcano,Manos,5,29317,Tempest's Touch,Misión,Return to Andormu (Caverns of Time),,https://www.wowhead.com/tbc/es/item=29317,sí
Mago,Arcano,Manos,6,27465,Mana-Etched Gloves,Mazmorra heroica,Murallas del Fuego Infernal (heroica): Omor the Unscarred,,https://www.wowhead.com/tbc/es/item=27465,sí
Mago,Arcano,Cintura,1,21846,Spellfire Belt,Profesión,Sastrería,,https://www.wowhead.com/tbc/es/item=21846,sí
Mago,Arcano,Cintura,2,24256,Girdle of Ruination,Profesión,Sastrería,,https://www.wowhead.com/tbc/es/item=24256,sí
Mago,Arcano,Cintura,3,29241,Belt of Depravity,Mazmorra heroica,El Arcatraz (heroica): Harbinger Skyriss,,https://www.wowhead.com/tbc/es/item=29241,sí
Mago,Arcano,Cintura,4,22730,Eyestalk Waist Cord,Banda clásica,Templo de Ahn'Qiraj: C'Thun,Contenido de nivel 60 (antes de TBC),https://www.wowhead.com/tbc/es/item=22730,no
Mago,Arcano,Cintura,5,31461,A'dal's Gift,Misión,How to Break Into the Arcatraz (Tempest Keep),,https://www.wowhead.com/tbc/es/item=31461,sí
Mago,Arcano,Cintura,6,27795,Sash of Serpentra,Mazmorra,La Cámara de Vapor: Warlord Kalithresh,,https://www.wowhead.com/tbc/es/item=27795,sí
Mago,Arcano,Piernas,1,24262,Spellstrike Pants,Profesión,Sastrería,,https://www.wowhead.com/tbc/es/item=24262,sí
Mago,Arcano,Piernas,2,30531,Breeches of the Occultist,Mazmorra heroica,La Ciénaga Negra (heroica): Aeonus,,https://www.wowhead.com/tbc/es/item=30531,sí
Mago,Arcano,Piernas,3,28185,Khadgar's Kilt of Abjuration,Mazmorra,La Ciénaga Negra: Temporus,,https://www.wowhead.com/tbc/es/item=28185,sí
Mago,Arcano,Piernas,4,30532,Kirin Tor Master's Trousers,Mazmorra heroica,Laberinto de las Sombras (heroica): Murmur,,https://www.wowhead.com/tbc/es/item=30532,sí
Mago,Arcano,Piernas,5,28338,Devil-Stitched Leggings,Mazmorra,El Invernáculo: Laj,,https://www.wowhead.com/tbc/es/item=28338,sí
Mago,Arcano,Piernas,6,23070,Leggings of Polarity,Banda clásica,Naxxramas (nivel 60): Thaddius,Contenido de nivel 60 (antes de TBC),https://www.wowhead.com/tbc/es/item=23070,no
Mago,Arcano,Pies,1,27821,Extravagant Boots of Malice,Mazmorra heroica,Tumbas de Maná (heroica): Tavarok,,https://www.wowhead.com/tbc/es/item=27821,sí
Mago,Arcano,Pies,2,28406,Sigil-Laced Boots,Mazmorra,El Arcatraz: Harbinger Skyriss,,https://www.wowhead.com/tbc/es/item=28406,sí
Mago,Arcano,Pies,3,29258,Boots of Ethereal Manipulation,Mazmorra heroica,El Invernáculo (heroica): Warp Splinter,,https://www.wowhead.com/tbc/es/item=29258,sí
Mago,Arcano,Pies,4,28179,Shattrath Jumpers,Misión,Into the Heart of the Labyrinth (Auchindoun),,https://www.wowhead.com/tbc/es/item=28179,sí
Mago,Arcano,Pies,5,22500,Frostfire Sandals,Banda clásica,Naxxramas (nivel 60): Instructor Razuvious,Contenido de nivel 60 (antes de TBC),https://www.wowhead.com/tbc/es/item=22500,no
Mago,Arcano,Pies,6,29242,Boots of Blasphemy,Mazmorra heroica,Recinto de los Esclavos (heroica): Quagmirran,,https://www.wowhead.com/tbc/es/item=29242,sí
Mago,Arcano,Cuello,1,28134,Brooch of Heightened Potential,Mazmorra,Laberinto de las Sombras: Blackheart the Inciter,,https://www.wowhead.com/tbc/es/item=28134,sí
Mago,Arcano,Cuello,2,27758,Hydra-fang Necklace,Mazmorra heroica,La Sotiénaga (heroica): Ghaz'an,,https://www.wowhead.com/tbc/es/item=27758,sí
Mago,Arcano,Cuello,3,31338,Charlotte's Ivy,Otro,Botín de mundo (épico aleatorio),,https://www.wowhead.com/tbc/es/item=31338,sí
Mago,Arcano,Cuello,4,21608,Amulet of Vek'nilash,Banda clásica,Templo de Ahn'Qiraj: Twin Emperors,Contenido de nivel 60 (antes de TBC),https://www.wowhead.com/tbc/es/item=21608,no
Mago,Arcano,Cuello,5,29368,Manasurge Pendant,Insignias,"Insignias de Justicia (G'eras, Shattrath)",,https://www.wowhead.com/tbc/es/item=29368,sí
Mago,Arcano,Cuello,6,23057,Gem of Trapped Innocents,Banda clásica,Naxxramas (nivel 60): Kel'Thuzad,Contenido de nivel 60 (antes de TBC),https://www.wowhead.com/tbc/es/item=23057,no
Mago,Arcano,Anillos,1,28227,Sparking Arcanite Ring,Mazmorra heroica,Antiguas Laderas de Trabalomas (heroica): Epoch Hunter,,https://www.wowhead.com/tbc/es/item=28227,sí
Mago,Arcano,Anillos,2,31339,Lola's Eve,Otro,Botín de mundo (épico aleatorio),,https://www.wowhead.com/tbc/es/item=31339,sí
Mago,Arcano,Anillos,3,21709,Ring of the Fallen God,Banda clásica,Templo de Ahn'Qiraj: C'Thun,Contenido de nivel 60 (antes de TBC),https://www.wowhead.com/tbc/es/item=21709,no
Mago,Arcano,Anillos,4,29367,Ring of Cryptic Dreams,Insignias,"Insignias de Justicia (G'eras, Shattrath)",,https://www.wowhead.com/tbc/es/item=29367,sí
Mago,Arcano,Anillos,5,29352,Cobalt Band of Tyrigosa,Mazmorra heroica,Tumbas de Maná (heroica): Nexus-Prince Shaffar,,https://www.wowhead.com/tbc/es/item=29352,sí
Mago,Arcano,Anillos,6,29172,Ashyen's Gift,Reputación,Expedición Cenarion (Exaltado),,https://www.wowhead.com/tbc/es/item=29172,sí
Mago,Arcano,Abalorios,1,23207,Mark of the Champion,Banda clásica,Naxxramas (nivel 60): Kel'Thuzad,Contenido de nivel 60 (antes de TBC),https://www.wowhead.com/tbc/es/item=23207,no
Mago,Arcano,Abalorios,2,31856,Darkmoon Card: Crusade,Mazo de la Luna Negra,Se crea al completar un mazo (cartas de inscripción/botín); se entrega en la Feria de la Luna Negra,Disponible desde la fase 3,https://www.wowhead.com/tbc/es/item=31856,no
Mago,Arcano,Abalorios,3,29132,Scryer's Bloodgem,Reputación,Los Arúspices (Reverenciado),,https://www.wowhead.com/tbc/es/item=29132,sí
Mago,Arcano,Abalorios,4,29370,Icon of the Silver Crescent,Insignias,"Insignias de Justicia (G'eras, Shattrath)",,https://www.wowhead.com/tbc/es/item=29370,sí
Mago,Arcano,Abalorios,5,27683,Quagmirran's Eye,Mazmorra heroica,Recinto de los Esclavos (heroica): Quagmirran,,https://www.wowhead.com/tbc/es/item=27683,sí
Mago,Arcano,Abalorios,6,19339,Mind Quickening Gem,Banda clásica,Guarida de Alanegra: Vaelastrasz the Corrupt,Contenido de nivel 60 (antes de TBC),https://www.wowhead.com/tbc/es/item=19339,no
Mago,Arcano,Arma de una mano,1,23554,Eternium Runed Blade,Profesión,Herrería,,https://www.wowhead.com/tbc/es/item=23554,sí
Mago,Arcano,Arma de una mano,2,30787,Illidari-Bane Mageblade,Misión,Quenching the Blade (Shadowmoon Valley),,https://www.wowhead.com/tbc/es/item=30787,sí
Mago,Arcano,Arma de una mano,3,29153,Blade of the Archmage,Reputación,Bastión del Honor (Exaltado),,https://www.wowhead.com/tbc/es/item=29153,sí
Mago,Arcano,Arma de una mano,4,29155,Stormcaller,Reputación,Thrallmar (Exaltado),,https://www.wowhead.com/tbc/es/item=29155,sí
Mago,Arcano,Arma de una mano,5,31336,Blade of Wizardry,Otro,Botín de mundo (épico aleatorio),,https://www.wowhead.com/tbc/es/item=31336,sí
Mago,Arcano,Arma de una mano,6,27905,Greatsword of Horrid Dreams,Mazmorra,Laberinto de las Sombras: Murmur,,https://www.wowhead.com/tbc/es/item=27905,sí
Mago,Arcano,Arma de dos manos,1,22589,"Atiesh, Greatstaff of the Guardian",Misión,"Atiesh, Greatstaff of the Guardian",,https://www.wowhead.com/tbc/es/item=22589,sí
Mago,Arcano,Arma de dos manos,2,29355,Terokk's Shadowstaff,Mazmorra heroica,Salas Sethekk (heroica): Talon King Ikiss,,https://www.wowhead.com/tbc/es/item=29355,sí
Mago,Arcano,Arma de dos manos,3,29130,Auchenai Staff,Reputación,Los Aldor (Reverenciado),,https://www.wowhead.com/tbc/es/item=29130,sí
Mago,Arcano,Arma de dos manos,4,28341,Warpstaff of Arcanum,Mazmorra,El Invernáculo: Warp Splinter,,https://www.wowhead.com/tbc/es/item=28341,sí
Mago,Arcano,Arma de dos manos,5,27842,Grand Scepter of the Nexus-Kings,Mazmorra heroica,Tumbas de Maná (heroica): Nexus-Prince Shaffar,,https://www.wowhead.com/tbc/es/item=27842,sí
Mago,Arcano,Arma de dos manos,6,31308,The Bringer of Death,Botín,Cofre (objeto del mundo),,https://www.wowhead.com/tbc/es/item=31308,sí
Mago,Arcano,Mano izquierda,1,29271,Talisman of Kalecgos,Insignias,"Insignias de Justicia (G'eras, Shattrath)",,https://www.wowhead.com/tbc/es/item=29271,sí
Mago,Arcano,Mano izquierda,2,32651,Crystal Orb of Enlightenment,Reputación,Ogri'la (Exaltado),Disponible desde la fase 2,https://www.wowhead.com/tbc/es/item=32651,no
Mago,Arcano,Mano izquierda,3,28412,Lamp of Peaceful Radiance,Mazmorra,El Arcatraz: Harbinger Skyriss,,https://www.wowhead.com/tbc/es/item=28412,sí
Mago,Arcano,Mano izquierda,4,28187,Star-Heart Lamp,Mazmorra,La Ciénaga Negra: Temporus,,https://www.wowhead.com/tbc/es/item=28187,sí
Mago,Arcano,Mano izquierda,5,23049,Sapphiron's Left Eye,Banda clásica,Naxxramas (nivel 60): Sapphiron,Contenido de nivel 60 (antes de TBC),https://www.wowhead.com/tbc/es/item=23049,no
Mago,Arcano,Mano izquierda,6,28260,Manual of the Nethermancer,Mazmorra,El Mechanar: Nethermancer Sepethrea,,https://www.wowhead.com/tbc/es/item=28260,sí
Mago,Arcano,Varita,1,28386,Nether Core's Control Rod,Mazmorra,El Arcatraz: Dalliah the Doomsayer,,https://www.wowhead.com/tbc/es/item=28386,sí
Mago,Arcano,Varita,2,22820,Wand of Fates,Banda clásica,Naxxramas (nivel 60): Patchwerk,Contenido de nivel 60 (antes de TBC),https://www.wowhead.com/tbc/es/item=22820,no
Mago,Arcano,Varita,3,25939,Voidfire Wand,Mazmorra,Tumbas de Maná: Pandemonius,,https://www.wowhead.com/tbc/es/item=25939,sí
Mago,Arcano,Varita,4,29350,The Black Stalk,Mazmorra heroica,La Sotiénaga (heroica): The Black Stalker,,https://www.wowhead.com/tbc/es/item=29350,sí
Mago,Arcano,Varita,5,22821,Doomfinger,Banda clásica,Naxxramas (nivel 60): Kel'Thuzad,Contenido de nivel 60 (antes de TBC),https://www.wowhead.com/tbc/es/item=22821,no
Mago,Arcano,Varita,6,32872,Illidari Rod of Discipline,Misión,Subdue the Subduer (Shadowmoon Valley),,https://www.wowhead.com/tbc/es/item=32872,sí
Mago,Fuego,Cabeza,1,24266,Spellstrike Hood,Profesión,Sastrería,,https://www.wowhead.com/tbc/es/item=24266,sí
Mago,Fuego,Cabeza,2,32494,Destruction Holo-gogs,Profesión,Ingeniería,Receta disponible desde la fase 2,https://www.wowhead.com/tbc/es/item=32494,no
Mago,Fuego,Cabeza,3,28415,Hood of Oblivion,Mazmorra,El Arcatraz: Harbinger Skyriss,,https://www.wowhead.com/tbc/es/item=28415,sí
Mago,Fuego,Cabeza,4,28278,Incanter's Cowl,Mazmorra,El Mechanar: Pathaleon the Calculator,,https://www.wowhead.com/tbc/es/item=28278,sí
Mago,Fuego,Cabeza,5,28193,Mana-Etched Crown,Mazmorra,La Ciénaga Negra: Aeonus,,https://www.wowhead.com/tbc/es/item=28193,sí
Mago,Fuego,Cabeza,6,28169,Mag'hari Ritualist's Horns,Misión,Hero of the Mag'har (Nagrand),,https://www.wowhead.com/tbc/es/item=28169,sí
Mago,Fuego,Hombros,1,30925,Spaulders of the Torn-heart,Misión,The Cipher of Damnation - The Third Fragment Recovered (Shadowmoon Valley),,https://www.wowhead.com/tbc/es/item=30925,sí
Mago,Fuego,Hombros,2,27778,Spaulders of Oblivion,Mazmorra,Laberinto de las Sombras: Murmur,,https://www.wowhead.com/tbc/es/item=27778,sí
Mago,Fuego,Hombros,3,27796,Mana-Etched Spaulders,Mazmorra heroica,Recinto de los Esclavos (heroica): Quagmirran,,https://www.wowhead.com/tbc/es/item=27796,sí
Mago,Fuego,Hombros,4,22983,Rime Covered Mantle,Banda clásica,Naxxramas (nivel 60): Gluth,Contenido de nivel 60 (antes de TBC),https://www.wowhead.com/tbc/es/item=22983,no
Mago,Fuego,Hombros,5,27994,Mantle of Three Terrors,Mazmorra,La Ciénaga Negra: Chrono Lord Deja,,https://www.wowhead.com/tbc/es/item=27994,sí
Mago,Fuego,Hombros,6,22499,Frostfire Shoulderpads,Banda clásica,Naxxramas (nivel 60): Patchwerk,Contenido de nivel 60 (antes de TBC),https://www.wowhead.com/tbc/es/item=22499,no
Mago,Fuego,Espalda,1,23050,Cloak of the Necropolis,Banda clásica,Naxxramas (nivel 60): Sapphiron,Contenido de nivel 60 (antes de TBC),https://www.wowhead.com/tbc/es/item=23050,no
Mago,Fuego,Espalda,2,22731,Cloak of the Devoured,Banda clásica,Templo de Ahn'Qiraj: C'Thun,Contenido de nivel 60 (antes de TBC),https://www.wowhead.com/tbc/es/item=22731,no
Mago,Fuego,Espalda,3,27981,Sethekk Oracle Cloak,Mazmorra,Salas Sethekk: Talon King Ikiss,,https://www.wowhead.com/tbc/es/item=27981,sí
Mago,Fuego,Espalda,4,31140,Cloak of Entropy,Botín de mundo,Botín de mundo ligado al equipar (se puede comprar en la subasta),,https://www.wowhead.com/tbc/es/item=31140,sí
Mago,Fuego,Espalda,5,24252,Cloak of the Black Void,Profesión,Sastrería,,https://www.wowhead.com/tbc/es/item=24252,sí
Mago,Fuego,Espalda,6,29369,Shawl of Shifting Probabilities,Insignias,"Insignias de Justicia (G'eras, Shattrath)",,https://www.wowhead.com/tbc/es/item=29369,sí
Mago,Fuego,Pecho,1,21848,Spellfire Robe,Profesión,Sastrería,,https://www.wowhead.com/tbc/es/item=21848,sí
Mago,Fuego,Pecho,2,31297,Robe of the Crimson Order,Botín,Cofre (objeto del mundo),,https://www.wowhead.com/tbc/es/item=31297,sí
Mago,Fuego,Pecho,3,29341,Auchenai Anchorite's Robe,Misión,Everything Will Be Alright (Auchenai Crypts),,https://www.wowhead.com/tbc/es/item=29341,sí
Mago,Fuego,Pecho,4,28342,Warp Infused Drape,Mazmorra,El Invernáculo: Warp Splinter,,https://www.wowhead.com/tbc/es/item=28342,sí
Mago,Fuego,Pecho,5,31340,Will of Edward the Odd,Otro,Botín de mundo (épico aleatorio),,https://www.wowhead.com/tbc/es/item=31340,sí
Mago,Fuego,Pecho,6,28232,Robe of Oblivion,Mazmorra,Laberinto de las Sombras: Murmur,,https://www.wowhead.com/tbc/es/item=28232,sí
Mago,Fuego,Muñecas,1,32655,Crystalweave Bracers,Sin confirmar,Fuente sin confirmar; revisar en Wowhead,Disponible desde la fase 2,https://www.wowhead.com/tbc/es/item=32655,?
Mago,Fuego,Muñecas,2,24250,Bracers of Havok,Profesión,Sastrería,,https://www.wowhead.com/tbc/es/item=24250,sí
Mago,Fuego,Muñecas,3,27462,Crimson Bracers of Gloom,Mazmorra heroica,Murallas del Fuego Infernal (heroica): Omor the Unscarred,,https://www.wowhead.com/tbc/es/item=27462,sí
Mago,Fuego,Muñecas,4,28174,Shattrath Wraps,Misión,The Soul Devices (Auchindoun),,https://www.wowhead.com/tbc/es/item=28174,sí
Mago,Fuego,Muñecas,5,27746,Arcanium Signet Bands,Mazmorra heroica,La Sotiénaga (heroica): Hungarfen,,https://www.wowhead.com/tbc/es/item=27746,sí
Mago,Fuego,Muñecas,6,29240,Bands of Negation,Mazmorra heroica,Tumbas de Maná (heroica): Nexus-Prince Shaffar,,https://www.wowhead.com/tbc/es/item=29240,sí
Mago,Fuego,Manos,1,21847,Spellfire Gloves,Profesión,Sastrería,,https://www.wowhead.com/tbc/es/item=21847,sí
Mago,Fuego,Manos,2,27493,Gloves of the Deadwatcher,Mazmorra heroica,Criptas Auchenai (heroica): Shirrak the Dead Watcher,,https://www.wowhead.com/tbc/es/item=27493,sí
Mago,Fuego,Manos,3,21585,Dark Storm Gauntlets,Banda clásica,Templo de Ahn'Qiraj: C'Thun,Contenido de nivel 60 (antes de TBC),https://www.wowhead.com/tbc/es/item=21585,no
Mago,Fuego,Manos,4,27537,Gloves of Oblivion,Mazmorra,Las Salas Arrasadas: Warchief Kargath Bladefist,,https://www.wowhead.com/tbc/es/item=27537,sí
Mago,Fuego,Manos,5,29317,Tempest's Touch,Misión,Return to Andormu (Caverns of Time),,https://www.wowhead.com/tbc/es/item=29317,sí
Mago,Fuego,Manos,6,27465,Mana-Etched Gloves,Mazmorra heroica,Murallas del Fuego Infernal (heroica): Omor the Unscarred,,https://www.wowhead.com/tbc/es/item=27465,sí
Mago,Fuego,Cintura,1,21846,Spellfire Belt,Profesión,Sastrería,,https://www.wowhead.com/tbc/es/item=21846,sí
Mago,Fuego,Cintura,2,24256,Girdle of Ruination,Profesión,Sastrería,,https://www.wowhead.com/tbc/es/item=24256,sí
Mago,Fuego,Cintura,3,29241,Belt of Depravity,Mazmorra heroica,El Arcatraz (heroica): Harbinger Skyriss,,https://www.wowhead.com/tbc/es/item=29241,sí
Mago,Fuego,Cintura,4,22730,Eyestalk Waist Cord,Banda clásica,Templo de Ahn'Qiraj: C'Thun,Contenido de nivel 60 (antes de TBC),https://www.wowhead.com/tbc/es/item=22730,no
Mago,Fuego,Cintura,5,31461,A'dal's Gift,Misión,How to Break Into the Arcatraz (Tempest Keep),,https://www.wowhead.com/tbc/es/item=31461,sí
Mago,Fuego,Cintura,6,27795,Sash of Serpentra,Mazmorra,La Cámara de Vapor: Warlord Kalithresh,,https://www.wowhead.com/tbc/es/item=27795,sí
Mago,Fuego,Piernas,1,24262,Spellstrike Pants,Profesión,Sastrería,,https://www.wowhead.com/tbc/es/item=24262,sí
Mago,Fuego,Piernas,2,30531,Breeches of the Occultist,Mazmorra heroica,La Ciénaga Negra (heroica): Aeonus,,https://www.wowhead.com/tbc/es/item=30531,sí
Mago,Fuego,Piernas,3,28185,Khadgar's Kilt of Abjuration,Mazmorra,La Ciénaga Negra: Temporus,,https://www.wowhead.com/tbc/es/item=28185,sí
Mago,Fuego,Piernas,4,30532,Kirin Tor Master's Trousers,Mazmorra heroica,Laberinto de las Sombras (heroica): Murmur,,https://www.wowhead.com/tbc/es/item=30532,sí
Mago,Fuego,Piernas,5,28338,Devil-Stitched Leggings,Mazmorra,El Invernáculo: Laj,,https://www.wowhead.com/tbc/es/item=28338,sí
Mago,Fuego,Piernas,6,28212,Aran's Sorcerous Slacks,Mazmorra heroica,Antiguas Laderas de Trabalomas (heroica): Lieutenant Drake,,https://www.wowhead.com/tbc/es/item=28212,sí
Mago,Fuego,Pies,1,27821,Extravagant Boots of Malice,Mazmorra heroica,Tumbas de Maná (heroica): Tavarok,,https://www.wowhead.com/tbc/es/item=27821,sí
Mago,Fuego,Pies,2,28406,Sigil-Laced Boots,Mazmorra,El Arcatraz: Harbinger Skyriss,,https://www.wowhead.com/tbc/es/item=28406,sí
Mago,Fuego,Pies,3,28179,Shattrath Jumpers,Misión,Into the Heart of the Labyrinth (Auchindoun),,https://www.wowhead.com/tbc/es/item=28179,sí
Mago,Fuego,Pies,4,22500,Frostfire Sandals,Banda clásica,Naxxramas (nivel 60): Instructor Razuvious,Contenido de nivel 60 (antes de TBC),https://www.wowhead.com/tbc/es/item=22500,no
Mago,Fuego,Pies,5,29242,Boots of Blasphemy,Mazmorra heroica,Recinto de los Esclavos (heroica): Quagmirran,,https://www.wowhead.com/tbc/es/item=29242,sí
Mago,Fuego,Pies,6,30519,Boots of the Nexus Warden,Misión,The Flesh Lies... (Netherstorm),,https://www.wowhead.com/tbc/es/item=30519,sí
Mago,Fuego,Cuello,1,28134,Brooch of Heightened Potential,Mazmorra,Laberinto de las Sombras: Blackheart the Inciter,,https://www.wowhead.com/tbc/es/item=28134,sí
Mago,Fuego,Cuello,2,27758,Hydra-fang Necklace,Mazmorra heroica,La Sotiénaga (heroica): Ghaz'an,,https://www.wowhead.com/tbc/es/item=27758,sí
Mago,Fuego,Cuello,3,31338,Charlotte's Ivy,Otro,Botín de mundo (épico aleatorio),,https://www.wowhead.com/tbc/es/item=31338,sí
Mago,Fuego,Cuello,4,18814,Choker of the Fire Lord,Banda clásica,Núcleo de Magma: Ragnaros,Contenido de nivel 60 (antes de TBC),https://www.wowhead.com/tbc/es/item=18814,no
Mago,Fuego,Cuello,5,21608,Amulet of Vek'nilash,Banda clásica,Templo de Ahn'Qiraj: Twin Emperors,Contenido de nivel 60 (antes de TBC),https://www.wowhead.com/tbc/es/item=21608,no
Mago,Fuego,Cuello,6,29368,Manasurge Pendant,Insignias,"Insignias de Justicia (G'eras, Shattrath)",,https://www.wowhead.com/tbc/es/item=29368,sí
Mago,Fuego,Anillos,1,21709,Ring of the Fallen God,Banda clásica,Templo de Ahn'Qiraj: C'Thun,Contenido de nivel 60 (antes de TBC),https://www.wowhead.com/tbc/es/item=21709,no
Mago,Fuego,Anillos,2,29172,Ashyen's Gift,Reputación,Expedición Cenarion (Exaltado),,https://www.wowhead.com/tbc/es/item=29172,sí
Mago,Fuego,Anillos,3,28227,Sparking Arcanite Ring,Mazmorra heroica,Antiguas Laderas de Trabalomas (heroica): Epoch Hunter,,https://www.wowhead.com/tbc/es/item=28227,sí
Mago,Fuego,Anillos,4,28555,Seal of the Exorcist,JcJ,JcJ de mundo: Terokkar (Fichas de Espíritu),,https://www.wowhead.com/tbc/es/item=28555,sí
Mago,Fuego,Anillos,5,31339,Lola's Eve,Otro,Botín de mundo (épico aleatorio),,https://www.wowhead.com/tbc/es/item=31339,sí
Mago,Fuego,Anillos,6,23062,Frostfire Ring,Banda clásica,Naxxramas (nivel 60): Kel'Thuzad,Contenido de nivel 60 (antes de TBC),https://www.wowhead.com/tbc/es/item=23062,no
Mago,Fuego,Abalorios,1,23207,Mark of the Champion,Banda clásica,Naxxramas (nivel 60): Kel'Thuzad,Contenido de nivel 60 (antes de TBC),https://www.wowhead.com/tbc/es/item=23207,no
Mago,Fuego,Abalorios,2,31856,Darkmoon Card: Crusade,Mazo de la Luna Negra,Se crea al completar un mazo (cartas de inscripción/botín); se entrega en la Feria de la Luna Negra,Disponible desde la fase 3,https://www.wowhead.com/tbc/es/item=31856,no
Mago,Fuego,Abalorios,3,29132,Scryer's Bloodgem,Reputación,Los Arúspices (Reverenciado),,https://www.wowhead.com/tbc/es/item=29132,sí
Mago,Fuego,Abalorios,4,29370,Icon of the Silver Crescent,Insignias,"Insignias de Justicia (G'eras, Shattrath)",,https://www.wowhead.com/tbc/es/item=29370,sí
Mago,Fuego,Abalorios,5,19339,Mind Quickening Gem,Banda clásica,Guarida de Alanegra: Vaelastrasz the Corrupt,Contenido de nivel 60 (antes de TBC),https://www.wowhead.com/tbc/es/item=19339,no
Mago,Fuego,Abalorios,6,19379,Neltharion's Tear,Banda clásica,Guarida de Alanegra: Nefarian,Contenido de nivel 60 (antes de TBC),https://www.wowhead.com/tbc/es/item=19379,no
Mago,Fuego,Arma de una mano,1,23554,Eternium Runed Blade,Profesión,Herrería,,https://www.wowhead.com/tbc/es/item=23554,sí
Mago,Fuego,Arma de una mano,2,30787,Illidari-Bane Mageblade,Misión,Quenching the Blade (Shadowmoon Valley),,https://www.wowhead.com/tbc/es/item=30787,sí
Mago,Fuego,Arma de una mano,3,29153,Blade of the Archmage,Reputación,Bastión del Honor (Exaltado),,https://www.wowhead.com/tbc/es/item=29153,sí
Mago,Fuego,Arma de una mano,4,29155,Stormcaller,Reputación,Thrallmar (Exaltado),,https://www.wowhead.com/tbc/es/item=29155,sí
Mago,Fuego,Arma de una mano,5,31336,Blade of Wizardry,Otro,Botín de mundo (épico aleatorio),,https://www.wowhead.com/tbc/es/item=31336,sí
Mago,Fuego,Arma de una mano,6,27905,Greatsword of Horrid Dreams,Mazmorra,Laberinto de las Sombras: Murmur,,https://www.wowhead.com/tbc/es/item=27905,sí
Mago,Fuego,Arma de dos manos,1,22589,"Atiesh, Greatstaff of the Guardian",Misión,"Atiesh, Greatstaff of the Guardian",,https://www.wowhead.com/tbc/es/item=22589,sí
Mago,Fuego,Arma de dos manos,2,29355,Terokk's Shadowstaff,Mazmorra heroica,Salas Sethekk (heroica): Talon King Ikiss,,https://www.wowhead.com/tbc/es/item=29355,sí
Mago,Fuego,Arma de dos manos,3,29130,Auchenai Staff,Reputación,Los Aldor (Reverenciado),,https://www.wowhead.com/tbc/es/item=29130,sí
Mago,Fuego,Arma de dos manos,4,28341,Warpstaff of Arcanum,Mazmorra,El Invernáculo: Warp Splinter,,https://www.wowhead.com/tbc/es/item=28341,sí
Mago,Fuego,Arma de dos manos,5,27842,Grand Scepter of the Nexus-Kings,Mazmorra heroica,Tumbas de Maná (heroica): Nexus-Prince Shaffar,,https://www.wowhead.com/tbc/es/item=27842,sí
Mago,Fuego,Arma de dos manos,6,31308,The Bringer of Death,Botín,Cofre (objeto del mundo),,https://www.wowhead.com/tbc/es/item=31308,sí
Mago,Fuego,Mano izquierda,1,29270,Flametongue Seal,Insignias,"Insignias de Justicia (G'eras, Shattrath)",,https://www.wowhead.com/tbc/es/item=29270,sí
Mago,Fuego,Mano izquierda,2,23049,Sapphiron's Left Eye,Banda clásica,Naxxramas (nivel 60): Sapphiron,Contenido de nivel 60 (antes de TBC),https://www.wowhead.com/tbc/es/item=23049,no
Mago,Fuego,Mano izquierda,3,32651,Crystal Orb of Enlightenment,Reputación,Ogri'la (Exaltado),Disponible desde la fase 2,https://www.wowhead.com/tbc/es/item=32651,no
Mago,Fuego,Mano izquierda,4,28412,Lamp of Peaceful Radiance,Mazmorra,El Arcatraz: Harbinger Skyriss,,https://www.wowhead.com/tbc/es/item=28412,sí
Mago,Fuego,Mano izquierda,5,28187,Star-Heart Lamp,Mazmorra,La Ciénaga Negra: Temporus,,https://www.wowhead.com/tbc/es/item=28187,sí
Mago,Fuego,Mano izquierda,6,28260,Manual of the Nethermancer,Mazmorra,El Mechanar: Nethermancer Sepethrea,,https://www.wowhead.com/tbc/es/item=28260,sí
Mago,Fuego,Varita,1,22821,Doomfinger,Banda clásica,Naxxramas (nivel 60): Kel'Thuzad,Contenido de nivel 60 (antes de TBC),https://www.wowhead.com/tbc/es/item=22821,no
Mago,Fuego,Varita,2,28386,Nether Core's Control Rod,Mazmorra,El Arcatraz: Dalliah the Doomsayer,,https://www.wowhead.com/tbc/es/item=28386,sí
Mago,Fuego,Varita,3,22820,Wand of Fates,Banda clásica,Naxxramas (nivel 60): Patchwerk,Contenido de nivel 60 (antes de TBC),https://www.wowhead.com/tbc/es/item=22820,no
Mago,Fuego,Varita,4,32872,Illidari Rod of Discipline,Misión,Subdue the Subduer (Shadowmoon Valley),,https://www.wowhead.com/tbc/es/item=32872,sí
Mago,Fuego,Varita,5,25939,Voidfire Wand,Mazmorra,Tumbas de Maná: Pandemonius,,https://www.wowhead.com/tbc/es/item=25939,sí
Mago,Fuego,Varita,6,29350,The Black Stalk,Mazmorra heroica,La Sotiénaga (heroica): The Black Stalker,,https://www.wowhead.com/tbc/es/item=29350,sí
Mago,Escarcha,Cabeza,1,24266,Spellstrike Hood,Profesión,Sastrería,,https://www.wowhead.com/tbc/es/item=24266,sí
Mago,Escarcha,Cabeza,2,32494,Destruction Holo-gogs,Profesión,Ingeniería,Receta disponible desde la fase 2,https://www.wowhead.com/tbc/es/item=32494,no
Mago,Escarcha,Cabeza,3,28169,Mag'hari Ritualist's Horns,Misión,Hero of the Mag'har (Nagrand),,https://www.wowhead.com/tbc/es/item=28169,sí
Mago,Escarcha,Cabeza,4,28415,Hood of Oblivion,Mazmorra,El Arcatraz: Harbinger Skyriss,,https://www.wowhead.com/tbc/es/item=28415,sí
Mago,Escarcha,Cabeza,5,28278,Incanter's Cowl,Mazmorra,El Mechanar: Pathaleon the Calculator,,https://www.wowhead.com/tbc/es/item=28278,sí
Mago,Escarcha,Cabeza,6,28193,Mana-Etched Crown,Mazmorra,La Ciénaga Negra: Aeonus,,https://www.wowhead.com/tbc/es/item=28193,sí
Mago,Escarcha,Hombros,1,21869,Frozen Shadoweave Shoulders,Profesión,Sastrería,,https://www.wowhead.com/tbc/es/item=21869,sí
Mago,Escarcha,Hombros,2,30925,Spaulders of the Torn-heart,Misión,The Cipher of Damnation - The Third Fragment Recovered (Shadowmoon Valley),,https://www.wowhead.com/tbc/es/item=30925,sí
Mago,Escarcha,Hombros,3,27778,Spaulders of Oblivion,Mazmorra,Laberinto de las Sombras: Murmur,,https://www.wowhead.com/tbc/es/item=27778,sí
Mago,Escarcha,Hombros,4,27796,Mana-Etched Spaulders,Mazmorra heroica,Recinto de los Esclavos (heroica): Quagmirran,,https://www.wowhead.com/tbc/es/item=27796,sí
Mago,Escarcha,Hombros,5,22983,Rime Covered Mantle,Banda clásica,Naxxramas (nivel 60): Gluth,Contenido de nivel 60 (antes de TBC),https://www.wowhead.com/tbc/es/item=22983,no
Mago,Escarcha,Hombros,6,27994,Mantle of Three Terrors,Mazmorra,La Ciénaga Negra: Chrono Lord Deja,,https://www.wowhead.com/tbc/es/item=27994,sí
Mago,Escarcha,Espalda,1,23050,Cloak of the Necropolis,Banda clásica,Naxxramas (nivel 60): Sapphiron,Contenido de nivel 60 (antes de TBC),https://www.wowhead.com/tbc/es/item=23050,no
Mago,Escarcha,Espalda,2,22731,Cloak of the Devoured,Banda clásica,Templo de Ahn'Qiraj: C'Thun,Contenido de nivel 60 (antes de TBC),https://www.wowhead.com/tbc/es/item=22731,no
Mago,Escarcha,Espalda,3,27981,Sethekk Oracle Cloak,Mazmorra,Salas Sethekk: Talon King Ikiss,,https://www.wowhead.com/tbc/es/item=27981,sí
Mago,Escarcha,Espalda,4,31140,Cloak of Entropy,Botín de mundo,Botín de mundo ligado al equipar (se puede comprar en la subasta),,https://www.wowhead.com/tbc/es/item=31140,sí
Mago,Escarcha,Espalda,5,24252,Cloak of the Black Void,Profesión,Sastrería,,https://www.wowhead.com/tbc/es/item=24252,sí
Mago,Escarcha,Espalda,6,29369,Shawl of Shifting Probabilities,Insignias,"Insignias de Justicia (G'eras, Shattrath)",,https://www.wowhead.com/tbc/es/item=29369,sí
Mago,Escarcha,Pecho,1,21871,Frozen Shadoweave Robe,Profesión,Sastrería,,https://www.wowhead.com/tbc/es/item=21871,sí
Mago,Escarcha,Pecho,2,31297,Robe of the Crimson Order,Botín,Cofre (objeto del mundo),,https://www.wowhead.com/tbc/es/item=31297,sí
Mago,Escarcha,Pecho,3,29341,Auchenai Anchorite's Robe,Misión,Everything Will Be Alright (Auchenai Crypts),,https://www.wowhead.com/tbc/es/item=29341,sí
Mago,Escarcha,Pecho,4,28342,Warp Infused Drape,Mazmorra,El Invernáculo: Warp Splinter,,https://www.wowhead.com/tbc/es/item=28342,sí
Mago,Escarcha,Pecho,5,31340,Will of Edward the Odd,Otro,Botín de mundo (épico aleatorio),,https://www.wowhead.com/tbc/es/item=31340,sí
Mago,Escarcha,Pecho,6,28232,Robe of Oblivion,Mazmorra,Laberinto de las Sombras: Murmur,,https://www.wowhead.com/tbc/es/item=28232,sí
Mago,Escarcha,Muñecas,1,32655,Crystalweave Bracers,Sin confirmar,Fuente sin confirmar; revisar en Wowhead,Disponible desde la fase 2,https://www.wowhead.com/tbc/es/item=32655,?
Mago,Escarcha,Muñecas,2,24250,Bracers of Havok,Profesión,Sastrería,,https://www.wowhead.com/tbc/es/item=24250,sí
Mago,Escarcha,Muñecas,3,27462,Crimson Bracers of Gloom,Mazmorra heroica,Murallas del Fuego Infernal (heroica): Omor the Unscarred,,https://www.wowhead.com/tbc/es/item=27462,sí
Mago,Escarcha,Muñecas,4,28174,Shattrath Wraps,Misión,The Soul Devices (Auchindoun),,https://www.wowhead.com/tbc/es/item=28174,sí
Mago,Escarcha,Muñecas,5,27746,Arcanium Signet Bands,Mazmorra heroica,La Sotiénaga (heroica): Hungarfen,,https://www.wowhead.com/tbc/es/item=27746,sí
Mago,Escarcha,Muñecas,6,29240,Bands of Negation,Mazmorra heroica,Tumbas de Maná (heroica): Nexus-Prince Shaffar,,https://www.wowhead.com/tbc/es/item=29240,sí
Mago,Escarcha,Manos,1,27493,Gloves of the Deadwatcher,Mazmorra heroica,Criptas Auchenai (heroica): Shirrak the Dead Watcher,,https://www.wowhead.com/tbc/es/item=27493,sí
Mago,Escarcha,Manos,2,21585,Dark Storm Gauntlets,Banda clásica,Templo de Ahn'Qiraj: C'Thun,Contenido de nivel 60 (antes de TBC),https://www.wowhead.com/tbc/es/item=21585,no
Mago,Escarcha,Manos,3,27537,Gloves of Oblivion,Mazmorra,Las Salas Arrasadas: Warchief Kargath Bladefist,,https://www.wowhead.com/tbc/es/item=27537,sí
Mago,Escarcha,Manos,4,29317,Tempest's Touch,Misión,Return to Andormu (Caverns of Time),,https://www.wowhead.com/tbc/es/item=29317,sí
Mago,Escarcha,Manos,5,27465,Mana-Etched Gloves,Mazmorra heroica,Murallas del Fuego Infernal (heroica): Omor the Unscarred,,https://www.wowhead.com/tbc/es/item=27465,sí
Mago,Escarcha,Manos,6,30924,Gloves of the High Magus,Misión,News of Victory (Shadowmoon Valley),,https://www.wowhead.com/tbc/es/item=30924,sí
Mago,Escarcha,Cintura,1,24256,Girdle of Ruination,Profesión,Sastrería,,https://www.wowhead.com/tbc/es/item=24256,sí
Mago,Escarcha,Cintura,2,29241,Belt of Depravity,Mazmorra heroica,El Arcatraz (heroica): Harbinger Skyriss,,https://www.wowhead.com/tbc/es/item=29241,sí
Mago,Escarcha,Cintura,3,22730,Eyestalk Waist Cord,Banda clásica,Templo de Ahn'Qiraj: C'Thun,Contenido de nivel 60 (antes de TBC),https://www.wowhead.com/tbc/es/item=22730,no
Mago,Escarcha,Cintura,4,31461,A'dal's Gift,Misión,How to Break Into the Arcatraz (Tempest Keep),,https://www.wowhead.com/tbc/es/item=31461,sí
Mago,Escarcha,Cintura,5,27795,Sash of Serpentra,Mazmorra,La Cámara de Vapor: Warlord Kalithresh,,https://www.wowhead.com/tbc/es/item=27795,sí
Mago,Escarcha,Cintura,6,30923,Grom'tor's Bloodied Bandage,Misión,The Cipher of Damnation - The First Fragment Recovered (Shadowmoon Valley),,https://www.wowhead.com/tbc/es/item=30923,sí
Mago,Escarcha,Piernas,1,24262,Spellstrike Pants,Profesión,Sastrería,,https://www.wowhead.com/tbc/es/item=24262,sí
Mago,Escarcha,Piernas,2,30531,Breeches of the Occultist,Mazmorra heroica,La Ciénaga Negra (heroica): Aeonus,,https://www.wowhead.com/tbc/es/item=30531,sí
Mago,Escarcha,Piernas,3,28185,Khadgar's Kilt of Abjuration,Mazmorra,La Ciénaga Negra: Temporus,,https://www.wowhead.com/tbc/es/item=28185,sí
Mago,Escarcha,Piernas,4,30532,Kirin Tor Master's Trousers,Mazmorra heroica,Laberinto de las Sombras (heroica): Murmur,,https://www.wowhead.com/tbc/es/item=30532,sí
Mago,Escarcha,Piernas,5,28338,Devil-Stitched Leggings,Mazmorra,El Invernáculo: Laj,,https://www.wowhead.com/tbc/es/item=28338,sí
Mago,Escarcha,Piernas,6,23070,Leggings of Polarity,Banda clásica,Naxxramas (nivel 60): Thaddius,Contenido de nivel 60 (antes de TBC),https://www.wowhead.com/tbc/es/item=23070,no
Mago,Escarcha,Pies,1,21870,Frozen Shadoweave Boots,Profesión,Sastrería,,https://www.wowhead.com/tbc/es/item=21870,sí
Mago,Escarcha,Pies,2,27821,Extravagant Boots of Malice,Mazmorra heroica,Tumbas de Maná (heroica): Tavarok,,https://www.wowhead.com/tbc/es/item=27821,sí
Mago,Escarcha,Pies,3,28406,Sigil-Laced Boots,Mazmorra,El Arcatraz: Harbinger Skyriss,,https://www.wowhead.com/tbc/es/item=28406,sí
Mago,Escarcha,Pies,4,28179,Shattrath Jumpers,Misión,Into the Heart of the Labyrinth (Auchindoun),,https://www.wowhead.com/tbc/es/item=28179,sí
Mago,Escarcha,Pies,5,22500,Frostfire Sandals,Banda clásica,Naxxramas (nivel 60): Instructor Razuvious,Contenido de nivel 60 (antes de TBC),https://www.wowhead.com/tbc/es/item=22500,no
Mago,Escarcha,Pies,6,29242,Boots of Blasphemy,Mazmorra heroica,Recinto de los Esclavos (heroica): Quagmirran,,https://www.wowhead.com/tbc/es/item=29242,sí
Mago,Escarcha,Cuello,1,28134,Brooch of Heightened Potential,Mazmorra,Laberinto de las Sombras: Blackheart the Inciter,,https://www.wowhead.com/tbc/es/item=28134,sí
Mago,Escarcha,Cuello,2,27758,Hydra-fang Necklace,Mazmorra heroica,La Sotiénaga (heroica): Ghaz'an,,https://www.wowhead.com/tbc/es/item=27758,sí
Mago,Escarcha,Cuello,3,31338,Charlotte's Ivy,Otro,Botín de mundo (épico aleatorio),,https://www.wowhead.com/tbc/es/item=31338,sí
Mago,Escarcha,Cuello,4,18814,Choker of the Fire Lord,Banda clásica,Núcleo de Magma: Ragnaros,Contenido de nivel 60 (antes de TBC),https://www.wowhead.com/tbc/es/item=18814,no
Mago,Escarcha,Cuello,5,21608,Amulet of Vek'nilash,Banda clásica,Templo de Ahn'Qiraj: Twin Emperors,Contenido de nivel 60 (antes de TBC),https://www.wowhead.com/tbc/es/item=21608,no
Mago,Escarcha,Cuello,6,29368,Manasurge Pendant,Insignias,"Insignias de Justicia (G'eras, Shattrath)",,https://www.wowhead.com/tbc/es/item=29368,sí
Mago,Escarcha,Anillos,1,21709,Ring of the Fallen God,Banda clásica,Templo de Ahn'Qiraj: C'Thun,Contenido de nivel 60 (antes de TBC),https://www.wowhead.com/tbc/es/item=21709,no
Mago,Escarcha,Anillos,2,29172,Ashyen's Gift,Reputación,Expedición Cenarion (Exaltado),,https://www.wowhead.com/tbc/es/item=29172,sí
Mago,Escarcha,Anillos,3,28227,Sparking Arcanite Ring,Mazmorra heroica,Antiguas Laderas de Trabalomas (heroica): Epoch Hunter,,https://www.wowhead.com/tbc/es/item=28227,sí
Mago,Escarcha,Anillos,4,28555,Seal of the Exorcist,JcJ,JcJ de mundo: Terokkar (Fichas de Espíritu),,https://www.wowhead.com/tbc/es/item=28555,sí
Mago,Escarcha,Anillos,5,31339,Lola's Eve,Otro,Botín de mundo (épico aleatorio),,https://www.wowhead.com/tbc/es/item=31339,sí
Mago,Escarcha,Anillos,6,23062,Frostfire Ring,Banda clásica,Naxxramas (nivel 60): Kel'Thuzad,Contenido de nivel 60 (antes de TBC),https://www.wowhead.com/tbc/es/item=23062,no
Mago,Escarcha,Abalorios,1,23207,Mark of the Champion,Banda clásica,Naxxramas (nivel 60): Kel'Thuzad,Contenido de nivel 60 (antes de TBC),https://www.wowhead.com/tbc/es/item=23207,no
Mago,Escarcha,Abalorios,2,31856,Darkmoon Card: Crusade,Mazo de la Luna Negra,Se crea al completar un mazo (cartas de inscripción/botín); se entrega en la Feria de la Luna Negra,Disponible desde la fase 3,https://www.wowhead.com/tbc/es/item=31856,no
Mago,Escarcha,Abalorios,3,29132,Scryer's Bloodgem,Reputación,Los Arúspices (Reverenciado),,https://www.wowhead.com/tbc/es/item=29132,sí
Mago,Escarcha,Abalorios,4,29370,Icon of the Silver Crescent,Insignias,"Insignias de Justicia (G'eras, Shattrath)",,https://www.wowhead.com/tbc/es/item=29370,sí
Mago,Escarcha,Abalorios,5,19339,Mind Quickening Gem,Banda clásica,Guarida de Alanegra: Vaelastrasz the Corrupt,Contenido de nivel 60 (antes de TBC),https://www.wowhead.com/tbc/es/item=19339,no
Mago,Escarcha,Abalorios,6,19379,Neltharion's Tear,Banda clásica,Guarida de Alanegra: Nefarian,Contenido de nivel 60 (antes de TBC),https://www.wowhead.com/tbc/es/item=19379,no
Mago,Escarcha,Arma de una mano,1,23554,Eternium Runed Blade,Profesión,Herrería,,https://www.wowhead.com/tbc/es/item=23554,sí
Mago,Escarcha,Arma de una mano,2,30787,Illidari-Bane Mageblade,Misión,Quenching the Blade (Shadowmoon Valley),,https://www.wowhead.com/tbc/es/item=30787,sí
Mago,Escarcha,Arma de una mano,3,29153,Blade of the Archmage,Reputación,Bastión del Honor (Exaltado),,https://www.wowhead.com/tbc/es/item=29153,sí
Mago,Escarcha,Arma de una mano,4,29155,Stormcaller,Reputación,Thrallmar (Exaltado),,https://www.wowhead.com/tbc/es/item=29155,sí
Mago,Escarcha,Arma de una mano,5,31336,Blade of Wizardry,Otro,Botín de mundo (épico aleatorio),,https://www.wowhead.com/tbc/es/item=31336,sí
Mago,Escarcha,Arma de una mano,6,27905,Greatsword of Horrid Dreams,Mazmorra,Laberinto de las Sombras: Murmur,,https://www.wowhead.com/tbc/es/item=27905,sí
Mago,Escarcha,Arma de dos manos,1,22589,"Atiesh, Greatstaff of the Guardian",Misión,"Atiesh, Greatstaff of the Guardian",,https://www.wowhead.com/tbc/es/item=22589,sí
Mago,Escarcha,Arma de dos manos,2,29355,Terokk's Shadowstaff,Mazmorra heroica,Salas Sethekk (heroica): Talon King Ikiss,,https://www.wowhead.com/tbc/es/item=29355,sí
Mago,Escarcha,Arma de dos manos,3,29130,Auchenai Staff,Reputación,Los Aldor (Reverenciado),,https://www.wowhead.com/tbc/es/item=29130,sí
Mago,Escarcha,Arma de dos manos,4,28341,Warpstaff of Arcanum,Mazmorra,El Invernáculo: Warp Splinter,,https://www.wowhead.com/tbc/es/item=28341,sí
Mago,Escarcha,Arma de dos manos,5,27842,Grand Scepter of the Nexus-Kings,Mazmorra heroica,Tumbas de Maná (heroica): Nexus-Prince Shaffar,,https://www.wowhead.com/tbc/es/item=27842,sí
Mago,Escarcha,Arma de dos manos,6,31308,The Bringer of Death,Botín,Cofre (objeto del mundo),,https://www.wowhead.com/tbc/es/item=31308,sí
Mago,Escarcha,Mano izquierda,1,29269,Sapphiron's Wing Bone,Insignias,"Insignias de Justicia (G'eras, Shattrath)",,https://www.wowhead.com/tbc/es/item=29269,sí
Mago,Escarcha,Mano izquierda,2,23049,Sapphiron's Left Eye,Banda clásica,Naxxramas (nivel 60): Sapphiron,Contenido de nivel 60 (antes de TBC),https://www.wowhead.com/tbc/es/item=23049,no
Mago,Escarcha,Mano izquierda,3,28412,Lamp of Peaceful Radiance,Mazmorra,El Arcatraz: Harbinger Skyriss,,https://www.wowhead.com/tbc/es/item=28412,sí
Mago,Escarcha,Mano izquierda,4,32651,Crystal Orb of Enlightenment,Reputación,Ogri'la (Exaltado),Disponible desde la fase 2,https://www.wowhead.com/tbc/es/item=32651,no
Mago,Escarcha,Mano izquierda,5,28187,Star-Heart Lamp,Mazmorra,La Ciénaga Negra: Temporus,,https://www.wowhead.com/tbc/es/item=28187,sí
Mago,Escarcha,Mano izquierda,6,28260,Manual of the Nethermancer,Mazmorra,El Mechanar: Nethermancer Sepethrea,,https://www.wowhead.com/tbc/es/item=28260,sí
Mago,Escarcha,Varita,1,22821,Doomfinger,Banda clásica,Naxxramas (nivel 60): Kel'Thuzad,Contenido de nivel 60 (antes de TBC),https://www.wowhead.com/tbc/es/item=22821,no
Mago,Escarcha,Varita,2,28386,Nether Core's Control Rod,Mazmorra,El Arcatraz: Dalliah the Doomsayer,,https://www.wowhead.com/tbc/es/item=28386,sí
Mago,Escarcha,Varita,3,22820,Wand of Fates,Banda clásica,Naxxramas (nivel 60): Patchwerk,Contenido de nivel 60 (antes de TBC),https://www.wowhead.com/tbc/es/item=22820,no
Mago,Escarcha,Varita,4,32872,Illidari Rod of Discipline,Misión,Subdue the Subduer (Shadowmoon Valley),,https://www.wowhead.com/tbc/es/item=32872,sí
Mago,Escarcha,Varita,5,25939,Voidfire Wand,Mazmorra,Tumbas de Maná: Pandemonius,,https://www.wowhead.com/tbc/es/item=25939,sí
Mago,Escarcha,Varita,6,29350,The Black Stalk,Mazmorra heroica,La Sotiénaga (heroica): The Black Stalker,,https://www.wowhead.com/tbc/es/item=29350,sí
Paladín,Sagrado,Cabeza,1,32472,Justicebringer 2000 Specs,Profesión,Ingeniería,Receta disponible desde la fase 2,https://www.wowhead.com/tbc/es/item=32472,no
Paladín,Sagrado,Cabeza,2,24264,Whitemend Hood,Profesión,Sastrería,,https://www.wowhead.com/tbc/es/item=24264,sí
Paladín,Sagrado,Cabeza,3,32084,Helmet of the Steadfast Champion,Insignias,"Insignias de Justicia (G'eras, Shattrath)",,https://www.wowhead.com/tbc/es/item=32084,sí
Paladín,Sagrado,Cabeza,4,28413,Hallowed Crown,Mazmorra,El Arcatraz: Harbinger Skyriss,,https://www.wowhead.com/tbc/es/item=28413,sí
Paladín,Sagrado,Cabeza,5,28348,Moonglade Cowl,Mazmorra,El Invernáculo: Warp Splinter,,https://www.wowhead.com/tbc/es/item=28348,sí
Paladín,Sagrado,Cabeza,6,25820,Metallic Headband of Simm'onz,Misión,Forge Camp: Annihilated (Nagrand),,https://www.wowhead.com/tbc/es/item=25820,sí
Paladín,Sagrado,Hombros,1,21874,Primal Mooncloth Shoulders,Profesión,Sastrería,,https://www.wowhead.com/tbc/es/item=21874,sí
Paladín,Sagrado,Hombros,2,27775,Hallowed Pauldrons,Mazmorra,Laberinto de las Sombras: Grandmaster Vorpil,,https://www.wowhead.com/tbc/es/item=27775,sí
Paladín,Sagrado,Hombros,3,27433,Pauldrons of Sufferance,Mazmorra,Antiguas Laderas de Trabalomas: Epoch Hunter,,https://www.wowhead.com/tbc/es/item=27433,sí
Paladín,Sagrado,Hombros,4,30925,Spaulders of the Torn-heart,Misión,The Cipher of Damnation - The Third Fragment Recovered (Shadowmoon Valley),,https://www.wowhead.com/tbc/es/item=30925,sí
Paladín,Sagrado,Espalda,1,31329,Lifegiving Cloak,Otro,Botín de mundo (épico aleatorio),,https://www.wowhead.com/tbc/es/item=31329,sí
Paladín,Sagrado,Espalda,2,29354,Light-Touched Stole of Altruism,Mazmorra heroica,Criptas Auchenai (heroica): Exarch Maladaar,,https://www.wowhead.com/tbc/es/item=29354,sí
Paladín,Sagrado,Espalda,3,24254,White Remedy Cape,Profesión,Sastrería,,https://www.wowhead.com/tbc/es/item=24254,sí
Paladín,Sagrado,Espalda,4,29375,Bishop's Cloak,Insignias,"Insignias de Justicia (G'eras, Shattrath)",,https://www.wowhead.com/tbc/es/item=29375,sí
Paladín,Sagrado,Espalda,5,25805,Mantle of Vivification,Misión,Turning the Tide (Hellfire Citadel),,https://www.wowhead.com/tbc/es/item=25805,sí
Paladín,Sagrado,Pecho,1,21875,Primal Mooncloth Robe,Profesión,Sastrería,,https://www.wowhead.com/tbc/es/item=21875,sí
Paladín,Sagrado,Pecho,2,29522,Windhawk Hauberk,Profesión,Peletería,,https://www.wowhead.com/tbc/es/item=29522,sí
Paladín,Sagrado,Pecho,3,28230,Hallowed Garments,Mazmorra,Laberinto de las Sombras: Murmur,,https://www.wowhead.com/tbc/es/item=28230,sí
Paladín,Sagrado,Pecho,4,28202,Moonglade Robe,Mazmorra,El Mechanar: Pathaleon the Calculator,,https://www.wowhead.com/tbc/es/item=28202,sí
Paladín,Sagrado,Pecho,5,30298,Void Slayer's Tunic,Misión,Dimensius the All-Devouring (Netherstorm),,https://www.wowhead.com/tbc/es/item=30298,sí
Paladín,Sagrado,Muñecas,1,29523,Windhawk Bracers,Profesión,Peletería,,https://www.wowhead.com/tbc/es/item=29523,sí
Paladín,Sagrado,Muñecas,2,29183,Bindings of the Timewalker,Reputación,Vigilantes del Tiempo (Exaltado),,https://www.wowhead.com/tbc/es/item=29183,sí
Paladín,Sagrado,Muñecas,3,23539,Blessed Bracers,Profesión,Herrería,,https://www.wowhead.com/tbc/es/item=23539,sí
Paladín,Sagrado,Muñecas,4,21604,Bracelets of Royal Redemption,Banda clásica,Templo de Ahn'Qiraj: Twin Emperors,Contenido de nivel 60 (antes de TBC),https://www.wowhead.com/tbc/es/item=21604,no
Paladín,Sagrado,Muñecas,5,29249,Bands of the Benevolent,Mazmorra heroica,Salas Sethekk (heroica): Talon King Ikiss,,https://www.wowhead.com/tbc/es/item=29249,sí
Paladín,Sagrado,Muñecas,6,28029,Goldenvine Wraps,Misión,Lost in Action (Coilfang Reservoir),,https://www.wowhead.com/tbc/es/item=28029,sí
Paladín,Sagrado,Manos,1,29506,Gloves of the Living Touch,Profesión,Peletería,,https://www.wowhead.com/tbc/es/item=29506,sí
Paladín,Sagrado,Manos,2,27457,Life Bearer's Gauntlets,Mazmorra heroica,Murallas del Fuego Infernal (heroica): Nazan & Vazruden,,https://www.wowhead.com/tbc/es/item=27457,sí
Paladín,Sagrado,Manos,3,28304,Prismatic Mittens of Mending,Mazmorra,El Invernáculo: Commander Sarannis,,https://www.wowhead.com/tbc/es/item=28304,sí
Paladín,Sagrado,Manos,4,29327,Cryo-mitts,Misión,Someone Else's Hard Work Pays Off (Mana-Tombs),,https://www.wowhead.com/tbc/es/item=29327,sí
Paladín,Sagrado,Cintura,1,21873,Primal Mooncloth Belt,Profesión,Sastrería,,https://www.wowhead.com/tbc/es/item=21873,sí
Paladín,Sagrado,Cintura,2,29524,Windhawk Belt,Profesión,Peletería,,https://www.wowhead.com/tbc/es/item=29524,sí
Paladín,Sagrado,Cintura,3,29250,Cord of Sanctification,Mazmorra heroica,Antiguas Laderas de Trabalomas (heroica): Epoch Hunter,,https://www.wowhead.com/tbc/es/item=29250,sí
Paladín,Sagrado,Cintura,4,21582,Grasp of the Old God,Banda clásica,Templo de Ahn'Qiraj: C'Thun,Contenido de nivel 60 (antes de TBC),https://www.wowhead.com/tbc/es/item=21582,no
Paladín,Sagrado,Cintura,5,30932,Akama's Sash,Misión,Akama's Promise (Shadowmoon Valley) / OLD Akama's Promise (Shadowmoon Valley),,https://www.wowhead.com/tbc/es/item=30932,sí
Paladín,Sagrado,Piernas,1,24261,Whitemend Pants,Profesión,Sastrería,,https://www.wowhead.com/tbc/es/item=24261,sí
Paladín,Sagrado,Piernas,2,30543,Pontifex Kilt,Mazmorra heroica,La Cámara de Vapor (heroica): Warlord Kalithresh,,https://www.wowhead.com/tbc/es/item=30543,sí
Paladín,Sagrado,Piernas,3,31343,Kamaei's Cerulean Skirt,Otro,Botín de mundo (épico aleatorio),,https://www.wowhead.com/tbc/es/item=31343,sí
Paladín,Sagrado,Piernas,4,30299,Starcaller's Plated Legguards,Misión,Dimensius the All-Devouring (Netherstorm),,https://www.wowhead.com/tbc/es/item=30299,sí
Paladín,Sagrado,Piernas,5,30256,Pants of the Naaru,Misión,Special Delivery to Shattrath City (Shattrath City),,https://www.wowhead.com/tbc/es/item=30256,sí
Paladín,Sagrado,Pies,1,27411,Slippers of Serenity,Mazmorra,Criptas Auchenai: Exarch Maladaar,,https://www.wowhead.com/tbc/es/item=27411,sí
Paladín,Sagrado,Pies,2,29251,Boots of the Pious,Mazmorra heroica,El Mechanar (heroica): Pathaleon the Calculator,,https://www.wowhead.com/tbc/es/item=29251,sí
Paladín,Sagrado,Pies,3,28221,Boots of the Watchful Heart,Mazmorra heroica,Antiguas Laderas de Trabalomas (heroica): Captain Skarloc,,https://www.wowhead.com/tbc/es/item=28221,sí
Paladín,Sagrado,Pies,4,27549,Wavefury Boots,Mazmorra heroica,Recinto de los Esclavos (heroica): Rokmar the Crackler,,https://www.wowhead.com/tbc/es/item=27549,sí
Paladín,Sagrado,Pies,5,25792,Curate's Boots,Misión,Fel Embers (Hellfire Citadel),,https://www.wowhead.com/tbc/es/item=25792,sí
Paladín,Sagrado,Cuello,1,31691,Natasha's Guardian Cord,Misión,The Hound-Master (Blade's Edge Mountains),,https://www.wowhead.com/tbc/es/item=31691,sí
Paladín,Sagrado,Cuello,2,30377,Karja's Medallion,Misión,Shutting Down Manaforge Ara (Netherstorm),,https://www.wowhead.com/tbc/es/item=30377,sí
Paladín,Sagrado,Cuello,3,29374,Necklace of Eternal Hope,Insignias,"Insignias de Justicia (G'eras, Shattrath)",,https://www.wowhead.com/tbc/es/item=29374,sí
Paladín,Sagrado,Cuello,4,21712,Amulet of the Fallen God,Banda clásica,Templo de Ahn'Qiraj: C'Thun,Contenido de nivel 60 (antes de TBC),https://www.wowhead.com/tbc/es/item=21712,no
Paladín,Sagrado,Anillos,1,29169,Ring of Convalescence,Reputación,Bastión del Honor (Reverenciado),,https://www.wowhead.com/tbc/es/item=29169,sí
Paladín,Sagrado,Anillos,2,27780,Ring of Fabled Hope,Mazmorra heroica,La Sotiénaga (heroica): The Black Stalker,,https://www.wowhead.com/tbc/es/item=27780,sí
Paladín,Sagrado,Anillos,3,28259,Cosmic Lifeband,Mazmorra,El Mechanar: Nethermancer Sepethrea,,https://www.wowhead.com/tbc/es/item=28259,sí
Paladín,Sagrado,Anillos,4,31383,Spiritualist's Mark of the Sha'tar,Misión,Battle of the Crimson Watch (Shadowmoon Valley),,https://www.wowhead.com/tbc/es/item=31383,sí
Paladín,Sagrado,Anillos,5,29814,Celestial Jewel Ring,Misión,Hitting the Motherlode (Netherstorm),,https://www.wowhead.com/tbc/es/item=29814,sí
Paladín,Sagrado,Abalorios,1,29376,Essence of the Martyr,Insignias,"Insignias de Justicia (G'eras, Shattrath)",,https://www.wowhead.com/tbc/es/item=29376,sí
Paladín,Sagrado,Abalorios,2,23047,Eye of the Dead,Banda clásica,Naxxramas (nivel 60): Sapphiron,Contenido de nivel 60 (antes de TBC),https://www.wowhead.com/tbc/es/item=23047,no
Paladín,Sagrado,Abalorios,3,30841,Lower City Prayerbook,Reputación,Bajo Arrabal (Reverenciado),,https://www.wowhead.com/tbc/es/item=30841,sí
Paladín,Sagrado,Abalorios,4,19395,Rejuvenating Gem,Banda clásica,Guarida de Alanegra: Firemaw,Contenido de nivel 60 (antes de TBC),https://www.wowhead.com/tbc/es/item=19395,no
Paladín,Sagrado,Abalorios,5,28190,Scarab of the Infinite Cycle,Mazmorra,La Ciénaga Negra: Aeonus,,https://www.wowhead.com/tbc/es/item=28190,sí
Paladín,Sagrado,Abalorios,6,25634,Oshu'gun Relic,Misión,Gava'xi (Nagrand),,https://www.wowhead.com/tbc/es/item=25634,sí
Paladín,Sagrado,Arma de una mano,1,23556,Hand of Eternity,Profesión,Herrería,,https://www.wowhead.com/tbc/es/item=23556,sí
Paladín,Sagrado,Arma de una mano,2,29353,Shockwave Truncheon,Mazmorra heroica,Laberinto de las Sombras (heroica): Murmur,,https://www.wowhead.com/tbc/es/item=29353,sí
Paladín,Sagrado,Arma de una mano,3,31342,The Ancient Scepter of Sue-Min,Otro,Botín de mundo (épico aleatorio),,https://www.wowhead.com/tbc/es/item=31342,sí
Paladín,Sagrado,Arma de una mano,4,29175,Gavel of Pure Light,Reputación,Los Sha'tar (Exaltado),,https://www.wowhead.com/tbc/es/item=29175,sí
Paladín,Sagrado,Arma de una mano,5,25759,Mogor's Anointing Club,Misión,The Ring of Blood: The Final Challenge (Nagrand),,https://www.wowhead.com/tbc/es/item=25759,sí
Paladín,Sagrado,Mano izquierda / escudo,1,29274,Tears of Heaven,Insignias,"Insignias de Justicia (G'eras, Shattrath)",,https://www.wowhead.com/tbc/es/item=29274,sí
Paladín,Sagrado,Mano izquierda / escudo,2,22819,Shield of Condemnation,Banda clásica,Naxxramas (nivel 60): Kel'Thuzad,Contenido de nivel 60 (antes de TBC),https://www.wowhead.com/tbc/es/item=22819,no
Paladín,Sagrado,Mano izquierda / escudo,3,23048,Sapphiron's Right Eye,Banda clásica,Naxxramas (nivel 60): Sapphiron,Contenido de nivel 60 (antes de TBC),https://www.wowhead.com/tbc/es/item=23048,no
Paladín,Sagrado,Mano izquierda / escudo,4,29170,Windcaller's Orb,Reputación,Expedición Cenarion (Exaltado),,https://www.wowhead.com/tbc/es/item=29170,sí
Paladín,Sagrado,Mano izquierda / escudo,5,27772,Stormshield of Renewal,Mazmorra heroica,La Sotiénaga (heroica): The Black Stalker,,https://www.wowhead.com/tbc/es/item=27772,sí
Paladín,Sagrado,Mano izquierda / escudo,6,27477,Faol's Signet of Cleansing,Mazmorra heroica,Murallas del Fuego Infernal (heroica): Omor the Unscarred,,https://www.wowhead.com/tbc/es/item=27477,sí
Paladín,Sagrado,Tratado,1,23006,Libram of Light,Banda clásica,Naxxramas (nivel 60): Noth the Plaguebringer,Contenido de nivel 60 (antes de TBC),https://www.wowhead.com/tbc/es/item=23006,no
Paladín,Sagrado,Tratado,2,28296,Libram of the Lightbringer,Mazmorra,El Invernáculo: Commander Sarannis,,https://www.wowhead.com/tbc/es/item=28296,sí
Paladín,Sagrado,Tratado,3,25644,Blessed Book of Nagrand,Misión,The Ultimate Bloodsport (Nagrand),,https://www.wowhead.com/tbc/es/item=25644,sí
Paladín,Protección,Cabeza,1,32083,Faceguard of Determination,Insignias,"Insignias de Justicia (G'eras, Shattrath)",,https://www.wowhead.com/tbc/es/item=32083,sí
Paladín,Protección,Cabeza,2,33697,Vengeful Gladiator's Lamellar Helm,JcJ,Arena temporada 3 (Gladiador vengativo): puntos de arena y honor,Arena temporada 3: fase 3 en adelante,https://www.wowhead.com/tbc/es/item=33697,no
Paladín,Protección,Cabeza,3,32473,Tankatronic Goggles,Profesión,Ingeniería,Receta disponible desde la fase 2,https://www.wowhead.com/tbc/es/item=32473,no
Paladín,Protección,Hombros,1,33699,Vengeful Gladiator's Lamellar Shoulders,JcJ,Arena temporada 3 (Gladiador vengativo): puntos de arena y honor,Arena temporada 3: fase 3 en adelante,https://www.wowhead.com/tbc/es/item=33699,no
Paladín,Protección,Hombros,2,27847,Fanblade Pauldrons,Mazmorra heroica,Criptas Auchenai (heroica): Shirrak the Dead Watcher,,https://www.wowhead.com/tbc/es/item=27847,sí
Paladín,Protección,Hombros,3,27739,Spaulders of the Righteous,Mazmorra,El Invernáculo: Laj,,https://www.wowhead.com/tbc/es/item=27739,sí
Paladín,Protección,Hombros,4,30291,Nexus-Guard's Pauldrons,Misión,Success! (Netherstorm),,https://www.wowhead.com/tbc/es/item=30291,sí
Paladín,Protección,Espalda,1,33593,Slikk's Cloak of Placation,Insignias,Insignias de Justicia (vendedor de fase 4),Disponible solo en fases posteriores,https://www.wowhead.com/tbc/es/item=33593,no
Paladín,Protección,Pecho,1,34945,Shattrath Protectorate's Breastplate,Insignias,Insignias de Justicia (vendedor de fase 5),Disponible solo en fases posteriores,https://www.wowhead.com/tbc/es/item=34945,no
Paladín,Protección,Pecho,2,34939,Chestplate of Stoicism,Insignias,Insignias de Justicia (vendedor de fase 5),Disponible solo en fases posteriores,https://www.wowhead.com/tbc/es/item=34939,no
Paladín,Protección,Pecho,3,33522,Chestguard of the Stoic Guardian,Insignias,Insignias de Justicia (vendedor de fase 4),Disponible solo en fases posteriores,https://www.wowhead.com/tbc/es/item=33522,no
Paladín,Protección,Pecho,4,33695,Vengeful Gladiator's Lamellar Chestpiece,JcJ,Arena temporada 3 (Gladiador vengativo): puntos de arena y honor,Arena temporada 3: fase 3 en adelante,https://www.wowhead.com/tbc/es/item=33695,no
Paladín,Protección,Muñecas,1,33516,Bracers of the Ancient Phalanx,Insignias,Insignias de Justicia (vendedor de fase 4),Disponible solo en fases posteriores,https://www.wowhead.com/tbc/es/item=33516,no
Paladín,Protección,Muñecas,2,29252,Bracers of Dignity,Mazmorra heroica,El Arcatraz (heroica): Harbinger Skyriss,,https://www.wowhead.com/tbc/es/item=29252,sí
Paladín,Protección,Muñecas,3,23538,Bracers of the Green Fortress,Profesión,Herrería,,https://www.wowhead.com/tbc/es/item=23538,sí
Paladín,Protección,Manos,1,33517,Bonefist Gauntlets,Insignias,Insignias de Justicia (vendedor de fase 4),Disponible solo en fases posteriores,https://www.wowhead.com/tbc/es/item=33517,no
Paladín,Protección,Manos,2,30741,Topaz-Studded Battlegrips,Banda,Jefe de mundo: Doom Lord Kazzak,"Es de banda, no es pre-raid",https://www.wowhead.com/tbc/es/item=30741,no
Paladín,Protección,Manos,3,25788,Dauntless Handguards,Misión,Fel Embers (Hellfire Citadel),,https://www.wowhead.com/tbc/es/item=25788,sí
Paladín,Protección,Cintura,1,33524,Girdle of the Protector,Insignias,Insignias de Justicia (vendedor de fase 4),Disponible solo en fases posteriores,https://www.wowhead.com/tbc/es/item=33524,no
Paladín,Protección,Cintura,2,33279,Iron-tusk Girdle,Insignias,Insignias de Justicia (vendedor de fase 4),Disponible solo en fases posteriores,https://www.wowhead.com/tbc/es/item=33279,no
Paladín,Protección,Cintura,3,30034,Belt of the Guardian,Profesión,Herrería,Receta disponible desde la fase 2,https://www.wowhead.com/tbc/es/item=30034,no
Paladín,Protección,Cintura,4,34941,Girdle of the Fearless,Insignias,Insignias de Justicia (vendedor de fase 5),Disponible solo en fases posteriores,https://www.wowhead.com/tbc/es/item=34941,no
Paladín,Protección,Piernas,1,34946,Inscribed Legplates of the Aldor,Insignias,Insignias de Justicia (vendedor de fase 5),Disponible solo en fases posteriores,https://www.wowhead.com/tbc/es/item=34946,no
Paladín,Protección,Piernas,2,33515,Unwavering Legguards,Insignias,Insignias de Justicia (vendedor de fase 4),Disponible solo en fases posteriores,https://www.wowhead.com/tbc/es/item=33515,no
Paladín,Protección,Piernas,3,34940,Sunguard Legplates,Insignias,Insignias de Justicia (vendedor de fase 5),Disponible solo en fases posteriores,https://www.wowhead.com/tbc/es/item=34940,no
Paladín,Protección,Pies,1,34947,Blue's Greaves of the Righteous Guardian,Insignias,Insignias de Justicia (vendedor de fase 5),Disponible solo en fases posteriores,https://www.wowhead.com/tbc/es/item=34947,no
Paladín,Protección,Pies,2,33523,Sabatons of the Righteous Defender,Insignias,Insignias de Justicia (vendedor de fase 4),Disponible solo en fases posteriores,https://www.wowhead.com/tbc/es/item=33523,no
Paladín,Protección,Cuello,1,33296,Brooch of Deftness,Insignias,Insignias de Justicia (vendedor de fase 4),Disponible solo en fases posteriores,https://www.wowhead.com/tbc/es/item=33296,no
Paladín,Protección,Cuello,2,27792,Steam-Hinge Chain of Valor,Mazmorra,La Cámara de Vapor: Mekgineer Steamrigger,,https://www.wowhead.com/tbc/es/item=27792,sí
Paladín,Protección,Cuello,3,35133,Guardian's Pendant of Dominance,JcJ,Arena temporada 4,Disponible desde la fase 5,https://www.wowhead.com/tbc/es/item=35133,no
Paladín,Protección,Anillos,1,34888,Ring of the Stalwart Protector,Insignias,Insignias de Justicia (vendedor de fase 5),Disponible solo en fases posteriores,https://www.wowhead.com/tbc/es/item=34888,no
Paladín,Protección,Anillos,2,34889,Fused Nethergon Band,Insignias,Insignias de Justicia (vendedor de fase 5),Disponible solo en fases posteriores,https://www.wowhead.com/tbc/es/item=34889,no
Paladín,Protección,Anillos,3,29172,Ashyen's Gift,Reputación,Expedición Cenarion (Exaltado),,https://www.wowhead.com/tbc/es/item=29172,sí
Paladín,Protección,Anillos,4,28407,Elementium Band of the Sentry,Mazmorra,El Arcatraz: Harbinger Skyriss,,https://www.wowhead.com/tbc/es/item=28407,sí
Paladín,Protección,Anillos,5,29323,Andormu's Tear,Misión,Hero of the Brood (Caverns of Time),,https://www.wowhead.com/tbc/es/item=29323,sí
Paladín,Protección,Anillos,6,28265,Dath'Remar's Ring of Defense,Mazmorra,El Mechanar: Pathaleon the Calculator,,https://www.wowhead.com/tbc/es/item=28265,sí
Paladín,Protección,Abalorios (mitigación),1,35693,Figurine - Empyrean Tortoise,Profesión,Joyería,Receta disponible desde la fase 5,https://www.wowhead.com/tbc/es/item=35693,no
Paladín,Protección,Abalorios (mitigación),2,27529,Figurine of the Colossus,Mazmorra,Las Salas Arrasadas: Warchief Kargath Bladefist,,https://www.wowhead.com/tbc/es/item=27529,sí
Paladín,Protección,Abalorios (mitigación),3,32534,Brooch of the Immortal King,Botín,Terokk,,https://www.wowhead.com/tbc/es/item=32534,sí
Paladín,Protección,Abalorios (mitigación),4,29387,Gnomeregan Auto-Blocker 600,Insignias,"Insignias de Justicia (G'eras, Shattrath)",,https://www.wowhead.com/tbc/es/item=29387,sí
Paladín,Protección,Abalorios (aguante),1,31858,Darkmoon Card: Vengeance,Mazo de la Luna Negra,Se crea al completar un mazo (cartas de inscripción/botín); se entrega en la Feria de la Luna Negra,Disponible desde la fase 3,https://www.wowhead.com/tbc/es/item=31858,no
Paladín,Protección,Abalorios (aguante),2,34473,Commendation of Kael'thas,Mazmorra heroica,Bancal del Magister (heroica): Priestess Delrissa,Contenido de fase 5 (Bancal del Magister),https://www.wowhead.com/tbc/es/item=34473,no
Paladín,Protección,Abalorios (aguante),3,31859,Darkmoon Card: Madness,Mazo de la Luna Negra,Se crea al completar un mazo (cartas de inscripción/botín); se entrega en la Feria de la Luna Negra,Disponible desde la fase 3,https://www.wowhead.com/tbc/es/item=31859,no
Paladín,Protección,Abalorios (aguante),4,23836,Goblin Rocket Launcher,Profesión,Ingeniería,,https://www.wowhead.com/tbc/es/item=23836,sí
Paladín,Protección,Abalorios (aguante),5,23835,Gnomish Poultryizer,Profesión,Ingeniería,,https://www.wowhead.com/tbc/es/item=23835,sí
Paladín,Protección,Abalorios (aguante),6,32864,Commander's Badge,Reputación,Ala Abisal (Reverenciado),,https://www.wowhead.com/tbc/es/item=32864,sí
Paladín,Protección,Abalorios (amenaza),1,29370,Icon of the Silver Crescent,Insignias,"Insignias de Justicia (G'eras, Shattrath)",,https://www.wowhead.com/tbc/es/item=29370,sí
Paladín,Protección,Abalorios (amenaza),2,34579,Battlemaster's Audacity,JcJ,Arena temporada 3,,https://www.wowhead.com/tbc/es/item=34579,sí
Paladín,Protección,Abalorios (amenaza),3,35700,Figurine - Crimson Serpent,Profesión,Joyería,Receta disponible desde la fase 5,https://www.wowhead.com/tbc/es/item=35700,no
Paladín,Protección,Arma de una mano,1,33687,Vengeful Gladiator's Gavel,JcJ,Arena temporada 3 (Gladiador vengativo): puntos de arena y honor,Arena temporada 3: fase 3 en adelante,https://www.wowhead.com/tbc/es/item=33687,no
Paladín,Protección,Arma de una mano,2,34611,Cudgel of Consecration,Mazmorra heroica,Bancal del Magister (heroica): Kael'thas Sunstrider,Contenido de fase 5 (Bancal del Magister),https://www.wowhead.com/tbc/es/item=34611,no
Paladín,Protección,Arma de una mano,3,29153,Blade of the Archmage,Reputación,Bastión del Honor (Exaltado),,https://www.wowhead.com/tbc/es/item=29153,sí
Paladín,Protección,Arma de una mano,4,29155,Stormcaller,Reputación,Thrallmar (Exaltado),,https://www.wowhead.com/tbc/es/item=29155,sí
Paladín,Protección,Arma de una mano,5,30832,Gavel of Unearthed Secrets,Reputación,Bajo Arrabal (Exaltado),,https://www.wowhead.com/tbc/es/item=30832,sí
Paladín,Protección,Arma de una mano,6,34670,Seeker's Gavel,Reputación,Ofensiva Sol Devastado (Reverenciado),Disponible desde la fase 5,https://www.wowhead.com/tbc/es/item=34670,no
Paladín,Protección,Tratado,1,29388,Libram of Repentance,Insignias,"Insignias de Justicia (G'eras, Shattrath)",,https://www.wowhead.com/tbc/es/item=29388,sí
Paladín,Protección,Tratado,2,33504,Libram of Divine Purpose,Insignias,Insignias de Justicia (vendedor de fase 4),Disponible solo en fases posteriores,https://www.wowhead.com/tbc/es/item=33504,no
Paladín,Protección,Tratado,3,27917,Libram of the Eternal Rest,Mazmorra,Salas Sethekk: Darkweaver Syth,,https://www.wowhead.com/tbc/es/item=27917,sí
Paladín,Protección,Escudo,1,33755,Vengeful Gladiator's Shield Wall,JcJ,Arena temporada 3 (Gladiador vengativo): puntos de arena y honor,Arena temporada 3: fase 3 en adelante,https://www.wowhead.com/tbc/es/item=33755,no
Paladín,Protección,Escudo,2,33661,Vengeful Gladiator's Barrier,JcJ,Arena temporada 3 (Gladiador vengativo): puntos de arena y honor,Arena temporada 3: fase 3 en adelante,https://www.wowhead.com/tbc/es/item=33661,no
Paladín,Protección,Escudo,3,34676,Dawnforged Defender,Reputación,Ofensiva Sol Devastado (Exaltado),Disponible desde la fase 5,https://www.wowhead.com/tbc/es/item=34676,no
Paladín,Protección,Escudo,4,34675,Sunward Crest,Reputación,Ofensiva Sol Devastado (Exaltado),Disponible desde la fase 5,https://www.wowhead.com/tbc/es/item=34675,no
Paladín,Protección,Escudo,5,29176,Crest of the Sha'tar,Reputación,Los Sha'tar (Exaltado),,https://www.wowhead.com/tbc/es/item=29176,sí
Paladín,Protección,Escudo,6,29266,Azure-Shield of Coldarra,Insignias,"Insignias de Justicia (G'eras, Shattrath)",,https://www.wowhead.com/tbc/es/item=29266,sí
Paladín,Reprensión,Cabeza,1,32461,Furious Gizmatic Goggles,Profesión,Ingeniería,Receta disponible desde la fase 2,https://www.wowhead.com/tbc/es/item=32461,no
Paladín,Reprensión,Cabeza,2,32087,Mask of the Deceiver,Insignias,"Insignias de Justicia (G'eras, Shattrath)",,https://www.wowhead.com/tbc/es/item=32087,sí
Paladín,Reprensión,Cabeza,3,31105,Overlord's Helmet of Second Sight,Misión,"Teron Gorefiend, I am... (Shadowmoon Valley)",,https://www.wowhead.com/tbc/es/item=31105,sí
Paladín,Reprensión,Cabeza,4,28182,Helm of the Claw,Misión,The Warlord's Hideout (The Steamvault),,https://www.wowhead.com/tbc/es/item=28182,sí
Paladín,Reprensión,Hombros,1,33173,Ragesteel Shoulders,Profesión,Herrería,,https://www.wowhead.com/tbc/es/item=33173,sí
Paladín,Reprensión,Hombros,2,27771,Doomplate Shoulderguards,Mazmorra heroica,La Sotiénaga (heroica): The Black Stalker,,https://www.wowhead.com/tbc/es/item=27771,sí
Paladín,Reprensión,Hombros,3,27434,Mantle of Perenolde,Mazmorra,Antiguas Laderas de Trabalomas: Epoch Hunter,,https://www.wowhead.com/tbc/es/item=27434,sí
Paladín,Reprensión,Hombros,4,28865,High Warlord's Scaled Shoulders,JcJ,Honor (vendedor de JcJ),,https://www.wowhead.com/tbc/es/item=28865,sí
Paladín,Reprensión,Espalda,1,24259,Vengeance Wrap,Profesión,Sastrería,,https://www.wowhead.com/tbc/es/item=24259,sí
Paladín,Reprensión,Espalda,2,27878,Auchenai Death Shroud,Mazmorra heroica,Criptas Auchenai (heroica): Avatar of the Martyred,,https://www.wowhead.com/tbc/es/item=27878,sí
Paladín,Reprensión,Espalda,3,27892,Cloak of the Inciter,Mazmorra,Laberinto de las Sombras: Blackheart the Inciter,,https://www.wowhead.com/tbc/es/item=27892,sí
Paladín,Reprensión,Espalda,4,28249,Capacitus' Cloak of Calibration,Mazmorra heroica,El Mechanar (heroica): Cache of the Legion,,https://www.wowhead.com/tbc/es/item=28249,sí
Paladín,Reprensión,Pecho,1,23522,Ragesteel Breastplate,Profesión,Herrería,,https://www.wowhead.com/tbc/es/item=23522,sí
Paladín,Reprensión,Pecho,2,28403,Doomplate Chestguard,Mazmorra,El Arcatraz: Harbinger Skyriss,,https://www.wowhead.com/tbc/es/item=28403,sí
Paladín,Reprensión,Pecho,3,24396,Vest of Vengeance,Mazmorra,El Horno de Sangre: Keli'dan the Breaker,,https://www.wowhead.com/tbc/es/item=24396,sí
Paladín,Reprensión,Pecho,4,31548,Blackened Chestplate,Misión,Showdown (Blade's Edge Mountains),,https://www.wowhead.com/tbc/es/item=31548,sí
Paladín,Reprensión,Muñecas,1,23537,Black Felsteel Bracers,Profesión,Herrería,,https://www.wowhead.com/tbc/es/item=23537,sí
Paladín,Reprensión,Muñecas,2,28646,General's Scaled Bracers,JcJ,Honor (vendedor de JcJ),,https://www.wowhead.com/tbc/es/item=28646,sí
Paladín,Reprensión,Muñecas,3,29517,Ebon Netherscale Bracers,Profesión,Peletería,,https://www.wowhead.com/tbc/es/item=29517,sí
Paladín,Reprensión,Muñecas,4,27918,Bands of Syth,Mazmorra,Salas Sethekk: Darkweaver Syth,,https://www.wowhead.com/tbc/es/item=27918,sí
Paladín,Reprensión,Manos,1,30341,Flesh Handler's Gauntlets,Misión,The Flesh Lies... (Netherstorm),,https://www.wowhead.com/tbc/es/item=30341,sí
Paladín,Reprensión,Manos,2,18823,Aged Core Leather Gloves,Banda clásica,Núcleo de Magma: Magmadar,Contenido de nivel 60 (antes de TBC),https://www.wowhead.com/tbc/es/item=18823,no
Paladín,Reprensión,Manos,3,29509,Windstrike Gloves,Profesión,Peletería,,https://www.wowhead.com/tbc/es/item=29509,sí
Paladín,Reprensión,Cintura,1,29247,Girdle of the Deathdealer,Mazmorra heroica,La Ciénaga Negra (heroica): Aeonus,,https://www.wowhead.com/tbc/es/item=29247,sí
Paladín,Reprensión,Cintura,2,27755,Girdle of Gallantry,Mazmorra heroica,La Sotiénaga (heroica): Ghaz'an,,https://www.wowhead.com/tbc/es/item=27755,sí
Paladín,Reprensión,Cintura,3,27760,Dunewind Sash,Mazmorra heroica,La Sotiénaga (heroica): Ghaz'an,,https://www.wowhead.com/tbc/es/item=27760,sí
Paladín,Reprensión,Cintura,4,29516,Ebon Netherscale Belt,Profesión,Peletería,,https://www.wowhead.com/tbc/es/item=29516,sí
Paladín,Reprensión,Cintura,5,27985,Deathforge Girdle,Mazmorra,Salas Sethekk: Talon King Ikiss,,https://www.wowhead.com/tbc/es/item=27985,sí
Paladín,Reprensión,Piernas,1,30257,Shattrath Leggings,Misión,Special Delivery to Shattrath City (Shattrath City),,https://www.wowhead.com/tbc/es/item=30257,sí
Paladín,Reprensión,Piernas,2,31544,Clefthoof Hide Leggings,Misión,Showdown (Blade's Edge Mountains),,https://www.wowhead.com/tbc/es/item=31544,sí
Paladín,Reprensión,Piernas,3,30533,Vanquisher's Legplates,Mazmorra heroica,El Mechanar (heroica): Pathaleon the Calculator,,https://www.wowhead.com/tbc/es/item=30533,sí
Paladín,Reprensión,Pies,1,25686,Fel Leather Boots,Profesión,Peletería,,https://www.wowhead.com/tbc/es/item=25686,sí
Paladín,Reprensión,Pies,2,28176,Sha'tari Wrought Greaves,Misión,Into the Heart of the Labyrinth (Auchindoun),,https://www.wowhead.com/tbc/es/item=28176,sí
Paladín,Reprensión,Pies,3,27867,Boots of the Unjust,Mazmorra heroica,Criptas Auchenai (heroica): Exarch Maladaar,,https://www.wowhead.com/tbc/es/item=27867,sí
Paladín,Reprensión,Pies,4,28318,Obsidian Clodstompers,Mazmorra,El Invernáculo: High Botanist Freywinn,,https://www.wowhead.com/tbc/es/item=28318,sí
Paladín,Reprensión,Cuello,1,29381,Choker of Vile Intent,Insignias,"Insignias de Justicia (G'eras, Shattrath)",,https://www.wowhead.com/tbc/es/item=29381,sí
Paladín,Reprensión,Cuello,2,29119,Haramad's Bargain,Reputación,El Consorcio (Exaltado),,https://www.wowhead.com/tbc/es/item=29119,sí
Paladín,Reprensión,Cuello,3,31275,Necklace of Trophies,Botín de mundo,Botín de mundo ligado al equipar (se puede comprar en la subasta),,https://www.wowhead.com/tbc/es/item=31275,sí
Paladín,Reprensión,Cuello,4,31695,Natasha's Choker,Misión,The Hound-Master (Blade's Edge Mountains),,https://www.wowhead.com/tbc/es/item=31695,sí
Paladín,Reprensión,Anillos,1,30834,Shapeshifter's Signet,Reputación,Bajo Arrabal (Exaltado),,https://www.wowhead.com/tbc/es/item=30834,sí
Paladín,Reprensión,Anillos,2,29177,A'dal's Command,Reputación,Los Sha'tar (Exaltado),,https://www.wowhead.com/tbc/es/item=29177,sí
Paladín,Reprensión,Anillos,3,31920,Shaffar's Band of Brutality,Mazmorra heroica,Tumbas de Maná (heroica): Yor <Void Hound of Shaffar>,,https://www.wowhead.com/tbc/es/item=31920,sí
Paladín,Reprensión,Anillos,4,30365,Overseer's Signet,Misión,Shutting Down Manaforge Ara (Netherstorm),,https://www.wowhead.com/tbc/es/item=30365,sí
Paladín,Reprensión,Anillos,5,23038,Band of Unnatural Forces,Banda clásica,Naxxramas (nivel 60): Loatheb,Contenido de nivel 60 (antes de TBC),https://www.wowhead.com/tbc/es/item=23038,no
Paladín,Reprensión,Anillos,6,31380,Acrobat's Mark of the Sha'tar,Misión,Battle of the Crimson Watch (Shadowmoon Valley),,https://www.wowhead.com/tbc/es/item=31380,sí
Paladín,Reprensión,Abalorios,1,29383,Bloodlust Brooch,Insignias,"Insignias de Justicia (G'eras, Shattrath)",,https://www.wowhead.com/tbc/es/item=29383,sí
Paladín,Reprensión,Abalorios,2,28034,Hourglass of the Unraveller,Mazmorra,La Ciénaga Negra: Temporus,,https://www.wowhead.com/tbc/es/item=28034,sí
Paladín,Reprensión,Abalorios,3,28288,Abacus of Violent Odds,Mazmorra,El Mechanar: Pathaleon the Calculator,,https://www.wowhead.com/tbc/es/item=28288,sí
Paladín,Reprensión,Abalorios,4,31856,Darkmoon Card: Crusade,Mazo de la Luna Negra,Se crea al completar un mazo (cartas de inscripción/botín); se entrega en la Feria de la Luna Negra,Disponible desde la fase 3,https://www.wowhead.com/tbc/es/item=31856,no
Paladín,Reprensión,Abalorios,5,22954,Kiss of the Spider,Banda clásica,Naxxramas (nivel 60): Maexxna,Contenido de nivel 60 (antes de TBC),https://www.wowhead.com/tbc/es/item=22954,no
Paladín,Reprensión,Abalorios,6,23041,Slayer's Crest,Banda clásica,Naxxramas (nivel 60): Sapphiron,Contenido de nivel 60 (antes de TBC),https://www.wowhead.com/tbc/es/item=23041,no
Paladín,Reprensión,Arma de dos manos,1,28429,Lionheart Champion,Profesión,Herrería,,https://www.wowhead.com/tbc/es/item=28429,sí
Paladín,Reprensión,Arma de dos manos,2,28441,Deep Thunder,Profesión,Herrería,,https://www.wowhead.com/tbc/es/item=28441,sí
Paladín,Reprensión,Arma de dos manos,3,29356,Quantum Blade,Mazmorra heroica,La Ciénaga Negra (heroica): Aeonus,,https://www.wowhead.com/tbc/es/item=29356,sí
Paladín,Reprensión,Arma de dos manos,4,31322,The Hammer of Destiny,Otro,Botín de mundo (épico aleatorio),,https://www.wowhead.com/tbc/es/item=31322,sí
Paladín,Reprensión,Arma de dos manos,5,23541,Khorium Champion,Profesión,Herrería,,https://www.wowhead.com/tbc/es/item=23541,sí
Paladín,Reprensión,Arma de dos manos,6,22798,Might of Menethil,Banda clásica,Naxxramas (nivel 60): Kel'Thuzad,Contenido de nivel 60 (antes de TBC),https://www.wowhead.com/tbc/es/item=22798,no
Paladín,Reprensión,Tratado,1,27484,Libram of Avengement,Mazmorra heroica,El Horno de Sangre (heroica): The Maker,,https://www.wowhead.com/tbc/es/item=27484,sí
Paladín,Reprensión,Tratado,2,22401,Libram of Hope,Mazmorra clásica,DireMaulEast: Isalien,Contenido de nivel 60 (antes de TBC),https://www.wowhead.com/tbc/es/item=22401,no
Paladín,Reprensión,Tratado,3,23203,Libram of Fervor,Sin confirmar,Reliquia de nivel 60 (época de Naxxramas); revisar en Wowhead,Contenido de nivel 60 (antes de TBC),https://www.wowhead.com/tbc/es/item=23203,?
Paladín,Reprensión,Tratado,4,22402,Libram of Grace,Banda clásica,Templo de Ahn'Qiraj: Fankriss the Unyielding,Contenido de nivel 60 (antes de TBC),https://www.wowhead.com/tbc/es/item=22402,no
Sacerdote,Sagrado (sanación),Cabeza,1,32090,Cowl of Naaru Blessings,Insignias,"Insignias de Justicia (G'eras, Shattrath)",,https://www.wowhead.com/tbc/es/item=32090,sí
Sacerdote,Sagrado (sanación),Cabeza,2,24264,Whitemend Hood,Profesión,Sastrería,,https://www.wowhead.com/tbc/es/item=24264,sí
Sacerdote,Sagrado (sanación),Cabeza,3,28413,Hallowed Crown,Mazmorra,El Arcatraz: Harbinger Skyriss,,https://www.wowhead.com/tbc/es/item=28413,sí
Sacerdote,Sagrado (sanación),Cabeza,4,29174,Watcher's Cowl,Reputación,Expedición Cenarion (Reverenciado),,https://www.wowhead.com/tbc/es/item=29174,sí
Sacerdote,Sagrado (sanación),Cabeza,5,31104,Evoker's Helmet of Second Sight,Misión,"Teron Gorefiend, I am... (Shadowmoon Valley)",,https://www.wowhead.com/tbc/es/item=31104,sí
Sacerdote,Sagrado (sanación),Hombros,1,32585,Swiftheal Mantle,Profesión,Sastrería,Receta disponible desde la fase 3,https://www.wowhead.com/tbc/es/item=32585,no
Sacerdote,Sagrado (sanación),Hombros,2,21874,Primal Mooncloth Shoulders,Profesión,Sastrería,,https://www.wowhead.com/tbc/es/item=21874,sí
Sacerdote,Sagrado (sanación),Hombros,3,27775,Hallowed Pauldrons,Mazmorra,Laberinto de las Sombras: Grandmaster Vorpil,,https://www.wowhead.com/tbc/es/item=27775,sí
Sacerdote,Sagrado (sanación),Hombros,4,27433,Pauldrons of Sufferance,Mazmorra,Antiguas Laderas de Trabalomas: Epoch Hunter,,https://www.wowhead.com/tbc/es/item=27433,sí
Sacerdote,Sagrado (sanación),Hombros,5,28250,Vestia's Pauldrons of Inner Grace,Mazmorra heroica,El Mechanar (heroica): Cache of the Legion,,https://www.wowhead.com/tbc/es/item=28250,sí
Sacerdote,Sagrado (sanación),Espalda,1,29354,Light-Touched Stole of Altruism,Mazmorra heroica,Criptas Auchenai (heroica): Exarch Maladaar,,https://www.wowhead.com/tbc/es/item=29354,sí
Sacerdote,Sagrado (sanación),Espalda,2,29375,Bishop's Cloak,Insignias,"Insignias de Justicia (G'eras, Shattrath)",,https://www.wowhead.com/tbc/es/item=29375,sí
Sacerdote,Sagrado (sanación),Espalda,3,24254,White Remedy Cape,Profesión,Sastrería,,https://www.wowhead.com/tbc/es/item=24254,sí
Sacerdote,Sagrado (sanación),Espalda,4,31329,Lifegiving Cloak,Otro,Botín de mundo (épico aleatorio),,https://www.wowhead.com/tbc/es/item=31329,sí
Sacerdote,Sagrado (sanación),Espalda,5,28373,Cloak of Scintillating Auras,Mazmorra,El Arcatraz: Zereketh the Unbound,,https://www.wowhead.com/tbc/es/item=28373,sí
Sacerdote,Sagrado (sanación),Espalda,6,27789,Cloak of Whispering Shells,Mazmorra,La Cámara de Vapor: Hydromancer Thespia,,https://www.wowhead.com/tbc/es/item=27789,sí
Sacerdote,Sagrado (sanación),Pecho,1,21875,Primal Mooncloth Robe,Profesión,Sastrería,,https://www.wowhead.com/tbc/es/item=21875,sí
Sacerdote,Sagrado (sanación),Pecho,2,28230,Hallowed Garments,Mazmorra,Laberinto de las Sombras: Murmur,,https://www.wowhead.com/tbc/es/item=28230,sí
Sacerdote,Sagrado (sanación),Pecho,3,24397,Raiments of Divine Authority,Mazmorra,El Horno de Sangre: Keli'dan the Breaker,,https://www.wowhead.com/tbc/es/item=24397,sí
Sacerdote,Sagrado (sanación),Pecho,4,27506,Robe of Effervescent Light,Mazmorra heroica,El Horno de Sangre (heroica): Keli'dan the Breaker,,https://www.wowhead.com/tbc/es/item=27506,sí
Sacerdote,Sagrado (sanación),Muñecas,1,32584,Swiftheal Wraps,Profesión,Sastrería,Receta disponible desde la fase 3,https://www.wowhead.com/tbc/es/item=32584,no
Sacerdote,Sagrado (sanación),Muñecas,2,29183,Bindings of the Timewalker,Reputación,Vigilantes del Tiempo (Exaltado),,https://www.wowhead.com/tbc/es/item=29183,sí
Sacerdote,Sagrado (sanación),Muñecas,3,29249,Bands of the Benevolent,Mazmorra heroica,Salas Sethekk (heroica): Talon King Ikiss,,https://www.wowhead.com/tbc/es/item=29249,sí
Sacerdote,Sagrado (sanación),Muñecas,4,24692,Elementalist Bracelets,Botín,Cofre (objeto del mundo),,https://www.wowhead.com/tbc/es/item=24692,sí
Sacerdote,Sagrado (sanación),Muñecas,5,28174,Shattrath Wraps,Misión,The Soul Devices (Auchindoun),,https://www.wowhead.com/tbc/es/item=28174,sí
Sacerdote,Sagrado (sanación),Manos,1,27536,Hallowed Handwraps,Mazmorra,Las Salas Arrasadas: Warchief Kargath Bladefist,,https://www.wowhead.com/tbc/es/item=27536,sí
Sacerdote,Sagrado (sanación),Manos,2,24393,Bloody Surgeon's Mitts,Mazmorra,El Horno de Sangre: Broggok,,https://www.wowhead.com/tbc/es/item=24393,sí
Sacerdote,Sagrado (sanación),Manos,3,28304,Prismatic Mittens of Mending,Mazmorra,El Invernáculo: Commander Sarannis,,https://www.wowhead.com/tbc/es/item=28304,sí
Sacerdote,Sagrado (sanación),Manos,4,29315,Gloves of Penitence,Misión,Levixus the Soul Caller (Auchindoun),,https://www.wowhead.com/tbc/es/item=29315,sí
Sacerdote,Sagrado (sanación),Cintura,1,30036,Belt of the Long Road,Profesión,Sastrería,Receta disponible desde la fase 2,https://www.wowhead.com/tbc/es/item=30036,no
Sacerdote,Sagrado (sanación),Cintura,2,21873,Primal Mooncloth Belt,Profesión,Sastrería,,https://www.wowhead.com/tbc/es/item=21873,sí
Sacerdote,Sagrado (sanación),Cintura,3,29250,Cord of Sanctification,Mazmorra heroica,Antiguas Laderas de Trabalomas (heroica): Epoch Hunter,,https://www.wowhead.com/tbc/es/item=29250,sí
Sacerdote,Sagrado (sanación),Cintura,4,27542,Cord of Belief,Mazmorra heroica,Recinto de los Esclavos (heroica): Mennu the Betrayer,,https://www.wowhead.com/tbc/es/item=27542,sí
Sacerdote,Sagrado (sanación),Cintura,5,27843,Glyph-Lined Sash,Mazmorra heroica,Tumbas de Maná (heroica): Nexus-Prince Shaffar,,https://www.wowhead.com/tbc/es/item=27843,sí
Sacerdote,Sagrado (sanación),Piernas,1,33585,Achromic Trousers of the Naaru,Insignias,Insignias de Justicia (vendedor de fase 4),Disponible solo en fases posteriores,https://www.wowhead.com/tbc/es/item=33585,no
Sacerdote,Sagrado (sanación),Piernas,2,30727,Gilded Trousers of Benediction,Banda,Jefe de mundo: Doomwalker,"Es de banda, no es pre-raid",https://www.wowhead.com/tbc/es/item=30727,no
Sacerdote,Sagrado (sanación),Piernas,3,30543,Pontifex Kilt,Mazmorra heroica,La Cámara de Vapor (heroica): Warlord Kalithresh,,https://www.wowhead.com/tbc/es/item=30543,sí
Sacerdote,Sagrado (sanación),Piernas,4,27875,Hallowed Trousers,Mazmorra,Salas Sethekk: Talon King Ikiss,,https://www.wowhead.com/tbc/es/item=27875,sí
Sacerdote,Sagrado (sanación),Piernas,5,24261,Whitemend Pants,Profesión,Sastrería,,https://www.wowhead.com/tbc/es/item=24261,sí
Sacerdote,Sagrado (sanación),Piernas,6,28185,Khadgar's Kilt of Abjuration,Mazmorra,La Ciénaga Negra: Temporus,,https://www.wowhead.com/tbc/es/item=28185,sí
Sacerdote,Sagrado (sanación),Pies,1,30035,Boots of the Long Road,Profesión,Sastrería,Receta disponible desde la fase 2,https://www.wowhead.com/tbc/es/item=30035,no
Sacerdote,Sagrado (sanación),Pies,2,29251,Boots of the Pious,Mazmorra heroica,El Mechanar (heroica): Pathaleon the Calculator,,https://www.wowhead.com/tbc/es/item=29251,sí
Sacerdote,Sagrado (sanación),Pies,3,27411,Slippers of Serenity,Mazmorra,Criptas Auchenai: Exarch Maladaar,,https://www.wowhead.com/tbc/es/item=27411,sí
Sacerdote,Sagrado (sanación),Pies,4,28179,Shattrath Jumpers,Misión,Into the Heart of the Labyrinth (Auchindoun),,https://www.wowhead.com/tbc/es/item=28179,sí
Sacerdote,Sagrado (sanación),Cuello,1,30726,Archaic Charm of Presence,Banda,Jefe de mundo: Doomwalker,"Es de banda, no es pre-raid",https://www.wowhead.com/tbc/es/item=30726,no
Sacerdote,Sagrado (sanación),Cuello,2,29374,Necklace of Eternal Hope,Insignias,"Insignias de Justicia (G'eras, Shattrath)",,https://www.wowhead.com/tbc/es/item=29374,sí
Sacerdote,Sagrado (sanación),Cuello,3,30377,Karja's Medallion,Misión,Shutting Down Manaforge Ara (Netherstorm),,https://www.wowhead.com/tbc/es/item=30377,sí
Sacerdote,Sagrado (sanación),Cuello,4,28233,Necklace of Resplendent Hope,Mazmorra heroica,Antiguas Laderas de Trabalomas (heroica): Epoch Hunter,,https://www.wowhead.com/tbc/es/item=28233,sí
Sacerdote,Sagrado (sanación),Cuello,5,31691,Natasha's Guardian Cord,Misión,The Hound-Master (Blade's Edge Mountains),,https://www.wowhead.com/tbc/es/item=31691,sí
Sacerdote,Sagrado (sanación),Cuello,6,27766,Swampstone Necklace,Mazmorra heroica,La Sotiénaga (heroica): Swamplord Musel'ek,,https://www.wowhead.com/tbc/es/item=27766,sí
Sacerdote,Sagrado (sanación),Anillos,1,29373,Band of Halos,Insignias,"Insignias de Justicia (G'eras, Shattrath)",,https://www.wowhead.com/tbc/es/item=29373,sí
Sacerdote,Sagrado (sanación),Anillos,2,29168,Ancestral Band,Reputación,Thrallmar (Reverenciado),,https://www.wowhead.com/tbc/es/item=29168,sí
Sacerdote,Sagrado (sanación),Anillos,3,32535,Gift of the Talonpriests,Botín,Terokk,,https://www.wowhead.com/tbc/es/item=32535,sí
Sacerdote,Sagrado (sanación),Anillos,4,31923,Band of the Crystalline Void,Mazmorra heroica,Tumbas de Maná (heroica): Yor <Void Hound of Shaffar>,,https://www.wowhead.com/tbc/es/item=31923,sí
Sacerdote,Sagrado (sanación),Anillos,5,31383,Spiritualist's Mark of the Sha'tar,Misión,Battle of the Crimson Watch (Shadowmoon Valley),,https://www.wowhead.com/tbc/es/item=31383,sí
Sacerdote,Sagrado (sanación),Anillos,6,29322,Keeper's Ring of Piety,Misión,Hero of the Brood (Caverns of Time),,https://www.wowhead.com/tbc/es/item=29322,sí
Sacerdote,Sagrado (sanación),Abalorios,1,29376,Essence of the Martyr,Insignias,"Insignias de Justicia (G'eras, Shattrath)",,https://www.wowhead.com/tbc/es/item=29376,sí
Sacerdote,Sagrado (sanación),Abalorios,2,19288,Darkmoon Card: Blue Dragon,Mazo de la Luna Negra,Se crea al completar un mazo (cartas de inscripción/botín); se entrega en la Feria de la Luna Negra,,https://www.wowhead.com/tbc/es/item=19288,sí
Sacerdote,Sagrado (sanación),Abalorios,3,28590,Ribbon of Sacrifice,Banda,Karazhan: The Wizard of Oz / Karazhan: The Big Bad Wolf / Karazhan: Romulo and Julianne,"Es de banda, no es pre-raid",https://www.wowhead.com/tbc/es/item=28590,no
Sacerdote,Sagrado (sanación),Abalorios,4,28190,Scarab of the Infinite Cycle,Mazmorra,La Ciénaga Negra: Aeonus,,https://www.wowhead.com/tbc/es/item=28190,sí
Sacerdote,Sagrado (sanación),Abalorios,5,23047,Eye of the Dead,Banda clásica,Naxxramas (nivel 60): Sapphiron,Contenido de nivel 60 (antes de TBC),https://www.wowhead.com/tbc/es/item=23047,no
Sacerdote,Sagrado (sanación),Abalorios,6,30841,Lower City Prayerbook,Reputación,Bajo Arrabal (Reverenciado),,https://www.wowhead.com/tbc/es/item=30841,sí
Sacerdote,Sagrado (sanación),Mano principal / dos manos,1,30732,Exodar Life-Staff,Banda,Jefe de mundo: Doom Lord Kazzak,"Es de banda, no es pre-raid",https://www.wowhead.com/tbc/es/item=30732,no
Sacerdote,Sagrado (sanación),Mano principal / dos manos,2,23556,Hand of Eternity,Profesión,Herrería,,https://www.wowhead.com/tbc/es/item=23556,sí
Sacerdote,Sagrado (sanación),Mano principal / dos manos,3,29353,Shockwave Truncheon,Mazmorra heroica,Laberinto de las Sombras (heroica): Murmur,,https://www.wowhead.com/tbc/es/item=29353,sí
Sacerdote,Sagrado (sanación),Mano principal / dos manos,4,31342,The Ancient Scepter of Sue-Min,Otro,Botín de mundo (épico aleatorio),,https://www.wowhead.com/tbc/es/item=31342,sí
Sacerdote,Sagrado (sanación),Mano principal / dos manos,5,29175,Gavel of Pure Light,Reputación,Los Sha'tar (Exaltado),,https://www.wowhead.com/tbc/es/item=29175,sí
Sacerdote,Sagrado (sanación),Mano principal / dos manos,6,31304,The Essence Focuser,Botín,Cofre (objeto del mundo),,https://www.wowhead.com/tbc/es/item=31304,sí
Sacerdote,Sagrado (sanación),Varita,1,27885,Soul-Wand of the Aldor,Mazmorra,Laberinto de las Sombras: Ambassador Hellmaw,,https://www.wowhead.com/tbc/es/item=27885,sí
Sacerdote,Sagrado (sanación),Varita,2,25295,Flawless Wand,Botín,Cofre (objeto del mundo),,https://www.wowhead.com/tbc/es/item=25295,sí
Sacerdote,Sagrado (sanación),Varita,3,29779,Rejuvenating Scepter,Misión,Ar'kelos the Guardian (Netherstorm),,https://www.wowhead.com/tbc/es/item=29779,sí
Sacerdote,Sagrado (sanación),Mano izquierda,1,33325,Voodoo Shaker,Insignias,Insignias de Justicia (vendedor de fase 4),Disponible solo en fases posteriores,https://www.wowhead.com/tbc/es/item=33325,no
Sacerdote,Sagrado (sanación),Mano izquierda,2,29170,Windcaller's Orb,Reputación,Expedición Cenarion (Exaltado),,https://www.wowhead.com/tbc/es/item=29170,sí
Sacerdote,Sagrado (sanación),Mano izquierda,3,29274,Tears of Heaven,Insignias,"Insignias de Justicia (G'eras, Shattrath)",,https://www.wowhead.com/tbc/es/item=29274,sí
Sacerdote,Sagrado (sanación),Mano izquierda,4,27477,Faol's Signet of Cleansing,Mazmorra heroica,Murallas del Fuego Infernal (heroica): Omor the Unscarred,,https://www.wowhead.com/tbc/es/item=27477,sí
Sacerdote,Sagrado (sanación),Mano izquierda,5,28213,Lordaeron Medical Guide,Mazmorra heroica,Antiguas Laderas de Trabalomas (heroica): Lieutenant Drake,,https://www.wowhead.com/tbc/es/item=28213,sí
Sacerdote,Sagrado (sanación),Mano izquierda,6,27714,Swamplight Lantern,Mazmorra heroica,Recinto de los Esclavos (heroica): Quagmirran,,https://www.wowhead.com/tbc/es/item=27714,sí
Sacerdote,Sombra,Cabeza,1,32494,Destruction Holo-gogs,Profesión,Ingeniería,Receta disponible desde la fase 2,https://www.wowhead.com/tbc/es/item=32494,no
Sacerdote,Sombra,Cabeza,2,24266,Spellstrike Hood,Profesión,Sastrería,,https://www.wowhead.com/tbc/es/item=24266,sí
Sacerdote,Sombra,Cabeza,3,31104,Evoker's Helmet of Second Sight,Misión,"Teron Gorefiend, I am... (Shadowmoon Valley)",,https://www.wowhead.com/tbc/es/item=31104,sí
Sacerdote,Sombra,Cabeza,4,28415,Hood of Oblivion,Mazmorra,El Arcatraz: Harbinger Skyriss,,https://www.wowhead.com/tbc/es/item=28415,sí
Sacerdote,Sombra,Cabeza,5,28183,Hydromancer's Headwrap,Misión,The Warlord's Hideout (The Steamvault),,https://www.wowhead.com/tbc/es/item=28183,sí
Sacerdote,Sombra,Cabeza,6,28169,Mag'hari Ritualist's Horns,Misión,Hero of the Mag'har (Nagrand),,https://www.wowhead.com/tbc/es/item=28169,sí
Sacerdote,Sombra,Hombros,1,21869,Frozen Shadoweave Shoulders,Profesión,Sastrería,,https://www.wowhead.com/tbc/es/item=21869,sí
Sacerdote,Sombra,Hombros,2,27778,Spaulders of Oblivion,Mazmorra,Laberinto de las Sombras: Murmur,,https://www.wowhead.com/tbc/es/item=27778,sí
Sacerdote,Sombra,Hombros,3,31162,Felstone Mantle,Botín,Morcrush (criatura rara o jefe de mundo de Terrallende),,https://www.wowhead.com/tbc/es/item=31162,sí
Sacerdote,Sombra,Hombros,4,24691,Elementalist Mantle,Botín,Cofre (objeto del mundo),,https://www.wowhead.com/tbc/es/item=24691,sí
Sacerdote,Sombra,Hombros,5,30925,Spaulders of the Torn-heart,Misión,The Cipher of Damnation - The Third Fragment Recovered (Shadowmoon Valley),,https://www.wowhead.com/tbc/es/item=30925,sí
Sacerdote,Sombra,Espalda,1,31201,Illidari Cloak,Botín,Chief Engineer Lorthander (criatura rara o jefe de mundo de Terrallende),,https://www.wowhead.com/tbc/es/item=31201,sí
Sacerdote,Sombra,Espalda,2,25043,Amber Cape,Botín,Cofre (objeto del mundo),,https://www.wowhead.com/tbc/es/item=25043,sí
Sacerdote,Sombra,Espalda,3,25042,Nether Cloak,Sin confirmar,Fuente sin confirmar; revisar en Wowhead,,https://www.wowhead.com/tbc/es/item=25042,?
Sacerdote,Sombra,Espalda,4,24252,Cloak of the Black Void,Profesión,Sastrería,,https://www.wowhead.com/tbc/es/item=24252,sí
Sacerdote,Sombra,Espalda,5,32541,Terokk's Wisdom,Botín,Terokk,,https://www.wowhead.com/tbc/es/item=32541,sí
Sacerdote,Sombra,Pecho,1,21871,Frozen Shadoweave Robe,Profesión,Sastrería,,https://www.wowhead.com/tbc/es/item=21871,sí
Sacerdote,Sombra,Pecho,2,28232,Robe of Oblivion,Mazmorra,Laberinto de las Sombras: Murmur,,https://www.wowhead.com/tbc/es/item=28232,sí
Sacerdote,Sombra,Pecho,3,31297,Robe of the Crimson Order,Botín,Cofre (objeto del mundo),,https://www.wowhead.com/tbc/es/item=31297,sí
Sacerdote,Sombra,Pecho,4,29341,Auchenai Anchorite's Robe,Misión,Everything Will Be Alright (Auchenai Crypts),,https://www.wowhead.com/tbc/es/item=29341,sí
Sacerdote,Sombra,Pecho,5,28342,Warp Infused Drape,Mazmorra,El Invernáculo: Warp Splinter,,https://www.wowhead.com/tbc/es/item=28342,sí
Sacerdote,Sombra,Muñecas,1,31225,Illidari Bindings,Botín,Ambassador Jerrikar (criatura rara o jefe de mundo de Terrallende),,https://www.wowhead.com/tbc/es/item=31225,sí
Sacerdote,Sombra,Muñecas,2,24692,Elementalist Bracelets,Botín,Cofre (objeto del mundo),,https://www.wowhead.com/tbc/es/item=24692,sí
Sacerdote,Sombra,Muñecas,3,24684,Archmage Bracelets,Sin confirmar,Fuente sin confirmar; revisar en Wowhead,,https://www.wowhead.com/tbc/es/item=24684,?
Sacerdote,Sombra,Muñecas,4,24250,Bracers of Havok,Profesión,Sastrería,,https://www.wowhead.com/tbc/es/item=24250,sí
Sacerdote,Sombra,Muñecas,5,32655,Crystalweave Bracers,Sin confirmar,Fuente sin confirmar; revisar en Wowhead,Disponible desde la fase 2,https://www.wowhead.com/tbc/es/item=32655,?
Sacerdote,Sombra,Muñecas,6,27746,Arcanium Signet Bands,Mazmorra heroica,La Sotiénaga (heroica): Hungarfen,,https://www.wowhead.com/tbc/es/item=27746,sí
Sacerdote,Sombra,Manos,1,31166,Nethersteel-Lined Handwraps,Botín,Speaker Mar'grom (criatura rara o jefe de mundo de Terrallende),,https://www.wowhead.com/tbc/es/item=31166,sí
Sacerdote,Sombra,Manos,2,24688,Elementalist Gloves,Botín,Cofre (objeto del mundo),,https://www.wowhead.com/tbc/es/item=24688,sí
Sacerdote,Sombra,Manos,3,24680,Archmage Gloves,Sin confirmar,Fuente sin confirmar; revisar en Wowhead,,https://www.wowhead.com/tbc/es/item=24680,?
Sacerdote,Sombra,Manos,4,29317,Tempest's Touch,Misión,Return to Andormu (Caverns of Time),,https://www.wowhead.com/tbc/es/item=29317,sí
Sacerdote,Sombra,Manos,5,27889,Jaedenfire Gloves of Annihilation,Mazmorra,Laberinto de las Sombras: Ambassador Hellmaw,,https://www.wowhead.com/tbc/es/item=27889,sí
Sacerdote,Sombra,Manos,6,21585,Dark Storm Gauntlets,Banda clásica,Templo de Ahn'Qiraj: C'Thun,Contenido de nivel 60 (antes de TBC),https://www.wowhead.com/tbc/es/item=21585,no
Sacerdote,Sombra,Cintura,1,30038,Belt of Blasting,Profesión,Sastrería,Receta disponible desde la fase 2,https://www.wowhead.com/tbc/es/item=30038,no
Sacerdote,Sombra,Cintura,2,24256,Girdle of Ruination,Profesión,Sastrería,,https://www.wowhead.com/tbc/es/item=24256,sí
Sacerdote,Sombra,Cintura,3,27843,Glyph-Lined Sash,Mazmorra heroica,Tumbas de Maná (heroica): Nexus-Prince Shaffar,,https://www.wowhead.com/tbc/es/item=27843,sí
Sacerdote,Sombra,Cintura,4,31461,A'dal's Gift,Misión,How to Break Into the Arcatraz (Tempest Keep),,https://www.wowhead.com/tbc/es/item=31461,sí
Sacerdote,Sombra,Cintura,5,31199,Voidweave Cilice,Botín,Voidhunter Yar (criatura rara o jefe de mundo de Terrallende),,https://www.wowhead.com/tbc/es/item=31199,sí
Sacerdote,Sombra,Cintura,6,24685,Elementalist Belt,Botín,Cofre (objeto del mundo),,https://www.wowhead.com/tbc/es/item=24685,sí
Sacerdote,Sombra,Piernas,1,24262,Spellstrike Pants,Profesión,Sastrería,,https://www.wowhead.com/tbc/es/item=24262,sí
Sacerdote,Sombra,Piernas,2,30531,Breeches of the Occultist,Mazmorra heroica,La Ciénaga Negra (heroica): Aeonus,,https://www.wowhead.com/tbc/es/item=30531,sí
Sacerdote,Sombra,Piernas,3,30532,Kirin Tor Master's Trousers,Mazmorra heroica,Laberinto de las Sombras (heroica): Murmur,,https://www.wowhead.com/tbc/es/item=30532,sí
Sacerdote,Sombra,Piernas,4,31212,Chimaerahide Leggings,Botín,Nuramoc (criatura rara o jefe de mundo de Terrallende),,https://www.wowhead.com/tbc/es/item=31212,sí
Sacerdote,Sombra,Piernas,5,24690,Elementalist Leggings,Botín,Cofre (objeto del mundo),,https://www.wowhead.com/tbc/es/item=24690,sí
Sacerdote,Sombra,Piernas,6,28185,Khadgar's Kilt of Abjuration,Mazmorra,La Ciénaga Negra: Temporus,,https://www.wowhead.com/tbc/es/item=28185,sí
Sacerdote,Sombra,Pies,1,21870,Frozen Shadoweave Boots,Profesión,Sastrería,,https://www.wowhead.com/tbc/es/item=21870,sí
Sacerdote,Sombra,Pies,2,28179,Shattrath Jumpers,Misión,Into the Heart of the Labyrinth (Auchindoun),,https://www.wowhead.com/tbc/es/item=28179,sí
Sacerdote,Sombra,Pies,3,35581,Rocket Boots Xtreme Lite,Profesión,Ingeniería,,https://www.wowhead.com/tbc/es/item=35581,sí
Sacerdote,Sombra,Pies,4,31216,Abyssal Cloth Footwraps,Botín,Kraator (criatura rara o jefe de mundo de Terrallende),,https://www.wowhead.com/tbc/es/item=31216,sí
Sacerdote,Sombra,Pies,5,24686,Elementalist Boots,Botín,Cofre (objeto del mundo),,https://www.wowhead.com/tbc/es/item=24686,sí
Sacerdote,Sombra,Cuello,1,18814,Choker of the Fire Lord,Banda clásica,Núcleo de Magma: Ragnaros,Contenido de nivel 60 (antes de TBC),https://www.wowhead.com/tbc/es/item=18814,no
Sacerdote,Sombra,Cuello,2,33921,Vindicator's Pendant of Dominance,JcJ,Arena temporada 3,Disponible desde la fase 3,https://www.wowhead.com/tbc/es/item=33921,no
Sacerdote,Sombra,Cuello,3,31693,Natasha's Arcane Filament,Misión,The Hound-Master (Blade's Edge Mountains),,https://www.wowhead.com/tbc/es/item=31693,sí
Sacerdote,Sombra,Cuello,4,24121,Chain of the Twilight Owl,Profesión,Joyería,,https://www.wowhead.com/tbc/es/item=24121,sí
Sacerdote,Sombra,Cuello,5,24116,Eye of the Night,Profesión,Joyería,,https://www.wowhead.com/tbc/es/item=24116,sí
Sacerdote,Sombra,Cuello,6,31692,Natasha's Ember Necklace,Misión,The Hound-Master (Blade's Edge Mountains),,https://www.wowhead.com/tbc/es/item=31692,sí
Sacerdote,Sombra,Anillos,1,21709,Ring of the Fallen God,Banda clásica,Templo de Ahn'Qiraj: C'Thun,Contenido de nivel 60 (antes de TBC),https://www.wowhead.com/tbc/es/item=21709,no
Sacerdote,Sombra,Anillos,2,23031,Band of the Inevitable,Banda clásica,Naxxramas (nivel 60): Noth the Plaguebringer,Contenido de nivel 60 (antes de TBC),https://www.wowhead.com/tbc/es/item=23031,no
Sacerdote,Sombra,Anillos,3,29352,Cobalt Band of Tyrigosa,Mazmorra heroica,Tumbas de Maná (heroica): Nexus-Prince Shaffar,,https://www.wowhead.com/tbc/es/item=29352,sí
Sacerdote,Sombra,Anillos,4,32941,Corruptor's Signet,Botín,Shartuul,,https://www.wowhead.com/tbc/es/item=32941,sí
Sacerdote,Sombra,Anillos,5,28555,Seal of the Exorcist,JcJ,JcJ de mundo: Terokkar (Fichas de Espíritu),,https://www.wowhead.com/tbc/es/item=28555,sí
Sacerdote,Sombra,Anillos,6,19434,Band of Dark Dominion,Banda clásica,Guarida de Alanegra: Trash,Contenido de nivel 60 (antes de TBC),https://www.wowhead.com/tbc/es/item=19434,no
Sacerdote,Sombra,Abalorios,1,29370,Icon of the Silver Crescent,Insignias,"Insignias de Justicia (G'eras, Shattrath)",,https://www.wowhead.com/tbc/es/item=29370,sí
Sacerdote,Sombra,Abalorios,2,31856,Darkmoon Card: Crusade,Mazo de la Luna Negra,Se crea al completar un mazo (cartas de inscripción/botín); se entrega en la Feria de la Luna Negra,Disponible desde la fase 3,https://www.wowhead.com/tbc/es/item=31856,no
Sacerdote,Sombra,Abalorios,3,23207,Mark of the Champion,Banda clásica,Naxxramas (nivel 60): Kel'Thuzad,Contenido de nivel 60 (antes de TBC),https://www.wowhead.com/tbc/es/item=23207,no
Sacerdote,Sombra,Abalorios,4,27683,Quagmirran's Eye,Mazmorra heroica,Recinto de los Esclavos (heroica): Quagmirran,,https://www.wowhead.com/tbc/es/item=27683,sí
Sacerdote,Sombra,Abalorios,5,23046,The Restrained Essence of Sapphiron,Banda clásica,Naxxramas (nivel 60): Sapphiron,Contenido de nivel 60 (antes de TBC),https://www.wowhead.com/tbc/es/item=23046,no
Sacerdote,Sombra,Abalorios,6,19379,Neltharion's Tear,Banda clásica,Guarida de Alanegra: Nefarian,Contenido de nivel 60 (antes de TBC),https://www.wowhead.com/tbc/es/item=19379,no
Sacerdote,Sombra,Mano principal / dos manos,1,30832,Gavel of Unearthed Secrets,Reputación,Bajo Arrabal (Exaltado),,https://www.wowhead.com/tbc/es/item=30832,sí
Sacerdote,Sombra,Mano principal / dos manos,2,23554,Eternium Runed Blade,Profesión,Herrería,,https://www.wowhead.com/tbc/es/item=23554,sí
Sacerdote,Sombra,Mano principal / dos manos,3,30723,Talon of the Tempest,Banda,Jefe de mundo: Doomwalker,"Es de banda, no es pre-raid",https://www.wowhead.com/tbc/es/item=30723,no
Sacerdote,Sombra,Mano principal / dos manos,4,33687,Vengeful Gladiator's Gavel,JcJ,Arena temporada 3 (Gladiador vengativo): puntos de arena y honor,Arena temporada 3: fase 3 en adelante,https://www.wowhead.com/tbc/es/item=33687,no
Sacerdote,Sombra,Mano principal / dos manos,5,32963,Merciless Gladiator's Gavel,JcJ,Arena temporada 2 (Gladiador despiadado): puntos de arena y honor,Arena temporada 2: fase 2 en adelante,https://www.wowhead.com/tbc/es/item=32963,no
Sacerdote,Sombra,Mano principal / dos manos,6,32450,Gladiator's Gavel,JcJ,Arena temporada 1 (Gladiador): puntos de arena y honor,,https://www.wowhead.com/tbc/es/item=32450,sí
Sacerdote,Sombra,Mano izquierda,1,29272,Orb of the Soul-Eater,Insignias,"Insignias de Justicia (G'eras, Shattrath)",,https://www.wowhead.com/tbc/es/item=29272,sí
Sacerdote,Sombra,Mano izquierda,2,29273,Khadgar's Knapsack,Insignias,"Insignias de Justicia (G'eras, Shattrath)",,https://www.wowhead.com/tbc/es/item=29273,sí
Sacerdote,Sombra,Mano izquierda,3,25099,Draenei Crystal Rod,Botín,Cofre (objeto del mundo),,https://www.wowhead.com/tbc/es/item=25099,sí
Sacerdote,Sombra,Mano izquierda,4,19309,Tome of Shadow Force,Vendedor,"Gaelden Hammersmith (Alterac Valley), Thanthaldis Snowgleam (Alterac Mountains), Grunnda Wolfheart (Alterac Valley)",,https://www.wowhead.com/tbc/es/item=19309,sí
Sacerdote,Sombra,Varita,1,32872,Illidari Rod of Discipline,Misión,Subdue the Subduer (Shadowmoon Valley),,https://www.wowhead.com/tbc/es/item=32872,sí
Sacerdote,Sombra,Varita,2,25295,Flawless Wand,Botín,Cofre (objeto del mundo),,https://www.wowhead.com/tbc/es/item=25295,sí
Sacerdote,Sombra,Varita,3,25294,Dragonscale Wand,Sin confirmar,Fuente sin confirmar; revisar en Wowhead,,https://www.wowhead.com/tbc/es/item=25294,?
Sacerdote,Sombra,Varita,4,29350,The Black Stalk,Mazmorra heroica,La Sotiénaga (heroica): The Black Stalker,,https://www.wowhead.com/tbc/es/item=29350,sí
Sacerdote,Sombra,Varita,5,30859,Wand of the Seer,Misión,Turning Point (Netherstorm),,https://www.wowhead.com/tbc/es/item=30859,sí
Sacerdote,Sombra,Varita,6,28386,Nether Core's Control Rod,Mazmorra,El Arcatraz: Dalliah the Doomsayer,,https://www.wowhead.com/tbc/es/item=28386,sí
Pícaro,DPS (Combate/Asesinato),Cabeza,1,32478,Deathblow X11 Goggles,Profesión,Ingeniería,Receta disponible desde la fase 2,https://www.wowhead.com/tbc/es/item=32478,no
Pícaro,DPS (Combate/Asesinato),Cabeza,2,28224,Wastewalker Helm,Mazmorra heroica,Antiguas Laderas de Trabalomas (heroica): Epoch Hunter,,https://www.wowhead.com/tbc/es/item=28224,sí
Pícaro,DPS (Combate/Asesinato),Cabeza,3,32087,Mask of the Deceiver,Insignias,"Insignias de Justicia (G'eras, Shattrath)",,https://www.wowhead.com/tbc/es/item=32087,sí
Pícaro,DPS (Combate/Asesinato),Cabeza,4,28182,Helm of the Claw,Misión,The Warlord's Hideout (The Steamvault),,https://www.wowhead.com/tbc/es/item=28182,sí
Pícaro,DPS (Combate/Asesinato),Hombros,1,27797,Wastewalker Shoulderpads,Mazmorra heroica,Criptas Auchenai (heroica): Avatar of the Martyred,,https://www.wowhead.com/tbc/es/item=27797,sí
Pícaro,DPS (Combate/Asesinato),Hombros,2,25790,Expedition Scout's Epaulets,Misión,Fel Embers (Hellfire Citadel),,https://www.wowhead.com/tbc/es/item=25790,sí
Pícaro,DPS (Combate/Asesinato),Hombros,3,29148,Blackened Leather Spaulders,Reputación,Kurenai (Reverenciado),,https://www.wowhead.com/tbc/es/item=29148,sí
Pícaro,DPS (Combate/Asesinato),Hombros,4,29147,Talbuk Hide Spaulders,Reputación,Los Mag'har (Reverenciado),,https://www.wowhead.com/tbc/es/item=29147,sí
Pícaro,DPS (Combate/Asesinato),Espalda,1,24259,Vengeance Wrap,Profesión,Sastrería,,https://www.wowhead.com/tbc/es/item=24259,sí
Pícaro,DPS (Combate/Asesinato),Espalda,2,27878,Auchenai Death Shroud,Mazmorra heroica,Criptas Auchenai (heroica): Avatar of the Martyred,,https://www.wowhead.com/tbc/es/item=27878,sí
Pícaro,DPS (Combate/Asesinato),Espalda,3,29382,Blood Knight War Cloak,Insignias,"Insignias de Justicia (G'eras, Shattrath)",,https://www.wowhead.com/tbc/es/item=29382,sí
Pícaro,DPS (Combate/Asesinato),Espalda,4,28032,Delicate Green Poncho,Misión,Bring Me The Egg! (Nagrand),,https://www.wowhead.com/tbc/es/item=28032,sí
Pícaro,DPS (Combate/Asesinato),Pecho,1,28264,Wastewalker Tunic,Mazmorra heroica,El Horno de Sangre (heroica): Keli'dan the Breaker,,https://www.wowhead.com/tbc/es/item=28264,sí
Pícaro,DPS (Combate/Asesinato),Pecho,2,29525,Primalstrike Vest,Profesión,Peletería,,https://www.wowhead.com/tbc/es/item=29525,sí
Pícaro,DPS (Combate/Asesinato),Pecho,3,30933,Hauberk of Karabor,Misión,Varedis Must Be Stopped (Shadowmoon Valley),,https://www.wowhead.com/tbc/es/item=30933,sí
Pícaro,DPS (Combate/Asesinato),Muñecas,1,32647,Shard-bound Bracers,Reputación,Ogri'la (Exaltado),Disponible desde la fase 2,https://www.wowhead.com/tbc/es/item=32647,no
Pícaro,DPS (Combate/Asesinato),Muñecas,2,29246,Nightfall Wristguards,Mazmorra heroica,Antiguas Laderas de Trabalomas (heroica): Epoch Hunter,,https://www.wowhead.com/tbc/es/item=29246,sí
Pícaro,DPS (Combate/Asesinato),Muñecas,3,29527,Primalstrike Bracers,Profesión,Peletería,,https://www.wowhead.com/tbc/es/item=29527,sí
Pícaro,DPS (Combate/Asesinato),Muñecas,4,28171,Spymistress's Wristguards,Misión,The Soul Devices (Auchindoun),,https://www.wowhead.com/tbc/es/item=28171,sí
Pícaro,DPS (Combate/Asesinato),Manos,1,25685,Fel Leather Gloves,Profesión,Peletería,,https://www.wowhead.com/tbc/es/item=25685,sí
Pícaro,DPS (Combate/Asesinato),Manos,2,27531,Wastewalker Gloves,Mazmorra,Las Salas Arrasadas: Warchief Kargath Bladefist,,https://www.wowhead.com/tbc/es/item=27531,sí
Pícaro,DPS (Combate/Asesinato),Manos,3,30003,Gloves of the Nether-Stalker,Misión,Dealing with the Overmaster (Netherstorm),,https://www.wowhead.com/tbc/es/item=30003,sí
Pícaro,DPS (Combate/Asesinato),Cintura,1,29247,Girdle of the Deathdealer,Mazmorra heroica,La Ciénaga Negra (heroica): Aeonus,,https://www.wowhead.com/tbc/es/item=29247,sí
Pícaro,DPS (Combate/Asesinato),Cintura,2,29526,Primalstrike Belt,Profesión,Peletería,,https://www.wowhead.com/tbc/es/item=29526,sí
Pícaro,DPS (Combate/Asesinato),Cintura,3,30372,Socrethar's Girdle,Misión,Turning Point (Netherstorm),,https://www.wowhead.com/tbc/es/item=30372,sí
Pícaro,DPS (Combate/Asesinato),Cintura,4,31464,Naaru Belt of Precision,Misión,How to Break Into the Arcatraz (Tempest Keep),,https://www.wowhead.com/tbc/es/item=31464,sí
Pícaro,DPS (Combate/Asesinato),Piernas,1,27837,Wastewalker Leggings,Mazmorra heroica,Tumbas de Maná (heroica): Nexus-Prince Shaffar,,https://www.wowhead.com/tbc/es/item=27837,sí
Pícaro,DPS (Combate/Asesinato),Piernas,2,25687,Fel Leather Leggings,Profesión,Peletería,,https://www.wowhead.com/tbc/es/item=25687,sí
Pícaro,DPS (Combate/Asesinato),Piernas,3,31544,Clefthoof Hide Leggings,Misión,Showdown (Blade's Edge Mountains),,https://www.wowhead.com/tbc/es/item=31544,sí
Pícaro,DPS (Combate/Asesinato),Pies,1,25686,Fel Leather Boots,Profesión,Peletería,,https://www.wowhead.com/tbc/es/item=25686,sí
Pícaro,DPS (Combate/Asesinato),Pies,2,30939,Felboar Hide Shoes,Misión,The Cipher of Damnation - The Third Fragment Recovered (Shadowmoon Valley),,https://www.wowhead.com/tbc/es/item=30939,sí
Pícaro,DPS (Combate/Asesinato),Cuello,1,29381,Choker of Vile Intent,Insignias,"Insignias de Justicia (G'eras, Shattrath)",,https://www.wowhead.com/tbc/es/item=29381,sí
Pícaro,DPS (Combate/Asesinato),Cuello,2,24114,Braided Eternium Chain,Profesión,Joyería,,https://www.wowhead.com/tbc/es/item=24114,sí
Pícaro,DPS (Combate/Asesinato),Cuello,3,25562,Earthen Mark of Razing,Misión,Gurok the Usurper (Nagrand),,https://www.wowhead.com/tbc/es/item=25562,sí
Pícaro,DPS (Combate/Asesinato),Cuello,4,19377,Prestor's Talisman of Connivery,Banda clásica,Guarida de Alanegra: Nefarian,Contenido de nivel 60 (antes de TBC),https://www.wowhead.com/tbc/es/item=19377,no
Pícaro,DPS (Combate/Asesinato),Anillos,1,31920,Shaffar's Band of Brutality,Mazmorra heroica,Tumbas de Maná (heroica): Yor <Void Hound of Shaffar>,,https://www.wowhead.com/tbc/es/item=31920,sí
Pícaro,DPS (Combate/Asesinato),Anillos,2,30834,Shapeshifter's Signet,Reputación,Bajo Arrabal (Exaltado),,https://www.wowhead.com/tbc/es/item=30834,sí
Pícaro,DPS (Combate/Asesinato),Anillos,3,31077,Slayer's Mark of the Redemption,Misión,Dissension Amongst the Ranks... (Shadowmoon Valley),,https://www.wowhead.com/tbc/es/item=31077,sí
Pícaro,DPS (Combate/Asesinato),Anillos,4,30860,Kaylaan's Signet,Misión,Deathblow to the Legion (Netherstorm),,https://www.wowhead.com/tbc/es/item=30860,sí
Pícaro,DPS (Combate/Asesinato),Anillos,5,30973,Band of Anguish,Misión,News of Victory (Shadowmoon Valley),,https://www.wowhead.com/tbc/es/item=30973,sí
Pícaro,DPS (Combate/Asesinato),Anillos,6,27925,Ravenclaw Band,Mazmorra,Salas Sethekk: Talon King Ikiss,,https://www.wowhead.com/tbc/es/item=27925,sí
Pícaro,DPS (Combate/Asesinato),Abalorios,1,23206,Mark of the Champion,Banda clásica,Naxxramas (nivel 60): Kel'Thuzad,Contenido de nivel 60 (antes de TBC),https://www.wowhead.com/tbc/es/item=23206,no
Pícaro,DPS (Combate/Asesinato),Abalorios,2,29383,Bloodlust Brooch,Insignias,"Insignias de Justicia (G'eras, Shattrath)",,https://www.wowhead.com/tbc/es/item=29383,sí
Pícaro,DPS (Combate/Asesinato),Abalorios,3,28288,Abacus of Violent Odds,Mazmorra,El Mechanar: Pathaleon the Calculator,,https://www.wowhead.com/tbc/es/item=28288,sí
Pícaro,DPS (Combate/Asesinato),Abalorios,4,23041,Slayer's Crest,Banda clásica,Naxxramas (nivel 60): Sapphiron,Contenido de nivel 60 (antes de TBC),https://www.wowhead.com/tbc/es/item=23041,no
Pícaro,DPS (Combate/Asesinato),Abalorios,5,22954,Kiss of the Spider,Banda clásica,Naxxramas (nivel 60): Maexxna,Contenido de nivel 60 (antes de TBC),https://www.wowhead.com/tbc/es/item=22954,no
Pícaro,DPS (Combate/Asesinato),Abalorios,6,28034,Hourglass of the Unraveller,Mazmorra,La Ciénaga Negra: Temporus,,https://www.wowhead.com/tbc/es/item=28034,sí
Pícaro,DPS (Combate/Asesinato),Mano principal,1,32052,Merciless Gladiator's Slicer,JcJ,Arena temporada 2 (Gladiador despiadado): puntos de arena y honor,Arena temporada 2: fase 2 en adelante,https://www.wowhead.com/tbc/es/item=32052,no
Pícaro,DPS (Combate/Asesinato),Mano principal,2,28438,Dragonmaw,Profesión,Herrería,,https://www.wowhead.com/tbc/es/item=28438,sí
Pícaro,DPS (Combate/Asesinato),Mano principal,3,28295,Gladiator's Slicer,JcJ,Arena temporada 1 (Gladiador): puntos de arena y honor,,https://www.wowhead.com/tbc/es/item=28295,sí
Pícaro,DPS (Combate/Asesinato),Mano principal,4,31332,Blinkstrike,Otro,Botín de mundo (épico aleatorio),,https://www.wowhead.com/tbc/es/item=31332,sí
Pícaro,DPS (Combate/Asesinato),Mano principal,5,29124,Vindicator's Brand,Reputación,Los Aldor (Exaltado),,https://www.wowhead.com/tbc/es/item=29124,sí
Pícaro,DPS (Combate/Asesinato),Mano principal,6,28312,Gladiator's Shanker,JcJ,Arena temporada 1 (Gladiador): puntos de arena y honor,,https://www.wowhead.com/tbc/es/item=28312,sí
Pícaro,DPS (Combate/Asesinato),Mano izquierda,1,32027,Merciless Gladiator's Quickblade,JcJ,Arena temporada 2 (Gladiador despiadado): puntos de arena y honor,Arena temporada 2: fase 2 en adelante,https://www.wowhead.com/tbc/es/item=32027,no
Pícaro,DPS (Combate/Asesinato),Mano izquierda,2,28307,Gladiator's Quickblade,JcJ,Arena temporada 1 (Gladiador): puntos de arena y honor,,https://www.wowhead.com/tbc/es/item=28307,sí
Pícaro,DPS (Combate/Asesinato),Mano izquierda,3,28189,Latro's Shifting Sword,Mazmorra,La Ciénaga Negra: Aeonus,,https://www.wowhead.com/tbc/es/item=28189,sí
Pícaro,DPS (Combate/Asesinato),Mano izquierda,4,29275,Searing Sunblade,Insignias,"Insignias de Justicia (G'eras, Shattrath)",,https://www.wowhead.com/tbc/es/item=29275,sí
Pícaro,DPS (Combate/Asesinato),Mano izquierda,5,28310,Gladiator's Shiv,JcJ,Arena temporada 1 (Gladiador): puntos de arena y honor,,https://www.wowhead.com/tbc/es/item=28310,sí
Pícaro,DPS (Combate/Asesinato),A distancia,1,29151,Veteran's Musket,Reputación,Bastión del Honor (Exaltado),,https://www.wowhead.com/tbc/es/item=29151,sí
Pícaro,DPS (Combate/Asesinato),A distancia,2,30279,Mama's Insurance,Misión,Declawing Doomclaw (Netherstorm),,https://www.wowhead.com/tbc/es/item=30279,sí
Pícaro,DPS (Combate/Asesinato),A distancia,3,30227,Mark V's Throwing Star,Misión,Mark V is Alive! (Netherstorm),,https://www.wowhead.com/tbc/es/item=30227,sí
Chamán,Elemental,Cabeza,1,32476,Gadgetstorm Goggles,Profesión,Ingeniería,Receta disponible desde la fase 2,https://www.wowhead.com/tbc/es/item=32476,no
Chamán,Elemental,Cabeza,2,32086,Storm Master's Helmet,Insignias,"Insignias de Justicia (G'eras, Shattrath)",,https://www.wowhead.com/tbc/es/item=32086,sí
Chamán,Elemental,Cabeza,3,28415,Hood of Oblivion,Mazmorra,El Arcatraz: Harbinger Skyriss,,https://www.wowhead.com/tbc/es/item=28415,sí
Chamán,Elemental,Cabeza,4,28278,Incanter's Cowl,Mazmorra,El Mechanar: Pathaleon the Calculator,,https://www.wowhead.com/tbc/es/item=28278,sí
Chamán,Elemental,Cabeza,5,24266,Spellstrike Hood,Profesión,Sastrería,,https://www.wowhead.com/tbc/es/item=24266,sí
Chamán,Elemental,Cabeza,6,31330,Lightning Crown,Otro,Botín de mundo (épico aleatorio),Disponible desde la fase 3,https://www.wowhead.com/tbc/es/item=31330,no
Chamán,Elemental,Hombros,1,32078,Pauldrons of Wild Magic,Mazmorra heroica,Recinto de los Esclavos (heroica): Quagmirran,,https://www.wowhead.com/tbc/es/item=32078,sí
Chamán,Elemental,Hombros,2,30925,Spaulders of the Torn-heart,Misión,The Cipher of Damnation - The Third Fragment Recovered (Shadowmoon Valley),,https://www.wowhead.com/tbc/es/item=30925,sí
Chamán,Elemental,Hombros,3,27796,Mana-Etched Spaulders,Mazmorra heroica,Recinto de los Esclavos (heroica): Quagmirran,,https://www.wowhead.com/tbc/es/item=27796,sí
Chamán,Elemental,Espalda,1,29369,Shawl of Shifting Probabilities,Insignias,"Insignias de Justicia (G'eras, Shattrath)",,https://www.wowhead.com/tbc/es/item=29369,sí
Chamán,Elemental,Espalda,2,31201,Illidari Cloak,Botín,Chief Engineer Lorthander (criatura rara o jefe de mundo de Terrallende),,https://www.wowhead.com/tbc/es/item=31201,sí
Chamán,Elemental,Espalda,3,27981,Sethekk Oracle Cloak,Mazmorra,Salas Sethekk: Talon King Ikiss,,https://www.wowhead.com/tbc/es/item=27981,sí
Chamán,Elemental,Pecho,1,29519,Netherstrike Breastplate,Profesión,Peletería,,https://www.wowhead.com/tbc/es/item=29519,sí
Chamán,Elemental,Pecho,2,29522,Windhawk Hauberk,Profesión,Peletería,,https://www.wowhead.com/tbc/es/item=29522,sí
Chamán,Elemental,Pecho,3,28191,Mana-Etched Vestments,Mazmorra heroica,Antiguas Laderas de Trabalomas (heroica): Epoch Hunter,,https://www.wowhead.com/tbc/es/item=28191,sí
Chamán,Elemental,Pecho,4,31340,Will of Edward the Odd,Otro,Botín de mundo (épico aleatorio),,https://www.wowhead.com/tbc/es/item=31340,sí
Chamán,Elemental,Muñecas,1,29521,Netherstrike Bracers,Profesión,Peletería,,https://www.wowhead.com/tbc/es/item=29521,sí
Chamán,Elemental,Muñecas,2,29523,Windhawk Bracers,Profesión,Peletería,,https://www.wowhead.com/tbc/es/item=29523,sí
Chamán,Elemental,Muñecas,3,24250,Bracers of Havok,Profesión,Sastrería,,https://www.wowhead.com/tbc/es/item=24250,sí
Chamán,Elemental,Manos,1,27465,Mana-Etched Gloves,Mazmorra heroica,Murallas del Fuego Infernal (heroica): Omor the Unscarred,,https://www.wowhead.com/tbc/es/item=27465,sí
Chamán,Elemental,Manos,2,27793,Earth Mantle Handwraps,Mazmorra,La Cámara de Vapor: Mekgineer Steamrigger,,https://www.wowhead.com/tbc/es/item=27793,sí
Chamán,Elemental,Manos,3,31149,Gloves of Pandemonium,Botín de mundo,Botín de mundo ligado al equipar (se puede comprar en la subasta),,https://www.wowhead.com/tbc/es/item=31149,sí
Chamán,Elemental,Manos,4,31280,Thundercaller's Gauntlets,Botín de mundo,Botín de mundo ligado al equipar (se puede comprar en la subasta),,https://www.wowhead.com/tbc/es/item=31280,sí
Chamán,Elemental,Manos,5,30930,Grips of the Void,Misión,Enraged Spirits of Air (Shadowmoon Valley),,https://www.wowhead.com/tbc/es/item=30930,sí
Chamán,Elemental,Cintura,1,29520,Netherstrike Belt,Profesión,Peletería,,https://www.wowhead.com/tbc/es/item=29520,sí
Chamán,Elemental,Cintura,2,24256,Girdle of Ruination,Profesión,Sastrería,,https://www.wowhead.com/tbc/es/item=24256,sí
Chamán,Elemental,Cintura,3,29524,Windhawk Belt,Profesión,Peletería,,https://www.wowhead.com/tbc/es/item=29524,sí
Chamán,Elemental,Cintura,4,31283,Sash of Sealed Fate,Botín de mundo,Botín de mundo ligado al equipar (se puede comprar en la subasta),,https://www.wowhead.com/tbc/es/item=31283,sí
Chamán,Elemental,Piernas,1,24262,Spellstrike Pants,Profesión,Sastrería,,https://www.wowhead.com/tbc/es/item=24262,sí
Chamán,Elemental,Piernas,2,30541,Stormsong Kilt,Mazmorra heroica,La Sotiénaga (heroica): The Black Stalker,,https://www.wowhead.com/tbc/es/item=30541,sí
Chamán,Elemental,Piernas,3,29142,Kurenai Kilt,Reputación,Kurenai (Reverenciado),,https://www.wowhead.com/tbc/es/item=29142,sí
Chamán,Elemental,Piernas,4,30709,Pantaloons of Flaming Wrath,Mazmorra heroica,Las Salas Arrasadas (heroica): Blood Guard Porung,,https://www.wowhead.com/tbc/es/item=30709,sí
Chamán,Elemental,Pies,1,28406,Sigil-Laced Boots,Mazmorra,El Arcatraz: Harbinger Skyriss,,https://www.wowhead.com/tbc/es/item=28406,sí
Chamán,Elemental,Pies,2,28179,Shattrath Jumpers,Misión,Into the Heart of the Labyrinth (Auchindoun),,https://www.wowhead.com/tbc/es/item=28179,sí
Chamán,Elemental,Cuello,1,28134,Brooch of Heightened Potential,Mazmorra,Laberinto de las Sombras: Blackheart the Inciter,,https://www.wowhead.com/tbc/es/item=28134,sí
Chamán,Elemental,Cuello,2,31692,Natasha's Ember Necklace,Misión,The Hound-Master (Blade's Edge Mountains),,https://www.wowhead.com/tbc/es/item=31692,sí
Chamán,Elemental,Cuello,3,29333,Torc of the Sethekk Prophet,Misión,Brother Against Brother (Auchindoun),,https://www.wowhead.com/tbc/es/item=29333,sí
Chamán,Elemental,Anillos,1,29126,Seer's Signet,Reputación,Los Arúspices (Exaltado),,https://www.wowhead.com/tbc/es/item=29126,sí
Chamán,Elemental,Anillos,2,29367,Ring of Cryptic Dreams,Insignias,"Insignias de Justicia (G'eras, Shattrath)",,https://www.wowhead.com/tbc/es/item=29367,sí
Chamán,Elemental,Anillos,3,29352,Cobalt Band of Tyrigosa,Mazmorra heroica,Tumbas de Maná (heroica): Nexus-Prince Shaffar,,https://www.wowhead.com/tbc/es/item=29352,sí
Chamán,Elemental,Anillos,4,31290,Band of Dominion,Botín de mundo,Botín de mundo ligado al equipar (se puede comprar en la subasta),,https://www.wowhead.com/tbc/es/item=31290,sí
Chamán,Elemental,Anillos,5,29172,Ashyen's Gift,Reputación,Expedición Cenarion (Exaltado),,https://www.wowhead.com/tbc/es/item=29172,sí
Chamán,Elemental,Anillos,6,28227,Sparking Arcanite Ring,Mazmorra heroica,Antiguas Laderas de Trabalomas (heroica): Epoch Hunter,,https://www.wowhead.com/tbc/es/item=28227,sí
Chamán,Elemental,Abalorios,1,23207,Mark of the Champion,Banda clásica,Naxxramas (nivel 60): Kel'Thuzad,Contenido de nivel 60 (antes de TBC),https://www.wowhead.com/tbc/es/item=23207,no
Chamán,Elemental,Abalorios,2,29370,Icon of the Silver Crescent,Insignias,"Insignias de Justicia (G'eras, Shattrath)",,https://www.wowhead.com/tbc/es/item=29370,sí
Chamán,Elemental,Abalorios,3,38290,Dark Iron Smoking Pipe,Evento,Fiesta de la Cerveza: Coren Cerveza Temible (Profundidades de Roca Negra),Solo durante el evento de temporada,https://www.wowhead.com/tbc/es/item=38290,no
Chamán,Elemental,Abalorios,4,27683,Quagmirran's Eye,Mazmorra heroica,Recinto de los Esclavos (heroica): Quagmirran,,https://www.wowhead.com/tbc/es/item=27683,sí
Chamán,Elemental,Abalorios,5,29179,Xi'ri's Gift,Reputación,Los Sha'tar (Reverenciado),,https://www.wowhead.com/tbc/es/item=29179,sí
Chamán,Elemental,Abalorios,6,29132,Scryer's Bloodgem,Reputación,Los Arúspices (Reverenciado),,https://www.wowhead.com/tbc/es/item=29132,sí
Chamán,Elemental,Arma,1,32450,Gladiator's Gavel,JcJ,Arena temporada 1 (Gladiador): puntos de arena y honor,,https://www.wowhead.com/tbc/es/item=32450,sí
Chamán,Elemental,Arma,2,23554,Eternium Runed Blade,Profesión,Herrería,,https://www.wowhead.com/tbc/es/item=23554,sí
Chamán,Elemental,Arma,3,30832,Gavel of Unearthed Secrets,Reputación,Bajo Arrabal (Exaltado),,https://www.wowhead.com/tbc/es/item=30832,sí
Chamán,Elemental,Arma,4,27868,Runesong Dagger,Mazmorra,Las Salas Arrasadas: Warbringer O'mrogg,,https://www.wowhead.com/tbc/es/item=27868,sí
Chamán,Elemental,Escudo / mano izquierda,1,29273,Khadgar's Knapsack,Insignias,"Insignias de Justicia (G'eras, Shattrath)",,https://www.wowhead.com/tbc/es/item=29273,sí
Chamán,Elemental,Escudo / mano izquierda,2,29268,Mazthoril Honor Shield,Insignias,"Insignias de Justicia (G'eras, Shattrath)",,https://www.wowhead.com/tbc/es/item=29268,sí
Chamán,Elemental,Escudo / mano izquierda,3,31287,Draenei Honor Guard Shield,Botín de mundo,Botín de mundo ligado al equipar (se puede comprar en la subasta),,https://www.wowhead.com/tbc/es/item=31287,sí
Chamán,Elemental,Escudo / mano izquierda,4,23049,Sapphiron's Left Eye,Banda clásica,Naxxramas (nivel 60): Sapphiron,Contenido de nivel 60 (antes de TBC),https://www.wowhead.com/tbc/es/item=23049,no
Chamán,Elemental,Escudo / mano izquierda,5,28412,Lamp of Peaceful Radiance,Mazmorra,El Arcatraz: Harbinger Skyriss,,https://www.wowhead.com/tbc/es/item=28412,sí
Chamán,Elemental,Tótem,1,28248,Totem of the Void,Mazmorra heroica,El Mechanar (heroica): Cache of the Legion,,https://www.wowhead.com/tbc/es/item=28248,sí
Chamán,Elemental,Tótem,2,23199,Totem of the Storm,Sin confirmar,Reliquia de nivel 60 (época de Naxxramas); revisar en Wowhead,Contenido de nivel 60 (antes de TBC),https://www.wowhead.com/tbc/es/item=23199,?
Chamán,Elemental,Tótem,3,29389,Totem of the Pulsing Earth,Insignias,"Insignias de Justicia (G'eras, Shattrath)",,https://www.wowhead.com/tbc/es/item=29389,sí
Chamán,Mejora,Cabeza,1,32474,Surestrike Goggles v2.0,Profesión,Ingeniería,Receta disponible desde la fase 2,https://www.wowhead.com/tbc/es/item=32474,no
Chamán,Mejora,Cabeza,2,32087,Mask of the Deceiver,Insignias,"Insignias de Justicia (G'eras, Shattrath)",,https://www.wowhead.com/tbc/es/item=32087,sí
Chamán,Mejora,Cabeza,3,28224,Wastewalker Helm,Mazmorra heroica,Antiguas Laderas de Trabalomas (heroica): Epoch Hunter,,https://www.wowhead.com/tbc/es/item=28224,sí
Chamán,Mejora,Cabeza,4,28182,Helm of the Claw,Misión,The Warlord's Hideout (The Steamvault),,https://www.wowhead.com/tbc/es/item=28182,sí
Chamán,Mejora,Cabeza,5,31109,Stealther's Helmet of Second Sight,Misión,"Teron Gorefiend, I am... (Shadowmoon Valley)",,https://www.wowhead.com/tbc/es/item=31109,sí
Chamán,Mejora,Hombros,1,27797,Wastewalker Shoulderpads,Mazmorra heroica,Criptas Auchenai (heroica): Avatar of the Martyred,,https://www.wowhead.com/tbc/es/item=27797,sí
Chamán,Mejora,Hombros,2,27434,Mantle of Perenolde,Mazmorra,Antiguas Laderas de Trabalomas: Epoch Hunter,,https://www.wowhead.com/tbc/es/item=27434,sí
Chamán,Mejora,Hombros,3,29148,Blackened Leather Spaulders,Reputación,Kurenai (Reverenciado),,https://www.wowhead.com/tbc/es/item=29148,sí
Chamán,Mejora,Hombros,4,25790,Expedition Scout's Epaulets,Misión,Fel Embers (Hellfire Citadel),,https://www.wowhead.com/tbc/es/item=25790,sí
Chamán,Mejora,Espalda,1,33122,Cloak of Darkness,Profesión,Peletería,,https://www.wowhead.com/tbc/es/item=33122,sí
Chamán,Mejora,Espalda,2,24259,Vengeance Wrap,Profesión,Sastrería,,https://www.wowhead.com/tbc/es/item=24259,sí
Chamán,Mejora,Espalda,3,27878,Auchenai Death Shroud,Mazmorra heroica,Criptas Auchenai (heroica): Avatar of the Martyred,,https://www.wowhead.com/tbc/es/item=27878,sí
Chamán,Mejora,Espalda,4,32665,Crystalweave Cape,Sin confirmar,Fuente sin confirmar; revisar en Wowhead,Disponible desde la fase 2,https://www.wowhead.com/tbc/es/item=32665,?
Chamán,Mejora,Espalda,5,27892,Cloak of the Inciter,Mazmorra,Laberinto de las Sombras: Blackheart the Inciter,,https://www.wowhead.com/tbc/es/item=27892,sí
Chamán,Mejora,Pecho,1,29525,Primalstrike Vest,Profesión,Peletería,,https://www.wowhead.com/tbc/es/item=29525,sí
Chamán,Mejora,Pecho,2,29515,Ebon Netherscale Breastplate,Profesión,Peletería,,https://www.wowhead.com/tbc/es/item=29515,sí
Chamán,Mejora,Pecho,3,30933,Hauberk of Karabor,Misión,Varedis Must Be Stopped (Shadowmoon Valley),,https://www.wowhead.com/tbc/es/item=30933,sí
Chamán,Mejora,Muñecas,1,29527,Primalstrike Bracers,Profesión,Peletería,,https://www.wowhead.com/tbc/es/item=29527,sí
Chamán,Mejora,Muñecas,2,29517,Ebon Netherscale Bracers,Profesión,Peletería,,https://www.wowhead.com/tbc/es/item=29517,sí
Chamán,Mejora,Muñecas,3,32647,Shard-bound Bracers,Reputación,Ogri'la (Exaltado),Disponible desde la fase 2,https://www.wowhead.com/tbc/es/item=32647,no
Chamán,Mejora,Muñecas,4,25697,Felstalker Bracers,Profesión,Peletería,,https://www.wowhead.com/tbc/es/item=25697,sí
Chamán,Mejora,Muñecas,5,28171,Spymistress's Wristguards,Misión,The Soul Devices (Auchindoun),,https://www.wowhead.com/tbc/es/item=28171,sí
Chamán,Mejora,Muñecas,6,30399,Nightstalker's Wristguards,Misión,Down With Daellis (Netherstorm),,https://www.wowhead.com/tbc/es/item=30399,sí
Chamán,Mejora,Manos,1,25685,Fel Leather Gloves,Profesión,Peletería,,https://www.wowhead.com/tbc/es/item=25685,sí
Chamán,Mejora,Manos,2,27509,Handgrips of Assassination,Mazmorra,La Ciénaga Negra: Aeonus,,https://www.wowhead.com/tbc/es/item=27509,sí
Chamán,Mejora,Manos,3,27825,Predatory Gloves,Mazmorra heroica,Tumbas de Maná (heroica): Tavarok,,https://www.wowhead.com/tbc/es/item=27825,sí
Chamán,Mejora,Manos,4,30341,Flesh Handler's Gauntlets,Misión,The Flesh Lies... (Netherstorm),,https://www.wowhead.com/tbc/es/item=30341,sí
Chamán,Mejora,Manos,5,29503,Cobrascale Gloves,Profesión,Peletería,,https://www.wowhead.com/tbc/es/item=29503,sí
Chamán,Mejora,Manos,6,28396,Gloves of the Unbound,Mazmorra,El Arcatraz: Wrath-Scryer Soccothrates,,https://www.wowhead.com/tbc/es/item=28396,sí
Chamán,Mejora,Cintura,1,29526,Primalstrike Belt,Profesión,Peletería,,https://www.wowhead.com/tbc/es/item=29526,sí
Chamán,Mejora,Cintura,2,29516,Ebon Netherscale Belt,Profesión,Peletería,,https://www.wowhead.com/tbc/es/item=29516,sí
Chamán,Mejora,Cintura,3,29247,Girdle of the Deathdealer,Mazmorra heroica,La Ciénaga Negra (heroica): Aeonus,,https://www.wowhead.com/tbc/es/item=29247,sí
Chamán,Mejora,Cintura,4,27911,Epoch's Whispering Cinch,Mazmorra heroica,Antiguas Laderas de Trabalomas (heroica): Epoch Hunter,,https://www.wowhead.com/tbc/es/item=27911,sí
Chamán,Mejora,Cintura,5,31462,Shattrath's Champion Belt,Misión,How to Break Into the Arcatraz (Tempest Keep),,https://www.wowhead.com/tbc/es/item=31462,sí
Chamán,Mejora,Piernas,1,31544,Clefthoof Hide Leggings,Misión,Showdown (Blade's Edge Mountains),,https://www.wowhead.com/tbc/es/item=31544,sí
Chamán,Mejora,Piernas,2,25687,Fel Leather Leggings,Profesión,Peletería,,https://www.wowhead.com/tbc/es/item=25687,sí
Chamán,Mejora,Piernas,3,30538,Midnight Legguards,Mazmorra heroica,Recinto de los Esclavos (heroica): Quagmirran,,https://www.wowhead.com/tbc/es/item=30538,sí
Chamán,Mejora,Piernas,4,30257,Shattrath Leggings,Misión,Special Delivery to Shattrath City (Shattrath City),,https://www.wowhead.com/tbc/es/item=30257,sí
Chamán,Mejora,Pies,1,25686,Fel Leather Boots,Profesión,Peletería,,https://www.wowhead.com/tbc/es/item=25686,sí
Chamán,Mejora,Pies,2,27867,Boots of the Unjust,Mazmorra heroica,Criptas Auchenai (heroica): Exarch Maladaar,,https://www.wowhead.com/tbc/es/item=27867,sí
Chamán,Mejora,Pies,3,31288,The Master's Treads,Botín de mundo,Botín de mundo ligado al equipar (se puede comprar en la subasta),,https://www.wowhead.com/tbc/es/item=31288,sí
Chamán,Mejora,Pies,4,29248,Shadowstep Striders,Mazmorra heroica,El Arcatraz (heroica): Harbinger Skyriss,,https://www.wowhead.com/tbc/es/item=29248,sí
Chamán,Mejora,Pies,5,30939,Felboar Hide Shoes,Misión,The Cipher of Damnation - The Third Fragment Recovered (Shadowmoon Valley),,https://www.wowhead.com/tbc/es/item=30939,sí
Chamán,Mejora,Pies,6,30401,Farahlite Studded Boots,Misión,A Fate Worse Than Death (Netherstorm),,https://www.wowhead.com/tbc/es/item=30401,sí
Chamán,Mejora,Cuello,1,29381,Choker of Vile Intent,Insignias,"Insignias de Justicia (G'eras, Shattrath)",,https://www.wowhead.com/tbc/es/item=29381,sí
Chamán,Mejora,Cuello,2,31695,Natasha's Choker,Misión,The Hound-Master (Blade's Edge Mountains),,https://www.wowhead.com/tbc/es/item=31695,sí
Chamán,Mejora,Cuello,3,27546,Traitor's Noose,Mazmorra heroica,Recinto de los Esclavos (heroica): Mennu the Betrayer,,https://www.wowhead.com/tbc/es/item=27546,sí
Chamán,Mejora,Anillos,1,30834,Shapeshifter's Signet,Reputación,Bajo Arrabal (Exaltado),,https://www.wowhead.com/tbc/es/item=30834,sí
Chamán,Mejora,Anillos,2,31920,Shaffar's Band of Brutality,Mazmorra heroica,Tumbas de Maná (heroica): Yor <Void Hound of Shaffar>,,https://www.wowhead.com/tbc/es/item=31920,sí
Chamán,Mejora,Anillos,3,30860,Kaylaan's Signet,Misión,Deathblow to the Legion (Netherstorm),,https://www.wowhead.com/tbc/es/item=30860,sí
Chamán,Mejora,Anillos,4,31380,Acrobat's Mark of the Sha'tar,Misión,Battle of the Crimson Watch (Shadowmoon Valley),,https://www.wowhead.com/tbc/es/item=31380,sí
Chamán,Mejora,Anillos,5,29379,Ring of Arathi Warlords,Insignias,"Insignias de Justicia (G'eras, Shattrath)",,https://www.wowhead.com/tbc/es/item=29379,sí
Chamán,Mejora,Anillos,6,31077,Slayer's Mark of the Redemption,Misión,Dissension Amongst the Ranks... (Shadowmoon Valley),,https://www.wowhead.com/tbc/es/item=31077,sí
Chamán,Mejora,Abalorios,1,23206,Mark of the Champion,Banda clásica,Naxxramas (nivel 60): Kel'Thuzad,Contenido de nivel 60 (antes de TBC),https://www.wowhead.com/tbc/es/item=23206,no
Chamán,Mejora,Abalorios,2,29383,Bloodlust Brooch,Insignias,"Insignias de Justicia (G'eras, Shattrath)",,https://www.wowhead.com/tbc/es/item=29383,sí
Chamán,Mejora,Abalorios,3,38287,Empty Mug of Direbrew,Evento,Fiesta de la Cerveza: Coren Cerveza Temible (Profundidades de Roca Negra),Solo durante el evento de temporada,https://www.wowhead.com/tbc/es/item=38287,no
Chamán,Mejora,Abalorios,4,28288,Abacus of Violent Odds,Mazmorra,El Mechanar: Pathaleon the Calculator,,https://www.wowhead.com/tbc/es/item=28288,sí
Chamán,Mejora,Abalorios,5,29776,Core of Ar'kelos,Misión,Ar'kelos the Guardian (Netherstorm),,https://www.wowhead.com/tbc/es/item=29776,sí
Chamán,Mejora,Abalorios,6,28034,Hourglass of the Unraveller,Mazmorra,La Ciénaga Negra: Temporus,,https://www.wowhead.com/tbc/es/item=28034,sí
Chamán,Mejora,Arma de una mano,1,28308,Gladiator's Cleaver,JcJ,Arena temporada 1 (Gladiador): puntos de arena y honor,,https://www.wowhead.com/tbc/es/item=28308,sí
Chamán,Mejora,Arma de una mano,2,28438,Dragonmaw,Profesión,Herrería,,https://www.wowhead.com/tbc/es/item=28438,sí
Chamán,Mejora,Arma de una mano,3,29348,The Bladefist,Mazmorra heroica,Las Salas Arrasadas (heroica): Warchief Kargath Bladefist,,https://www.wowhead.com/tbc/es/item=29348,sí
Chamán,Mejora,Arma de una mano,4,28392,Reflex Blades,Mazmorra,El Arcatraz: Dalliah the Doomsayer,,https://www.wowhead.com/tbc/es/item=28392,sí
Chamán,Mejora,Arma de una mano,5,27872,The Harvester of Souls,Mazmorra heroica,Criptas Auchenai (heroica): Exarch Maladaar,,https://www.wowhead.com/tbc/es/item=27872,sí
Chamán,Mejora,Arma de una mano,6,31139,Fist of Reckoning,Botín de mundo,Botín de mundo ligado al equipar (se puede comprar en la subasta),,https://www.wowhead.com/tbc/es/item=31139,sí
Chamán,Mejora,Tótem,1,27815,Totem of the Astral Winds,Mazmorra heroica,Tumbas de Maná (heroica): Pandemonius,,https://www.wowhead.com/tbc/es/item=27815,sí
Chamán,Restauración,Cabeza,1,32475,Living Replicator Specs,Profesión,Ingeniería,Receta disponible desde la fase 2,https://www.wowhead.com/tbc/es/item=32475,no
Chamán,Restauración,Cabeza,2,24264,Whitemend Hood,Profesión,Sastrería,,https://www.wowhead.com/tbc/es/item=24264,sí
Chamán,Restauración,Cabeza,3,29508,Living Dragonscale Helm,Profesión,Peletería,,https://www.wowhead.com/tbc/es/item=29508,sí
Chamán,Restauración,Cabeza,4,27759,Headdress of the Tides,Mazmorra heroica,La Sotiénaga (heroica): Ghaz'an,,https://www.wowhead.com/tbc/es/item=27759,sí
Chamán,Restauración,Cabeza,5,29174,Watcher's Cowl,Reputación,Expedición Cenarion (Reverenciado),,https://www.wowhead.com/tbc/es/item=29174,sí
Chamán,Restauración,Hombros,1,21874,Primal Mooncloth Shoulders,Profesión,Sastrería,,https://www.wowhead.com/tbc/es/item=21874,sí
Chamán,Restauración,Hombros,2,27826,Mantle of the Sea Wolf,Mazmorra heroica,Tumbas de Maná (heroica): Tavarok,,https://www.wowhead.com/tbc/es/item=27826,sí
Chamán,Restauración,Hombros,3,27775,Hallowed Pauldrons,Mazmorra,Laberinto de las Sombras: Grandmaster Vorpil,,https://www.wowhead.com/tbc/es/item=27775,sí
Chamán,Restauración,Espalda,1,31329,Lifegiving Cloak,Otro,Botín de mundo (épico aleatorio),,https://www.wowhead.com/tbc/es/item=31329,sí
Chamán,Restauración,Espalda,2,24254,White Remedy Cape,Profesión,Sastrería,,https://www.wowhead.com/tbc/es/item=24254,sí
Chamán,Restauración,Espalda,3,27448,Cloak of the Everliving,Mazmorra heroica,Murallas del Fuego Infernal (heroica): Watchkeeper Gargolmar,,https://www.wowhead.com/tbc/es/item=27448,sí
Chamán,Restauración,Pecho,1,29522,Windhawk Hauberk,Profesión,Peletería,,https://www.wowhead.com/tbc/es/item=29522,sí
Chamán,Restauración,Pecho,2,21875,Primal Mooncloth Robe,Profesión,Sastrería,,https://www.wowhead.com/tbc/es/item=21875,sí
Chamán,Restauración,Pecho,3,23527,Earthpeace Breastplate,Profesión,Herrería,,https://www.wowhead.com/tbc/es/item=23527,sí
Chamán,Restauración,Pecho,4,30298,Void Slayer's Tunic,Misión,Dimensius the All-Devouring (Netherstorm),,https://www.wowhead.com/tbc/es/item=30298,sí
Chamán,Restauración,Muñecas,1,29523,Windhawk Bracers,Profesión,Peletería,,https://www.wowhead.com/tbc/es/item=29523,sí
Chamán,Restauración,Muñecas,2,29183,Bindings of the Timewalker,Reputación,Vigilantes del Tiempo (Exaltado),,https://www.wowhead.com/tbc/es/item=29183,sí
Chamán,Restauración,Muñecas,3,28194,Primal Surge Bracers,Mazmorra,La Ciénaga Negra: Aeonus,,https://www.wowhead.com/tbc/es/item=28194,sí
Chamán,Restauración,Manos,1,27806,Fathomheart Gauntlets,Mazmorra,La Cámara de Vapor: Warlord Kalithresh,,https://www.wowhead.com/tbc/es/item=27806,sí
Chamán,Restauración,Manos,2,28304,Prismatic Mittens of Mending,Mazmorra,El Invernáculo: Commander Sarannis,,https://www.wowhead.com/tbc/es/item=28304,sí
Chamán,Restauración,Manos,3,29506,Gloves of the Living Touch,Profesión,Peletería,,https://www.wowhead.com/tbc/es/item=29506,sí
Chamán,Restauración,Cintura,1,29524,Windhawk Belt,Profesión,Peletería,,https://www.wowhead.com/tbc/es/item=29524,sí
Chamán,Restauración,Cintura,2,21873,Primal Mooncloth Belt,Profesión,Sastrería,,https://www.wowhead.com/tbc/es/item=21873,sí
Chamán,Restauración,Cintura,3,29250,Cord of Sanctification,Mazmorra heroica,Antiguas Laderas de Trabalomas (heroica): Epoch Hunter,,https://www.wowhead.com/tbc/es/item=29250,sí
Chamán,Restauración,Piernas,1,24261,Whitemend Pants,Profesión,Sastrería,,https://www.wowhead.com/tbc/es/item=24261,sí
Chamán,Restauración,Piernas,2,30543,Pontifex Kilt,Mazmorra heroica,La Cámara de Vapor (heroica): Warlord Kalithresh,,https://www.wowhead.com/tbc/es/item=30543,sí
Chamán,Restauración,Piernas,3,31343,Kamaei's Cerulean Skirt,Otro,Botín de mundo (épico aleatorio),,https://www.wowhead.com/tbc/es/item=31343,sí
Chamán,Restauración,Piernas,4,27875,Hallowed Trousers,Mazmorra,Salas Sethekk: Talon King Ikiss,,https://www.wowhead.com/tbc/es/item=27875,sí
Chamán,Restauración,Pies,1,27411,Slippers of Serenity,Mazmorra,Criptas Auchenai: Exarch Maladaar,,https://www.wowhead.com/tbc/es/item=27411,sí
Chamán,Restauración,Pies,2,27549,Wavefury Boots,Mazmorra heroica,Recinto de los Esclavos (heroica): Rokmar the Crackler,,https://www.wowhead.com/tbc/es/item=27549,sí
Chamán,Restauración,Pies,3,27525,Jeweled Boots of Sanctification,Mazmorra,Las Salas Arrasadas: Warbringer O'mrogg,,https://www.wowhead.com/tbc/es/item=27525,sí
Chamán,Restauración,Cuello,1,32531,Gezzarak's Fang,Botín,Gezzarak the Huntress,,https://www.wowhead.com/tbc/es/item=32531,sí
Chamán,Restauración,Cuello,2,31691,Natasha's Guardian Cord,Misión,The Hound-Master (Blade's Edge Mountains),,https://www.wowhead.com/tbc/es/item=31691,sí
Chamán,Restauración,Cuello,3,28233,Necklace of Resplendent Hope,Mazmorra heroica,Antiguas Laderas de Trabalomas (heroica): Epoch Hunter,,https://www.wowhead.com/tbc/es/item=28233,sí
Chamán,Restauración,Cuello,4,29374,Necklace of Eternal Hope,Insignias,"Insignias de Justicia (G'eras, Shattrath)",,https://www.wowhead.com/tbc/es/item=29374,sí
Chamán,Restauración,Anillos,1,32535,Gift of the Talonpriests,Botín,Terokk,,https://www.wowhead.com/tbc/es/item=32535,sí
Chamán,Restauración,Anillos,2,29169,Ring of Convalescence,Reputación,Bastión del Honor (Reverenciado),,https://www.wowhead.com/tbc/es/item=29169,sí
Chamán,Restauración,Anillos,3,28259,Cosmic Lifeband,Mazmorra,El Mechanar: Nethermancer Sepethrea,,https://www.wowhead.com/tbc/es/item=28259,sí
Chamán,Restauración,Anillos,4,31923,Band of the Crystalline Void,Mazmorra heroica,Tumbas de Maná (heroica): Yor <Void Hound of Shaffar>,,https://www.wowhead.com/tbc/es/item=31923,sí
Chamán,Restauración,Anillos,5,29814,Celestial Jewel Ring,Misión,Hitting the Motherlode (Netherstorm),,https://www.wowhead.com/tbc/es/item=29814,sí
Chamán,Restauración,Anillos,6,29373,Band of Halos,Insignias,"Insignias de Justicia (G'eras, Shattrath)",,https://www.wowhead.com/tbc/es/item=29373,sí
Chamán,Restauración,Abalorios,1,29376,Essence of the Martyr,Insignias,"Insignias de Justicia (G'eras, Shattrath)",,https://www.wowhead.com/tbc/es/item=29376,sí
Chamán,Restauración,Abalorios,2,38288,Direbrew Hops,Evento,Fiesta de la Cerveza: Coren Cerveza Temible (Profundidades de Roca Negra),Solo durante el evento de temporada,https://www.wowhead.com/tbc/es/item=38288,no
Chamán,Restauración,Abalorios,3,28190,Scarab of the Infinite Cycle,Mazmorra,La Ciénaga Negra: Aeonus,,https://www.wowhead.com/tbc/es/item=28190,sí
Chamán,Restauración,Abalorios,4,21625,Scarab Brooch,Banda clásica,Templo de Ahn'Qiraj: Viscidus,Contenido de nivel 60 (antes de TBC),https://www.wowhead.com/tbc/es/item=21625,no
Chamán,Restauración,Abalorios,5,23047,Eye of the Dead,Banda clásica,Naxxramas (nivel 60): Sapphiron,Contenido de nivel 60 (antes de TBC),https://www.wowhead.com/tbc/es/item=23047,no
Chamán,Restauración,Abalorios,6,19395,Rejuvenating Gem,Banda clásica,Guarida de Alanegra: Firemaw,Contenido de nivel 60 (antes de TBC),https://www.wowhead.com/tbc/es/item=19395,no
Chamán,Restauración,Arma,1,32451,Gladiator's Salvation,JcJ,Arena temporada 1 (Gladiador): puntos de arena y honor,,https://www.wowhead.com/tbc/es/item=32451,sí
Chamán,Restauración,Arma,2,23556,Hand of Eternity,Profesión,Herrería,,https://www.wowhead.com/tbc/es/item=23556,sí
Chamán,Restauración,Arma,3,29353,Shockwave Truncheon,Mazmorra heroica,Laberinto de las Sombras (heroica): Murmur,,https://www.wowhead.com/tbc/es/item=29353,sí
Chamán,Restauración,Arma,4,31342,The Ancient Scepter of Sue-Min,Otro,Botín de mundo (épico aleatorio),,https://www.wowhead.com/tbc/es/item=31342,sí
Chamán,Restauración,Arma,5,29175,Gavel of Pure Light,Reputación,Los Sha'tar (Exaltado),,https://www.wowhead.com/tbc/es/item=29175,sí
Chamán,Restauración,Escudo / mano izquierda,1,29267,Light-Bearer's Faith Shield,Insignias,"Insignias de Justicia (G'eras, Shattrath)",,https://www.wowhead.com/tbc/es/item=29267,sí
Chamán,Restauración,Escudo / mano izquierda,2,29274,Tears of Heaven,Insignias,"Insignias de Justicia (G'eras, Shattrath)",,https://www.wowhead.com/tbc/es/item=29274,sí
Chamán,Restauración,Escudo / mano izquierda,3,22819,Shield of Condemnation,Banda clásica,Naxxramas (nivel 60): Kel'Thuzad,Contenido de nivel 60 (antes de TBC),https://www.wowhead.com/tbc/es/item=22819,no
Chamán,Restauración,Escudo / mano izquierda,4,27477,Faol's Signet of Cleansing,Mazmorra heroica,Murallas del Fuego Infernal (heroica): Omor the Unscarred,,https://www.wowhead.com/tbc/es/item=27477,sí
Chamán,Restauración,Escudo / mano izquierda,5,27772,Stormshield of Renewal,Mazmorra heroica,La Sotiénaga (heroica): The Black Stalker,,https://www.wowhead.com/tbc/es/item=27772,sí
Chamán,Restauración,Escudo / mano izquierda,6,31292,Crystal Pulse Shield,Botín,Cofre (objeto del mundo),,https://www.wowhead.com/tbc/es/item=31292,sí
Chamán,Restauración,Tótem,1,27544,Totem of Spontaneous Regrowth,Mazmorra heroica,Recinto de los Esclavos (heroica): Mennu the Betrayer,,https://www.wowhead.com/tbc/es/item=27544,sí
Chamán,Restauración,Tótem,2,22396,Totem of Life,Banda clásica,Templo de Ahn'Qiraj: Fankriss the Unyielding,Contenido de nivel 60 (antes de TBC),https://www.wowhead.com/tbc/es/item=22396,no
Chamán,Restauración,Tótem,3,25645,Totem of the Plains,Misión,The Ultimate Bloodsport (Nagrand),,https://www.wowhead.com/tbc/es/item=25645,sí
Guerrero,Protección,Cabeza,1,32473,Tankatronic Goggles,Profesión,Ingeniería,Receta disponible desde la fase 2,https://www.wowhead.com/tbc/es/item=32473,no
Guerrero,Protección,Cabeza,2,28180,Myrmidon's Headdress,Misión,The Warlord's Hideout (The Steamvault),,https://www.wowhead.com/tbc/es/item=28180,sí
Guerrero,Protección,Cabeza,3,23519,Felsteel Helm,Profesión,Herrería,,https://www.wowhead.com/tbc/es/item=23519,sí
Guerrero,Protección,Cabeza,4,27408,Hope Bearer Helm,Mazmorra,Criptas Auchenai: Shirrak the Dead Watcher,,https://www.wowhead.com/tbc/es/item=27408,sí
Guerrero,Protección,Cabeza,5,28350,Warhelm of the Bold,Mazmorra,El Invernáculo: Warp Splinter,,https://www.wowhead.com/tbc/es/item=28350,sí
Guerrero,Protección,Hombros,1,35411,Savage Plate Shoulders,Vendedor,Nakodu (Shattrath City),,https://www.wowhead.com/tbc/es/item=35411,sí
Guerrero,Protección,Hombros,2,27847,Fanblade Pauldrons,Mazmorra heroica,Criptas Auchenai (heroica): Shirrak the Dead Watcher,,https://www.wowhead.com/tbc/es/item=27847,sí
Guerrero,Protección,Hombros,3,32073,Spaulders of Dementia,Mazmorra heroica,Salas Sethekk (heroica): Talon King Ikiss,,https://www.wowhead.com/tbc/es/item=32073,sí
Guerrero,Protección,Hombros,4,27803,Shoulderguards of the Bold,Mazmorra,Laberinto de las Sombras: Murmur,,https://www.wowhead.com/tbc/es/item=27803,sí
Guerrero,Protección,Hombros,5,29316,Warchief's Mantle,Misión,Return to Andormu (Caverns of Time),,https://www.wowhead.com/tbc/es/item=29316,sí
Guerrero,Protección,Espalda,1,27804,Devilshark Cape,Mazmorra,La Cámara de Vapor: Warlord Kalithresh,,https://www.wowhead.com/tbc/es/item=27804,sí
Guerrero,Protección,Espalda,2,24253,Cloak of Eternity,Profesión,Sastrería,,https://www.wowhead.com/tbc/es/item=24253,sí
Guerrero,Protección,Espalda,3,28328,Mithril-Bark Cloak,Mazmorra,El Invernáculo: Laj,,https://www.wowhead.com/tbc/es/item=28328,sí
Guerrero,Protección,Pecho,1,35407,Savage Plate Chestpiece,Vendedor,Almaador (Shattrath City),,https://www.wowhead.com/tbc/es/item=35407,sí
Guerrero,Protección,Pecho,2,28205,Breastplate of the Bold,Mazmorra,El Arcatraz: Harbinger Skyriss,,https://www.wowhead.com/tbc/es/item=28205,sí
Guerrero,Protección,Pecho,3,28262,Jade-Skull Breastplate,Mazmorra,El Mechanar: Nethermancer Sepethrea,,https://www.wowhead.com/tbc/es/item=28262,sí
Guerrero,Protección,Pecho,4,25819,Breastplate of the Warbringer,Misión,Forge Camp: Annihilated (Nagrand),,https://www.wowhead.com/tbc/es/item=25819,sí
Guerrero,Protección,Pecho,5,22416,Dreadnaught Breastplate,Banda clásica,Naxxramas (nivel 60): The Four Horsemen,Contenido de nivel 60 (antes de TBC),https://www.wowhead.com/tbc/es/item=22416,no
Guerrero,Protección,Muñecas,1,32818,Veteran's Plate Bracers,JcJ,Arena temporada 2,Disponible desde la fase 2,https://www.wowhead.com/tbc/es/item=32818,no
Guerrero,Protección,Muñecas,2,28996,Marshal's Plate Bracers,JcJ,Honor (vendedor de JcJ),,https://www.wowhead.com/tbc/es/item=28996,sí
Guerrero,Protección,Muñecas,3,29463,Amber Bands of the Aggressor,Mazmorra heroica,La Cámara de Vapor (heroica): Warlord Kalithresh,,https://www.wowhead.com/tbc/es/item=29463,sí
Guerrero,Protección,Muñecas,4,27459,Vambraces of Daring,Mazmorra heroica,Murallas del Fuego Infernal (heroica): Nazan & Vazruden,,https://www.wowhead.com/tbc/es/item=27459,sí
Guerrero,Protección,Muñecas,5,28167,Sha'tari Wrought Armguards,Misión,The Soul Devices (Auchindoun),,https://www.wowhead.com/tbc/es/item=28167,sí
Guerrero,Protección,Muñecas,6,30225,Junior Technician 3rd Grade Bracers,Misión,You're Hired! (Netherstorm),,https://www.wowhead.com/tbc/es/item=30225,sí
Guerrero,Protección,Manos,1,27475,Gauntlets of the Bold,Mazmorra,La Cámara de Vapor: Warlord Kalithresh,,https://www.wowhead.com/tbc/es/item=27475,sí
Guerrero,Protección,Manos,2,32072,Gauntlets of Dissension,Mazmorra heroica,El Invernáculo (heroica): Warp Splinter,,https://www.wowhead.com/tbc/es/item=32072,sí
Guerrero,Protección,Manos,3,23517,Felsteel Gloves,Profesión,Herrería,,https://www.wowhead.com/tbc/es/item=23517,sí
Guerrero,Protección,Manos,4,29134,Gauntlets of the Chosen,Reputación,Los Arúspices (Reverenciado),,https://www.wowhead.com/tbc/es/item=29134,sí
Guerrero,Protección,Manos,5,30375,Gauntlets of the Vanquisher,Misión,Turning Point (Netherstorm),,https://www.wowhead.com/tbc/es/item=30375,sí
Guerrero,Protección,Cintura,1,32805,Veteran's Plate Belt,JcJ,Arena temporada 2,Disponible desde la fase 2,https://www.wowhead.com/tbc/es/item=32805,no
Guerrero,Protección,Cintura,2,28995,Marshal's Plate Belt,JcJ,Honor (vendedor de JcJ),,https://www.wowhead.com/tbc/es/item=28995,sí
Guerrero,Protección,Cintura,3,30032,Red Belt of Battle,Profesión,Herrería,Receta disponible desde la fase 2,https://www.wowhead.com/tbc/es/item=30032,no
Guerrero,Protección,Cintura,4,27672,Girdle of the Immovable,Mazmorra heroica,Recinto de los Esclavos (heroica): Quagmirran,,https://www.wowhead.com/tbc/es/item=27672,sí
Guerrero,Protección,Cintura,5,29238,Lion's Heart Girdle,Mazmorra heroica,Murallas del Fuego Infernal (heroica): Nazan & Vazruden,,https://www.wowhead.com/tbc/es/item=29238,sí
Guerrero,Protección,Cintura,6,31460,Sha'tari Vindicator's Waistguard,Misión,How to Break Into the Arcatraz (Tempest Keep),,https://www.wowhead.com/tbc/es/item=31460,sí
Guerrero,Protección,Piernas,1,29184,Timewarden's Leggings,Reputación,Vigilantes del Tiempo (Reverenciado),,https://www.wowhead.com/tbc/es/item=29184,sí
Guerrero,Protección,Piernas,2,30533,Vanquisher's Legplates,Mazmorra heroica,El Mechanar (heroica): Pathaleon the Calculator,,https://www.wowhead.com/tbc/es/item=30533,sí
Guerrero,Protección,Piernas,3,23518,Felsteel Leggings,Profesión,Herrería,,https://www.wowhead.com/tbc/es/item=23518,sí
Guerrero,Protección,Piernas,4,27527,Greaves of the Shatterer,Mazmorra,Las Salas Arrasadas: Warchief Kargath Bladefist,,https://www.wowhead.com/tbc/es/item=27527,sí
Guerrero,Protección,Piernas,5,28175,Mag'hari Warlord's Legplates,Misión,Hero of the Mag'har (Nagrand),,https://www.wowhead.com/tbc/es/item=28175,sí
Guerrero,Protección,Piernas,6,29783,Legguards of the Resolute Defender,Misión,Destroy Naberius! (Netherstorm),,https://www.wowhead.com/tbc/es/item=29783,sí
Guerrero,Protección,Pies,1,32793,Veteran's Plate Greaves,JcJ,Arena temporada 2,Disponible desde la fase 2,https://www.wowhead.com/tbc/es/item=32793,no
Guerrero,Protección,Pies,2,28997,Marshal's Plate Greaves,JcJ,Honor (vendedor de JcJ),,https://www.wowhead.com/tbc/es/item=28997,sí
Guerrero,Protección,Pies,3,30031,Red Havoc Boots,Profesión,Herrería,Receta disponible desde la fase 2,https://www.wowhead.com/tbc/es/item=30031,no
Guerrero,Protección,Pies,4,29239,Eaglecrest Warboots,Mazmorra heroica,El Horno de Sangre (heroica): Keli'dan the Breaker,,https://www.wowhead.com/tbc/es/item=29239,sí
Guerrero,Protección,Pies,5,28176,Sha'tari Wrought Greaves,Misión,Into the Heart of the Labyrinth (Auchindoun),,https://www.wowhead.com/tbc/es/item=28176,sí
Guerrero,Protección,Pies,6,30386,Bloodguard's Greaves,Misión,Information Gathering (Netherstorm),,https://www.wowhead.com/tbc/es/item=30386,sí
Guerrero,Protección,Cuello,1,33066,Veteran's Pendant of Triumph,JcJ,Arena temporada 2,Disponible desde la fase 2,https://www.wowhead.com/tbc/es/item=33066,no
Guerrero,Protección,Cuello,2,35511,Hailstone Pendant,Evento,Festival de Fuego del Solsticio: Ahune (Recinto de los Esclavos),Solo durante el evento de temporada,https://www.wowhead.com/tbc/es/item=35511,no
Guerrero,Protección,Cuello,3,29386,Necklace of the Juggernaut,Insignias,"Insignias de Justicia (G'eras, Shattrath)",,https://www.wowhead.com/tbc/es/item=29386,sí
Guerrero,Protección,Cuello,4,29336,Mark of the Ravenguard,Misión,Brother Against Brother (Auchindoun),,https://www.wowhead.com/tbc/es/item=29336,sí
Guerrero,Protección,Cuello,5,30378,Thalodien's Charm,Misión,Shutting Down Manaforge Ara (Netherstorm),,https://www.wowhead.com/tbc/es/item=30378,sí
Guerrero,Protección,Cuello,6,31696,Natasha's Battle Chain,Misión,The Hound-Master (Blade's Edge Mountains),,https://www.wowhead.com/tbc/es/item=31696,sí
Guerrero,Protección,Anillos,1,30834,Shapeshifter's Signet,Reputación,Bajo Arrabal (Exaltado),,https://www.wowhead.com/tbc/es/item=30834,sí
Guerrero,Protección,Anillos,2,27822,Crystal Band of Valor,Mazmorra heroica,Tumbas de Maná (heroica): Tavarok,,https://www.wowhead.com/tbc/es/item=27822,sí
Guerrero,Protección,Anillos,3,33057,Veteran's Band of Triumph,JcJ,Arena temporada 2,Disponible desde la fase 2,https://www.wowhead.com/tbc/es/item=33057,no
Guerrero,Protección,Anillos,4,28553,Band of the Exorcist,JcJ,JcJ de mundo: Terokkar (Fichas de Espíritu),,https://www.wowhead.com/tbc/es/item=28553,sí
Guerrero,Protección,Anillos,5,30006,Wind Trader's Band,Misión,Dealing with the Overmaster (Netherstorm),,https://www.wowhead.com/tbc/es/item=30006,sí
Guerrero,Protección,Anillos,6,31078,Protector's Mark of the Redemption,Misión,Dissension Amongst the Ranks... (Shadowmoon Valley),,https://www.wowhead.com/tbc/es/item=31078,sí
Guerrero,Protección,Abalorios,1,23836,Goblin Rocket Launcher,Profesión,Ingeniería,,https://www.wowhead.com/tbc/es/item=23836,sí
Guerrero,Protección,Abalorios,2,23835,Gnomish Poultryizer,Profesión,Ingeniería,,https://www.wowhead.com/tbc/es/item=23835,sí
Guerrero,Protección,Abalorios,3,27770,Argussian Compass,Mazmorra heroica,La Sotiénaga (heroica): The Black Stalker,,https://www.wowhead.com/tbc/es/item=27770,sí
Guerrero,Protección,Abalorios,4,29181,Timelapse Shard,Reputación,Vigilantes del Tiempo (Exaltado),,https://www.wowhead.com/tbc/es/item=29181,sí
Guerrero,Protección,Abalorios,5,27891,Adamantine Figurine,Mazmorra,Laberinto de las Sombras: Blackheart the Inciter,,https://www.wowhead.com/tbc/es/item=27891,sí
Guerrero,Protección,Abalorios,6,30300,Dabiri's Enigma,Misión,Dimensius the All-Devouring (Netherstorm),,https://www.wowhead.com/tbc/es/item=30300,sí
Guerrero,Protección,Arma de una mano,1,28189,Latro's Shifting Sword,Mazmorra,La Ciénaga Negra: Aeonus,,https://www.wowhead.com/tbc/es/item=28189,sí
Guerrero,Protección,Arma de una mano,2,29165,Warbringer,Reputación,Thrallmar (Exaltado),,https://www.wowhead.com/tbc/es/item=29165,sí
Guerrero,Protección,Arma de una mano,3,29362,The Sun Eater,Mazmorra heroica,El Mechanar (heroica): Pathaleon the Calculator,,https://www.wowhead.com/tbc/es/item=29362,sí
Guerrero,Protección,Arma de una mano,4,27980,Terokk's Nightmace,Mazmorra,Salas Sethekk: Talon King Ikiss,,https://www.wowhead.com/tbc/es/item=27980,sí
Guerrero,Protección,Arma de una mano,5,23577,The Hungering Cold,Banda clásica,Naxxramas (nivel 60): Kel'Thuzad,Contenido de nivel 60 (antes de TBC),https://www.wowhead.com/tbc/es/item=23577,no
Guerrero,Protección,Arma de una mano,6,29156,Honor's Call,Reputación,Bastión del Honor (Exaltado),,https://www.wowhead.com/tbc/es/item=29156,sí
Guerrero,Protección,Escudo,1,29266,Azure-Shield of Coldarra,Insignias,"Insignias de Justicia (G'eras, Shattrath)",,https://www.wowhead.com/tbc/es/item=29266,sí
Guerrero,Protección,Escudo,2,29176,Crest of the Sha'tar,Reputación,Los Sha'tar (Exaltado),,https://www.wowhead.com/tbc/es/item=29176,sí
Guerrero,Protección,Escudo,3,32652,Ogri'la Aegis,Reputación,Ogri'la (Reverenciado),Disponible desde la fase 2,https://www.wowhead.com/tbc/es/item=32652,no
Guerrero,Protección,Escudo,4,32082,The Fel Barrier,Mazmorra heroica,Tumbas de Maná (heroica): Nexus-Prince Shaffar,,https://www.wowhead.com/tbc/es/item=32082,sí
Guerrero,Protección,Escudo,5,28316,Aegis of the Sunbird,Mazmorra,El Invernáculo: High Botanist Freywinn,,https://www.wowhead.com/tbc/es/item=28316,sí
Guerrero,Protección,Escudo,6,27887,Platinum Shield of the Valorous,Mazmorra,Laberinto de las Sombras: Ambassador Hellmaw,,https://www.wowhead.com/tbc/es/item=27887,sí
Guerrero,Protección,A distancia,1,32756,Gyro-Balanced Khorium Destroyer,Profesión,Ingeniería,,https://www.wowhead.com/tbc/es/item=32756,sí
Guerrero,Protección,A distancia,2,32645,Crystalline Crossbow,Reputación,Ogri'la (Exaltado),Disponible desde la fase 2,https://www.wowhead.com/tbc/es/item=32645,no
Guerrero,Protección,A distancia,3,32780,The Boomstick,Mazmorra heroica,Salas Sethekk (heroica): Anzu,,https://www.wowhead.com/tbc/es/item=32780,sí
Guerrero,Protección,A distancia,4,34622,Spinesever,Otro,Botín de mundo (épico aleatorio),,https://www.wowhead.com/tbc/es/item=34622,sí
Guerrero,Protección,A distancia,5,27817,Starbolt Longbow,Mazmorra heroica,Tumbas de Maná (heroica): Pandemonius,,https://www.wowhead.com/tbc/es/item=27817,sí
Guerrero,Protección,A distancia,6,30227,Mark V's Throwing Star,Misión,Mark V is Alive! (Netherstorm),,https://www.wowhead.com/tbc/es/item=30227,sí
Guerrero,DPS (Armas/Furia),Cabeza,1,32461,Furious Gizmatic Goggles,Profesión,Ingeniería,Receta disponible desde la fase 2,https://www.wowhead.com/tbc/es/item=32461,no
Guerrero,DPS (Armas/Furia),Cabeza,2,32087,Mask of the Deceiver,Insignias,"Insignias de Justicia (G'eras, Shattrath)",,https://www.wowhead.com/tbc/es/item=32087,sí
Guerrero,DPS (Armas/Furia),Cabeza,3,28224,Wastewalker Helm,Mazmorra heroica,Antiguas Laderas de Trabalomas (heroica): Epoch Hunter,,https://www.wowhead.com/tbc/es/item=28224,sí
Guerrero,DPS (Armas/Furia),Cabeza,4,28182,Helm of the Claw,Misión,The Warlord's Hideout (The Steamvault),,https://www.wowhead.com/tbc/es/item=28182,sí
Guerrero,DPS (Armas/Furia),Cabeza,5,31105,Overlord's Helmet of Second Sight,Misión,"Teron Gorefiend, I am... (Shadowmoon Valley)",,https://www.wowhead.com/tbc/es/item=31105,sí
Guerrero,DPS (Armas/Furia),Hombros,1,33173,Ragesteel Shoulders,Profesión,Herrería,,https://www.wowhead.com/tbc/es/item=33173,sí
Guerrero,DPS (Armas/Furia),Hombros,2,27797,Wastewalker Shoulderpads,Mazmorra heroica,Criptas Auchenai (heroica): Avatar of the Martyred,,https://www.wowhead.com/tbc/es/item=27797,sí
Guerrero,DPS (Armas/Furia),Hombros,3,27434,Mantle of Perenolde,Mazmorra,Antiguas Laderas de Trabalomas: Epoch Hunter,,https://www.wowhead.com/tbc/es/item=27434,sí
Guerrero,DPS (Armas/Furia),Hombros,4,25790,Expedition Scout's Epaulets,Misión,Fel Embers (Hellfire Citadel),,https://www.wowhead.com/tbc/es/item=25790,sí
Guerrero,DPS (Armas/Furia),Espalda,1,24259,Vengeance Wrap,Profesión,Sastrería,,https://www.wowhead.com/tbc/es/item=24259,sí
Guerrero,DPS (Armas/Furia),Espalda,2,27878,Auchenai Death Shroud,Mazmorra heroica,Criptas Auchenai (heroica): Avatar of the Martyred,,https://www.wowhead.com/tbc/es/item=27878,sí
Guerrero,DPS (Armas/Furia),Espalda,3,23045,Shroud of Dominion,Banda clásica,Naxxramas (nivel 60): Sapphiron,Contenido de nivel 60 (antes de TBC),https://www.wowhead.com/tbc/es/item=23045,no
Guerrero,DPS (Armas/Furia),Espalda,4,27892,Cloak of the Inciter,Mazmorra,Laberinto de las Sombras: Blackheart the Inciter,,https://www.wowhead.com/tbc/es/item=27892,sí
Guerrero,DPS (Armas/Furia),Pecho,1,24544,Gladiator's Plate Chestpiece,JcJ,Arena temporada 1 (Gladiador): puntos de arena y honor,,https://www.wowhead.com/tbc/es/item=24544,sí
Guerrero,DPS (Armas/Furia),Pecho,2,23522,Ragesteel Breastplate,Profesión,Herrería,,https://www.wowhead.com/tbc/es/item=23522,sí
Guerrero,DPS (Armas/Furia),Pecho,3,28403,Doomplate Chestguard,Mazmorra,El Arcatraz: Harbinger Skyriss,,https://www.wowhead.com/tbc/es/item=28403,sí
Guerrero,DPS (Armas/Furia),Pecho,4,30258,Chestplate of A'dal,Misión,Special Delivery to Shattrath City (Shattrath City),,https://www.wowhead.com/tbc/es/item=30258,sí
Guerrero,DPS (Armas/Furia),Muñecas,1,32818,Veteran's Plate Bracers,JcJ,Arena temporada 2,Disponible desde la fase 2,https://www.wowhead.com/tbc/es/item=32818,no
Guerrero,DPS (Armas/Furia),Muñecas,2,23537,Black Felsteel Bracers,Profesión,Herrería,,https://www.wowhead.com/tbc/es/item=23537,sí
Guerrero,DPS (Armas/Furia),Muñecas,3,22936,Wristguards of Vengeance,Banda clásica,Naxxramas (nivel 60): Anub'Rekhan,Contenido de nivel 60 (antes de TBC),https://www.wowhead.com/tbc/es/item=22936,no
Guerrero,DPS (Armas/Furia),Muñecas,4,28171,Spymistress's Wristguards,Misión,The Soul Devices (Auchindoun),,https://www.wowhead.com/tbc/es/item=28171,sí
Guerrero,DPS (Armas/Furia),Manos,1,25685,Fel Leather Gloves,Profesión,Peletería,,https://www.wowhead.com/tbc/es/item=25685,sí
Guerrero,DPS (Armas/Furia),Manos,2,27497,Doomplate Gauntlets,Mazmorra heroica,El Horno de Sangre (heroica): Keli'dan the Breaker,,https://www.wowhead.com/tbc/es/item=27497,sí
Guerrero,DPS (Armas/Furia),Manos,3,23520,Ragesteel Gloves,Profesión,Herrería,,https://www.wowhead.com/tbc/es/item=23520,sí
Guerrero,DPS (Armas/Furia),Cintura,1,32805,Veteran's Plate Belt,JcJ,Arena temporada 2,Disponible desde la fase 2,https://www.wowhead.com/tbc/es/item=32805,no
Guerrero,DPS (Armas/Furia),Cintura,2,27985,Deathforge Girdle,Mazmorra,Salas Sethekk: Talon King Ikiss,,https://www.wowhead.com/tbc/es/item=27985,sí
Guerrero,DPS (Armas/Furia),Cintura,3,29247,Girdle of the Deathdealer,Mazmorra heroica,La Ciénaga Negra (heroica): Aeonus,,https://www.wowhead.com/tbc/es/item=29247,sí
Guerrero,DPS (Armas/Furia),Cintura,4,31462,Shattrath's Champion Belt,Misión,How to Break Into the Arcatraz (Tempest Keep),,https://www.wowhead.com/tbc/es/item=31462,sí
Guerrero,DPS (Armas/Furia),Piernas,1,30538,Midnight Legguards,Mazmorra heroica,Recinto de los Esclavos (heroica): Quagmirran,,https://www.wowhead.com/tbc/es/item=30538,sí
Guerrero,DPS (Armas/Furia),Piernas,2,25687,Fel Leather Leggings,Profesión,Peletería,,https://www.wowhead.com/tbc/es/item=25687,sí
Guerrero,DPS (Armas/Furia),Piernas,3,30257,Shattrath Leggings,Misión,Special Delivery to Shattrath City (Shattrath City),,https://www.wowhead.com/tbc/es/item=30257,sí
Guerrero,DPS (Armas/Furia),Piernas,4,31544,Clefthoof Hide Leggings,Misión,Showdown (Blade's Edge Mountains),,https://www.wowhead.com/tbc/es/item=31544,sí
Guerrero,DPS (Armas/Furia),Pies,1,32793,Veteran's Plate Greaves,JcJ,Arena temporada 2,Disponible desde la fase 2,https://www.wowhead.com/tbc/es/item=32793,no
Guerrero,DPS (Armas/Furia),Pies,2,32648,Vortex Walking Boots,Reputación,Ogri'la (Exaltado),Disponible desde la fase 2,https://www.wowhead.com/tbc/es/item=32648,no
Guerrero,DPS (Armas/Furia),Pies,3,25686,Fel Leather Boots,Profesión,Peletería,,https://www.wowhead.com/tbc/es/item=25686,sí
Guerrero,DPS (Armas/Furia),Pies,4,27867,Boots of the Unjust,Mazmorra heroica,Criptas Auchenai (heroica): Exarch Maladaar,,https://www.wowhead.com/tbc/es/item=27867,sí
Guerrero,DPS (Armas/Furia),Pies,5,28176,Sha'tari Wrought Greaves,Misión,Into the Heart of the Labyrinth (Auchindoun),,https://www.wowhead.com/tbc/es/item=28176,sí
Guerrero,DPS (Armas/Furia),Cuello,1,33057,Veteran's Band of Triumph,JcJ,Arena temporada 2,Disponible desde la fase 2,https://www.wowhead.com/tbc/es/item=33057,no
Guerrero,DPS (Armas/Furia),Cuello,2,29381,Choker of Vile Intent,Insignias,"Insignias de Justicia (G'eras, Shattrath)",,https://www.wowhead.com/tbc/es/item=29381,sí
Guerrero,DPS (Armas/Furia),Cuello,3,31695,Natasha's Choker,Misión,The Hound-Master (Blade's Edge Mountains),,https://www.wowhead.com/tbc/es/item=31695,sí
Guerrero,DPS (Armas/Furia),Cuello,4,27546,Traitor's Noose,Mazmorra heroica,Recinto de los Esclavos (heroica): Mennu the Betrayer,,https://www.wowhead.com/tbc/es/item=27546,sí
Guerrero,DPS (Armas/Furia),Anillos,1,23038,Band of Unnatural Forces,Banda clásica,Naxxramas (nivel 60): Loatheb,Contenido de nivel 60 (antes de TBC),https://www.wowhead.com/tbc/es/item=23038,no
Guerrero,DPS (Armas/Furia),Anillos,2,29379,Ring of Arathi Warlords,Insignias,"Insignias de Justicia (G'eras, Shattrath)",,https://www.wowhead.com/tbc/es/item=29379,sí
Guerrero,DPS (Armas/Furia),Anillos,3,30834,Shapeshifter's Signet,Reputación,Bajo Arrabal (Exaltado),,https://www.wowhead.com/tbc/es/item=30834,sí
Guerrero,DPS (Armas/Furia),Anillos,4,33057,Veteran's Band of Triumph,JcJ,Arena temporada 2,Disponible desde la fase 2,https://www.wowhead.com/tbc/es/item=33057,no
Guerrero,DPS (Armas/Furia),Anillos,5,28323,Ring of Umbral Doom,Mazmorra,El Invernáculo: Thorngrin the Tender,,https://www.wowhead.com/tbc/es/item=28323,sí
Guerrero,DPS (Armas/Furia),Anillos,6,31077,Slayer's Mark of the Redemption,Misión,Dissension Amongst the Ranks... (Shadowmoon Valley),,https://www.wowhead.com/tbc/es/item=31077,sí
Guerrero,DPS (Armas/Furia),Abalorios,1,29383,Bloodlust Brooch,Insignias,"Insignias de Justicia (G'eras, Shattrath)",,https://www.wowhead.com/tbc/es/item=29383,sí
Guerrero,DPS (Armas/Furia),Abalorios,2,21670,Badge of the Swarmguard,Banda clásica,Templo de Ahn'Qiraj: Battleguard Sartura,Contenido de nivel 60 (antes de TBC),https://www.wowhead.com/tbc/es/item=21670,no
Guerrero,DPS (Armas/Furia),Abalorios,3,28034,Hourglass of the Unraveller,Mazmorra,La Ciénaga Negra: Temporus,,https://www.wowhead.com/tbc/es/item=28034,sí
Guerrero,DPS (Armas/Furia),Abalorios,4,28288,Abacus of Violent Odds,Mazmorra,El Mechanar: Pathaleon the Calculator,,https://www.wowhead.com/tbc/es/item=28288,sí
Guerrero,DPS (Armas/Furia),Abalorios,5,23041,Slayer's Crest,Banda clásica,Naxxramas (nivel 60): Sapphiron,Contenido de nivel 60 (antes de TBC),https://www.wowhead.com/tbc/es/item=23041,no
Guerrero,DPS (Armas/Furia),Mano principal,1,28438,Dragonmaw,Profesión,Herrería,,https://www.wowhead.com/tbc/es/item=28438,sí
Guerrero,DPS (Armas/Furia),Mano principal,2,28437,Drakefist Hammer,Profesión,Herrería,,https://www.wowhead.com/tbc/es/item=28437,sí
Guerrero,DPS (Armas/Furia),Mano principal,3,28295,Gladiator's Slicer,JcJ,Arena temporada 1 (Gladiador): puntos de arena y honor,,https://www.wowhead.com/tbc/es/item=28295,sí
Guerrero,DPS (Armas/Furia),Mano principal,4,27872,The Harvester of Souls,Mazmorra heroica,Criptas Auchenai (heroica): Exarch Maladaar,,https://www.wowhead.com/tbc/es/item=27872,sí
Guerrero,DPS (Armas/Furia),Mano principal,5,29124,Vindicator's Brand,Reputación,Los Aldor (Exaltado),,https://www.wowhead.com/tbc/es/item=29124,sí
Guerrero,DPS (Armas/Furia),Mano izquierda,1,28295,Gladiator's Slicer,JcJ,Arena temporada 1 (Gladiador): puntos de arena y honor,,https://www.wowhead.com/tbc/es/item=28295,sí
Guerrero,DPS (Armas/Furia),Mano izquierda,2,29124,Vindicator's Brand,Reputación,Los Aldor (Exaltado),,https://www.wowhead.com/tbc/es/item=29124,sí
Guerrero,DPS (Armas/Furia),Mano izquierda,3,23542,Fel Edged Battleaxe,Profesión,Herrería,,https://www.wowhead.com/tbc/es/item=23542,sí
Guerrero,DPS (Armas/Furia),Mano izquierda,4,27872,The Harvester of Souls,Mazmorra heroica,Criptas Auchenai (heroica): Exarch Maladaar,,https://www.wowhead.com/tbc/es/item=27872,sí
Guerrero,DPS (Armas/Furia),Mano izquierda,5,28189,Latro's Shifting Sword,Mazmorra,La Ciénaga Negra: Aeonus,,https://www.wowhead.com/tbc/es/item=28189,sí
Guerrero,DPS (Armas/Furia),Arma de dos manos,1,28429,Lionheart Champion,Profesión,Herrería,,https://www.wowhead.com/tbc/es/item=28429,sí
Guerrero,DPS (Armas/Furia),Arma de dos manos,2,29356,Quantum Blade,Mazmorra heroica,La Ciénaga Negra (heroica): Aeonus,,https://www.wowhead.com/tbc/es/item=29356,sí
Guerrero,DPS (Armas/Furia),Arma de dos manos,3,28441,Deep Thunder,Profesión,Herrería,,https://www.wowhead.com/tbc/es/item=28441,sí
Guerrero,DPS (Armas/Furia),Arma de dos manos,4,24550,Gladiator's Greatsword,JcJ,Arena temporada 1 (Gladiador): puntos de arena y honor,,https://www.wowhead.com/tbc/es/item=24550,sí
Guerrero,DPS (Armas/Furia),Arma de dos manos,5,28428,Lionheart Blade,Profesión,Herrería,,https://www.wowhead.com/tbc/es/item=28428,sí
Guerrero,DPS (Armas/Furia),A distancia,1,30279,Mama's Insurance,Misión,Declawing Doomclaw (Netherstorm),,https://www.wowhead.com/tbc/es/item=30279,sí
Guerrero,DPS (Armas/Furia),A distancia,2,29152,Marksman's Bow,Reputación,Thrallmar (Exaltado),,https://www.wowhead.com/tbc/es/item=29152,sí
Brujo,Aflicción,Cabeza,1,32494,Destruction Holo-gogs,Profesión,Ingeniería,Receta disponible desde la fase 2,https://www.wowhead.com/tbc/es/item=32494,no
Brujo,Aflicción,Cabeza,2,24266,Spellstrike Hood,Profesión,Sastrería,,https://www.wowhead.com/tbc/es/item=24266,sí
Brujo,Aflicción,Cabeza,3,31104,Evoker's Helmet of Second Sight,Misión,"Teron Gorefiend, I am... (Shadowmoon Valley)",,https://www.wowhead.com/tbc/es/item=31104,sí
Brujo,Aflicción,Cabeza,4,28278,Incanter's Cowl,Mazmorra,El Mechanar: Pathaleon the Calculator,,https://www.wowhead.com/tbc/es/item=28278,sí
Brujo,Aflicción,Cabeza,5,28415,Hood of Oblivion,Mazmorra,El Arcatraz: Harbinger Skyriss,,https://www.wowhead.com/tbc/es/item=28415,sí
Brujo,Aflicción,Cabeza,6,28169,Mag'hari Ritualist's Horns,Misión,Hero of the Mag'har (Nagrand),,https://www.wowhead.com/tbc/es/item=28169,sí
Brujo,Aflicción,Hombros,1,21869,Frozen Shadoweave Shoulders,Profesión,Sastrería,,https://www.wowhead.com/tbc/es/item=21869,sí
Brujo,Aflicción,Hombros,2,22507,Plagueheart Shoulderpads,Banda clásica,Naxxramas (nivel 60): Patchwerk,Contenido de nivel 60 (antes de TBC),https://www.wowhead.com/tbc/es/item=22507,no
Brujo,Aflicción,Hombros,3,27796,Mana-Etched Spaulders,Mazmorra heroica,Recinto de los Esclavos (heroica): Quagmirran,,https://www.wowhead.com/tbc/es/item=27796,sí
Brujo,Aflicción,Hombros,4,27994,Mantle of Three Terrors,Mazmorra,La Ciénaga Negra: Chrono Lord Deja,,https://www.wowhead.com/tbc/es/item=27994,sí
Brujo,Aflicción,Hombros,5,30925,Spaulders of the Torn-heart,Misión,The Cipher of Damnation - The Third Fragment Recovered (Shadowmoon Valley),,https://www.wowhead.com/tbc/es/item=30925,sí
Brujo,Aflicción,Espalda,1,23050,Cloak of the Necropolis,Banda clásica,Naxxramas (nivel 60): Sapphiron,Contenido de nivel 60 (antes de TBC),https://www.wowhead.com/tbc/es/item=23050,no
Brujo,Aflicción,Espalda,2,27981,Sethekk Oracle Cloak,Mazmorra,Salas Sethekk: Talon King Ikiss,,https://www.wowhead.com/tbc/es/item=27981,sí
Brujo,Aflicción,Espalda,3,22731,Cloak of the Devoured,Banda clásica,Templo de Ahn'Qiraj: C'Thun,Contenido de nivel 60 (antes de TBC),https://www.wowhead.com/tbc/es/item=22731,no
Brujo,Aflicción,Espalda,4,31140,Cloak of Entropy,Botín de mundo,Botín de mundo ligado al equipar (se puede comprar en la subasta),,https://www.wowhead.com/tbc/es/item=31140,sí
Brujo,Aflicción,Pecho,1,21871,Frozen Shadoweave Robe,Profesión,Sastrería,,https://www.wowhead.com/tbc/es/item=21871,sí
Brujo,Aflicción,Pecho,2,31297,Robe of the Crimson Order,Botín,Cofre (objeto del mundo),,https://www.wowhead.com/tbc/es/item=31297,sí
Brujo,Aflicción,Pecho,3,22504,Plagueheart Robe,Banda clásica,Naxxramas (nivel 60): The Four Horsemen,Contenido de nivel 60 (antes de TBC),https://www.wowhead.com/tbc/es/item=22504,no
Brujo,Aflicción,Pecho,4,29341,Auchenai Anchorite's Robe,Misión,Everything Will Be Alright (Auchenai Crypts),,https://www.wowhead.com/tbc/es/item=29341,sí
Brujo,Aflicción,Pecho,5,28191,Mana-Etched Vestments,Mazmorra heroica,Antiguas Laderas de Trabalomas (heroica): Epoch Hunter,,https://www.wowhead.com/tbc/es/item=28191,sí
Brujo,Aflicción,Pecho,6,28232,Robe of Oblivion,Mazmorra,Laberinto de las Sombras: Murmur,,https://www.wowhead.com/tbc/es/item=28232,sí
Brujo,Aflicción,Muñecas,1,21186,Rockfury Bracers,Misión,Stalwart's Battlegear (Silithus),,https://www.wowhead.com/tbc/es/item=21186,sí
Brujo,Aflicción,Muñecas,2,24250,Bracers of Havok,Profesión,Sastrería,,https://www.wowhead.com/tbc/es/item=24250,sí
Brujo,Aflicción,Muñecas,3,27462,Crimson Bracers of Gloom,Mazmorra heroica,Murallas del Fuego Infernal (heroica): Omor the Unscarred,,https://www.wowhead.com/tbc/es/item=27462,sí
Brujo,Aflicción,Manos,1,31149,Gloves of Pandemonium,Botín de mundo,Botín de mundo ligado al equipar (se puede comprar en la subasta),,https://www.wowhead.com/tbc/es/item=31149,sí
Brujo,Aflicción,Manos,2,21585,Dark Storm Gauntlets,Banda clásica,Templo de Ahn'Qiraj: C'Thun,Contenido de nivel 60 (antes de TBC),https://www.wowhead.com/tbc/es/item=21585,no
Brujo,Aflicción,Manos,3,27465,Mana-Etched Gloves,Mazmorra heroica,Murallas del Fuego Infernal (heroica): Omor the Unscarred,,https://www.wowhead.com/tbc/es/item=27465,sí
Brujo,Aflicción,Manos,4,27537,Gloves of Oblivion,Mazmorra,Las Salas Arrasadas: Warchief Kargath Bladefist,,https://www.wowhead.com/tbc/es/item=27537,sí
Brujo,Aflicción,Manos,5,24450,Manaspark Gloves,Mazmorra,La Sotiénaga: Hungarfen,,https://www.wowhead.com/tbc/es/item=24450,sí
Brujo,Aflicción,Cintura,1,30038,Belt of Blasting,Profesión,Sastrería,Receta disponible desde la fase 2,https://www.wowhead.com/tbc/es/item=30038,no
Brujo,Aflicción,Cintura,2,24256,Girdle of Ruination,Profesión,Sastrería,,https://www.wowhead.com/tbc/es/item=24256,sí
Brujo,Aflicción,Cintura,3,29241,Belt of Depravity,Mazmorra heroica,El Arcatraz (heroica): Harbinger Skyriss,,https://www.wowhead.com/tbc/es/item=29241,sí
Brujo,Aflicción,Cintura,4,22730,Eyestalk Waist Cord,Banda clásica,Templo de Ahn'Qiraj: C'Thun,Contenido de nivel 60 (antes de TBC),https://www.wowhead.com/tbc/es/item=22730,no
Brujo,Aflicción,Cintura,5,31461,A'dal's Gift,Misión,How to Break Into the Arcatraz (Tempest Keep),,https://www.wowhead.com/tbc/es/item=31461,sí
Brujo,Aflicción,Cintura,6,27795,Sash of Serpentra,Mazmorra,La Cámara de Vapor: Warlord Kalithresh,,https://www.wowhead.com/tbc/es/item=27795,sí
Brujo,Aflicción,Piernas,1,24262,Spellstrike Pants,Profesión,Sastrería,,https://www.wowhead.com/tbc/es/item=24262,sí
Brujo,Aflicción,Piernas,2,30531,Breeches of the Occultist,Mazmorra heroica,La Ciénaga Negra (heroica): Aeonus,,https://www.wowhead.com/tbc/es/item=30531,sí
Brujo,Aflicción,Piernas,3,23070,Leggings of Polarity,Banda clásica,Naxxramas (nivel 60): Thaddius,Contenido de nivel 60 (antes de TBC),https://www.wowhead.com/tbc/es/item=23070,no
Brujo,Aflicción,Piernas,4,19133,Fel Infused Leggings,Banda clásica,Jefe de mundo (nivel 60): Lord Kazzak,Contenido de nivel 60 (antes de TBC),https://www.wowhead.com/tbc/es/item=19133,no
Brujo,Aflicción,Piernas,5,27948,Trousers of Oblivion,Mazmorra,Salas Sethekk: Talon King Ikiss,,https://www.wowhead.com/tbc/es/item=27948,sí
Brujo,Aflicción,Piernas,6,27907,Mana-Etched Pantaloons,Mazmorra heroica,La Sotiénaga (heroica): The Black Stalker,,https://www.wowhead.com/tbc/es/item=27907,sí
Brujo,Aflicción,Pies,1,21870,Frozen Shadoweave Boots,Profesión,Sastrería,,https://www.wowhead.com/tbc/es/item=21870,sí
Brujo,Aflicción,Pies,2,27821,Extravagant Boots of Malice,Mazmorra heroica,Tumbas de Maná (heroica): Tavarok,,https://www.wowhead.com/tbc/es/item=27821,sí
Brujo,Aflicción,Pies,3,28406,Sigil-Laced Boots,Mazmorra,El Arcatraz: Harbinger Skyriss,,https://www.wowhead.com/tbc/es/item=28406,sí
Brujo,Aflicción,Pies,4,28179,Shattrath Jumpers,Misión,Into the Heart of the Labyrinth (Auchindoun),,https://www.wowhead.com/tbc/es/item=28179,sí
Brujo,Aflicción,Pies,5,22508,Plagueheart Sandals,Banda clásica,Naxxramas (nivel 60): Instructor Razuvious,Contenido de nivel 60 (antes de TBC),https://www.wowhead.com/tbc/es/item=22508,no
Brujo,Aflicción,Cuello,1,28134,Brooch of Heightened Potential,Mazmorra,Laberinto de las Sombras: Blackheart the Inciter,,https://www.wowhead.com/tbc/es/item=28134,sí
Brujo,Aflicción,Cuello,2,27758,Hydra-fang Necklace,Mazmorra heroica,La Sotiénaga (heroica): Ghaz'an,,https://www.wowhead.com/tbc/es/item=27758,sí
Brujo,Aflicción,Cuello,3,21608,Amulet of Vek'nilash,Banda clásica,Templo de Ahn'Qiraj: Twin Emperors,Contenido de nivel 60 (antes de TBC),https://www.wowhead.com/tbc/es/item=21608,no
Brujo,Aflicción,Cuello,4,23057,Gem of Trapped Innocents,Banda clásica,Naxxramas (nivel 60): Kel'Thuzad,Contenido de nivel 60 (antes de TBC),https://www.wowhead.com/tbc/es/item=23057,no
Brujo,Aflicción,Cuello,5,18814,Choker of the Fire Lord,Banda clásica,Núcleo de Magma: Ragnaros,Contenido de nivel 60 (antes de TBC),https://www.wowhead.com/tbc/es/item=18814,no
Brujo,Aflicción,Anillos,1,29172,Ashyen's Gift,Reputación,Expedición Cenarion (Exaltado),,https://www.wowhead.com/tbc/es/item=29172,sí
Brujo,Aflicción,Anillos,2,28227,Sparking Arcanite Ring,Mazmorra heroica,Antiguas Laderas de Trabalomas (heroica): Epoch Hunter,,https://www.wowhead.com/tbc/es/item=28227,sí
Brujo,Aflicción,Anillos,3,28555,Seal of the Exorcist,JcJ,JcJ de mundo: Terokkar (Fichas de Espíritu),,https://www.wowhead.com/tbc/es/item=28555,sí
Brujo,Aflicción,Anillos,4,29126,Seer's Signet,Reputación,Los Arúspices (Exaltado),,https://www.wowhead.com/tbc/es/item=29126,sí
Brujo,Aflicción,Anillos,5,21709,Ring of the Fallen God,Banda clásica,Templo de Ahn'Qiraj: C'Thun,Contenido de nivel 60 (antes de TBC),https://www.wowhead.com/tbc/es/item=21709,no
Brujo,Aflicción,Anillos,6,23031,Band of the Inevitable,Banda clásica,Naxxramas (nivel 60): Noth the Plaguebringer,Contenido de nivel 60 (antes de TBC),https://www.wowhead.com/tbc/es/item=23031,no
Brujo,Aflicción,Abalorios,1,23207,Mark of the Champion,Banda clásica,Naxxramas (nivel 60): Kel'Thuzad,Contenido de nivel 60 (antes de TBC),https://www.wowhead.com/tbc/es/item=23207,no
Brujo,Aflicción,Abalorios,2,29370,Icon of the Silver Crescent,Insignias,"Insignias de Justicia (G'eras, Shattrath)",,https://www.wowhead.com/tbc/es/item=29370,sí
Brujo,Aflicción,Abalorios,3,27683,Quagmirran's Eye,Mazmorra heroica,Recinto de los Esclavos (heroica): Quagmirran,,https://www.wowhead.com/tbc/es/item=27683,sí
Brujo,Aflicción,Abalorios,4,29132,Scryer's Bloodgem,Reputación,Los Arúspices (Reverenciado),,https://www.wowhead.com/tbc/es/item=29132,sí
Brujo,Aflicción,Abalorios,5,19379,Neltharion's Tear,Banda clásica,Guarida de Alanegra: Nefarian,Contenido de nivel 60 (antes de TBC),https://www.wowhead.com/tbc/es/item=19379,no
Brujo,Aflicción,Abalorios,6,23046,The Restrained Essence of Sapphiron,Banda clásica,Naxxramas (nivel 60): Sapphiron,Contenido de nivel 60 (antes de TBC),https://www.wowhead.com/tbc/es/item=23046,no
Brujo,Aflicción,Arma de una mano,1,31336,Blade of Wizardry,Otro,Botín de mundo (épico aleatorio),,https://www.wowhead.com/tbc/es/item=31336,sí
Brujo,Aflicción,Arma de una mano,2,30787,Illidari-Bane Mageblade,Misión,Quenching the Blade (Shadowmoon Valley),,https://www.wowhead.com/tbc/es/item=30787,sí
Brujo,Aflicción,Arma de una mano,3,29155,Stormcaller,Reputación,Thrallmar (Exaltado),,https://www.wowhead.com/tbc/es/item=29155,sí
Brujo,Aflicción,Arma de una mano,4,29153,Blade of the Archmage,Reputación,Bastión del Honor (Exaltado),,https://www.wowhead.com/tbc/es/item=29153,sí
Brujo,Aflicción,Arma de una mano,5,27905,Greatsword of Horrid Dreams,Mazmorra,Laberinto de las Sombras: Murmur,,https://www.wowhead.com/tbc/es/item=27905,sí
Brujo,Aflicción,Arma de dos manos,1,22630,"Atiesh, Greatstaff of the Guardian",Misión,"Atiesh, Greatstaff of the Guardian",,https://www.wowhead.com/tbc/es/item=22630,sí
Brujo,Aflicción,Varita,1,22821,Doomfinger,Banda clásica,Naxxramas (nivel 60): Kel'Thuzad,Contenido de nivel 60 (antes de TBC),https://www.wowhead.com/tbc/es/item=22821,no
Brujo,Aflicción,Varita,2,29350,The Black Stalk,Mazmorra heroica,La Sotiénaga (heroica): The Black Stalker,,https://www.wowhead.com/tbc/es/item=29350,sí
Brujo,Aflicción,Varita,3,22820,Wand of Fates,Banda clásica,Naxxramas (nivel 60): Patchwerk,Contenido de nivel 60 (antes de TBC),https://www.wowhead.com/tbc/es/item=22820,no
Brujo,Aflicción,Varita,4,28386,Nether Core's Control Rod,Mazmorra,El Arcatraz: Dalliah the Doomsayer,,https://www.wowhead.com/tbc/es/item=28386,sí
Brujo,Aflicción,Mano izquierda,1,29273,Khadgar's Knapsack,Insignias,"Insignias de Justicia (G'eras, Shattrath)",,https://www.wowhead.com/tbc/es/item=29273,sí
Brujo,Aflicción,Mano izquierda,2,29272,Orb of the Soul-Eater,Insignias,"Insignias de Justicia (G'eras, Shattrath)",,https://www.wowhead.com/tbc/es/item=29272,sí
Brujo,Aflicción,Mano izquierda,3,28412,Lamp of Peaceful Radiance,Mazmorra,El Arcatraz: Harbinger Skyriss,,https://www.wowhead.com/tbc/es/item=28412,sí
Brujo,Aflicción,Mano izquierda,4,23049,Sapphiron's Left Eye,Banda clásica,Naxxramas (nivel 60): Sapphiron,Contenido de nivel 60 (antes de TBC),https://www.wowhead.com/tbc/es/item=23049,no
Brujo,Aflicción,Mano izquierda,5,21597,Royal Scepter of Vek'lor,Banda clásica,Templo de Ahn'Qiraj: Twin Emperors,Contenido de nivel 60 (antes de TBC),https://www.wowhead.com/tbc/es/item=21597,no
Brujo,Demonología,Cabeza,1,32494,Destruction Holo-gogs,Profesión,Ingeniería,Receta disponible desde la fase 2,https://www.wowhead.com/tbc/es/item=32494,no
Brujo,Demonología,Cabeza,2,24266,Spellstrike Hood,Profesión,Sastrería,,https://www.wowhead.com/tbc/es/item=24266,sí
Brujo,Demonología,Cabeza,3,31104,Evoker's Helmet of Second Sight,Misión,"Teron Gorefiend, I am... (Shadowmoon Valley)",,https://www.wowhead.com/tbc/es/item=31104,sí
Brujo,Demonología,Cabeza,4,28278,Incanter's Cowl,Mazmorra,El Mechanar: Pathaleon the Calculator,,https://www.wowhead.com/tbc/es/item=28278,sí
Brujo,Demonología,Cabeza,5,28415,Hood of Oblivion,Mazmorra,El Arcatraz: Harbinger Skyriss,,https://www.wowhead.com/tbc/es/item=28415,sí
Brujo,Demonología,Cabeza,6,28169,Mag'hari Ritualist's Horns,Misión,Hero of the Mag'har (Nagrand),,https://www.wowhead.com/tbc/es/item=28169,sí
Brujo,Demonología,Hombros,1,21869,Frozen Shadoweave Shoulders,Profesión,Sastrería,,https://www.wowhead.com/tbc/es/item=21869,sí
Brujo,Demonología,Hombros,2,22507,Plagueheart Shoulderpads,Banda clásica,Naxxramas (nivel 60): Patchwerk,Contenido de nivel 60 (antes de TBC),https://www.wowhead.com/tbc/es/item=22507,no
Brujo,Demonología,Hombros,3,27796,Mana-Etched Spaulders,Mazmorra heroica,Recinto de los Esclavos (heroica): Quagmirran,,https://www.wowhead.com/tbc/es/item=27796,sí
Brujo,Demonología,Hombros,4,27994,Mantle of Three Terrors,Mazmorra,La Ciénaga Negra: Chrono Lord Deja,,https://www.wowhead.com/tbc/es/item=27994,sí
Brujo,Demonología,Hombros,5,30925,Spaulders of the Torn-heart,Misión,The Cipher of Damnation - The Third Fragment Recovered (Shadowmoon Valley),,https://www.wowhead.com/tbc/es/item=30925,sí
Brujo,Demonología,Espalda,1,23050,Cloak of the Necropolis,Banda clásica,Naxxramas (nivel 60): Sapphiron,Contenido de nivel 60 (antes de TBC),https://www.wowhead.com/tbc/es/item=23050,no
Brujo,Demonología,Espalda,2,27981,Sethekk Oracle Cloak,Mazmorra,Salas Sethekk: Talon King Ikiss,,https://www.wowhead.com/tbc/es/item=27981,sí
Brujo,Demonología,Espalda,3,22731,Cloak of the Devoured,Banda clásica,Templo de Ahn'Qiraj: C'Thun,Contenido de nivel 60 (antes de TBC),https://www.wowhead.com/tbc/es/item=22731,no
Brujo,Demonología,Espalda,4,31140,Cloak of Entropy,Botín de mundo,Botín de mundo ligado al equipar (se puede comprar en la subasta),,https://www.wowhead.com/tbc/es/item=31140,sí
Brujo,Demonología,Pecho,1,21871,Frozen Shadoweave Robe,Profesión,Sastrería,,https://www.wowhead.com/tbc/es/item=21871,sí
Brujo,Demonología,Pecho,2,31297,Robe of the Crimson Order,Botín,Cofre (objeto del mundo),,https://www.wowhead.com/tbc/es/item=31297,sí
Brujo,Demonología,Pecho,3,22504,Plagueheart Robe,Banda clásica,Naxxramas (nivel 60): The Four Horsemen,Contenido de nivel 60 (antes de TBC),https://www.wowhead.com/tbc/es/item=22504,no
Brujo,Demonología,Pecho,4,29341,Auchenai Anchorite's Robe,Misión,Everything Will Be Alright (Auchenai Crypts),,https://www.wowhead.com/tbc/es/item=29341,sí
Brujo,Demonología,Pecho,5,28191,Mana-Etched Vestments,Mazmorra heroica,Antiguas Laderas de Trabalomas (heroica): Epoch Hunter,,https://www.wowhead.com/tbc/es/item=28191,sí
Brujo,Demonología,Pecho,6,28232,Robe of Oblivion,Mazmorra,Laberinto de las Sombras: Murmur,,https://www.wowhead.com/tbc/es/item=28232,sí
Brujo,Demonología,Muñecas,1,21186,Rockfury Bracers,Misión,Stalwart's Battlegear (Silithus),,https://www.wowhead.com/tbc/es/item=21186,sí
Brujo,Demonología,Muñecas,2,24250,Bracers of Havok,Profesión,Sastrería,,https://www.wowhead.com/tbc/es/item=24250,sí
Brujo,Demonología,Muñecas,3,27462,Crimson Bracers of Gloom,Mazmorra heroica,Murallas del Fuego Infernal (heroica): Omor the Unscarred,,https://www.wowhead.com/tbc/es/item=27462,sí
Brujo,Demonología,Manos,1,21585,Dark Storm Gauntlets,Banda clásica,Templo de Ahn'Qiraj: C'Thun,Contenido de nivel 60 (antes de TBC),https://www.wowhead.com/tbc/es/item=21585,no
Brujo,Demonología,Manos,2,31149,Gloves of Pandemonium,Botín de mundo,Botín de mundo ligado al equipar (se puede comprar en la subasta),,https://www.wowhead.com/tbc/es/item=31149,sí
Brujo,Demonología,Manos,3,27465,Mana-Etched Gloves,Mazmorra heroica,Murallas del Fuego Infernal (heroica): Omor the Unscarred,,https://www.wowhead.com/tbc/es/item=27465,sí
Brujo,Demonología,Manos,4,27537,Gloves of Oblivion,Mazmorra,Las Salas Arrasadas: Warchief Kargath Bladefist,,https://www.wowhead.com/tbc/es/item=27537,sí
Brujo,Demonología,Manos,5,24450,Manaspark Gloves,Mazmorra,La Sotiénaga: Hungarfen,,https://www.wowhead.com/tbc/es/item=24450,sí
Brujo,Demonología,Cintura,1,30038,Belt of Blasting,Profesión,Sastrería,Receta disponible desde la fase 2,https://www.wowhead.com/tbc/es/item=30038,no
Brujo,Demonología,Cintura,2,24256,Girdle of Ruination,Profesión,Sastrería,,https://www.wowhead.com/tbc/es/item=24256,sí
Brujo,Demonología,Cintura,3,29241,Belt of Depravity,Mazmorra heroica,El Arcatraz (heroica): Harbinger Skyriss,,https://www.wowhead.com/tbc/es/item=29241,sí
Brujo,Demonología,Cintura,4,22730,Eyestalk Waist Cord,Banda clásica,Templo de Ahn'Qiraj: C'Thun,Contenido de nivel 60 (antes de TBC),https://www.wowhead.com/tbc/es/item=22730,no
Brujo,Demonología,Cintura,5,31461,A'dal's Gift,Misión,How to Break Into the Arcatraz (Tempest Keep),,https://www.wowhead.com/tbc/es/item=31461,sí
Brujo,Demonología,Cintura,6,27795,Sash of Serpentra,Mazmorra,La Cámara de Vapor: Warlord Kalithresh,,https://www.wowhead.com/tbc/es/item=27795,sí
Brujo,Demonología,Piernas,1,24262,Spellstrike Pants,Profesión,Sastrería,,https://www.wowhead.com/tbc/es/item=24262,sí
Brujo,Demonología,Piernas,2,30531,Breeches of the Occultist,Mazmorra heroica,La Ciénaga Negra (heroica): Aeonus,,https://www.wowhead.com/tbc/es/item=30531,sí
Brujo,Demonología,Piernas,3,23070,Leggings of Polarity,Banda clásica,Naxxramas (nivel 60): Thaddius,Contenido de nivel 60 (antes de TBC),https://www.wowhead.com/tbc/es/item=23070,no
Brujo,Demonología,Piernas,4,19133,Fel Infused Leggings,Banda clásica,Jefe de mundo (nivel 60): Lord Kazzak,Contenido de nivel 60 (antes de TBC),https://www.wowhead.com/tbc/es/item=19133,no
Brujo,Demonología,Piernas,5,27948,Trousers of Oblivion,Mazmorra,Salas Sethekk: Talon King Ikiss,,https://www.wowhead.com/tbc/es/item=27948,sí
Brujo,Demonología,Piernas,6,27907,Mana-Etched Pantaloons,Mazmorra heroica,La Sotiénaga (heroica): The Black Stalker,,https://www.wowhead.com/tbc/es/item=27907,sí
Brujo,Demonología,Pies,1,21870,Frozen Shadoweave Boots,Profesión,Sastrería,,https://www.wowhead.com/tbc/es/item=21870,sí
Brujo,Demonología,Pies,2,27821,Extravagant Boots of Malice,Mazmorra heroica,Tumbas de Maná (heroica): Tavarok,,https://www.wowhead.com/tbc/es/item=27821,sí
Brujo,Demonología,Pies,3,28406,Sigil-Laced Boots,Mazmorra,El Arcatraz: Harbinger Skyriss,,https://www.wowhead.com/tbc/es/item=28406,sí
Brujo,Demonología,Pies,4,28179,Shattrath Jumpers,Misión,Into the Heart of the Labyrinth (Auchindoun),,https://www.wowhead.com/tbc/es/item=28179,sí
Brujo,Demonología,Pies,5,22508,Plagueheart Sandals,Banda clásica,Naxxramas (nivel 60): Instructor Razuvious,Contenido de nivel 60 (antes de TBC),https://www.wowhead.com/tbc/es/item=22508,no
Brujo,Demonología,Cuello,1,28134,Brooch of Heightened Potential,Mazmorra,Laberinto de las Sombras: Blackheart the Inciter,,https://www.wowhead.com/tbc/es/item=28134,sí
Brujo,Demonología,Cuello,2,27758,Hydra-fang Necklace,Mazmorra heroica,La Sotiénaga (heroica): Ghaz'an,,https://www.wowhead.com/tbc/es/item=27758,sí
Brujo,Demonología,Cuello,3,21608,Amulet of Vek'nilash,Banda clásica,Templo de Ahn'Qiraj: Twin Emperors,Contenido de nivel 60 (antes de TBC),https://www.wowhead.com/tbc/es/item=21608,no
Brujo,Demonología,Cuello,4,23057,Gem of Trapped Innocents,Banda clásica,Naxxramas (nivel 60): Kel'Thuzad,Contenido de nivel 60 (antes de TBC),https://www.wowhead.com/tbc/es/item=23057,no
Brujo,Demonología,Cuello,5,18814,Choker of the Fire Lord,Banda clásica,Núcleo de Magma: Ragnaros,Contenido de nivel 60 (antes de TBC),https://www.wowhead.com/tbc/es/item=18814,no
Brujo,Demonología,Anillos,1,29172,Ashyen's Gift,Reputación,Expedición Cenarion (Exaltado),,https://www.wowhead.com/tbc/es/item=29172,sí
Brujo,Demonología,Anillos,2,28227,Sparking Arcanite Ring,Mazmorra heroica,Antiguas Laderas de Trabalomas (heroica): Epoch Hunter,,https://www.wowhead.com/tbc/es/item=28227,sí
Brujo,Demonología,Anillos,3,28555,Seal of the Exorcist,JcJ,JcJ de mundo: Terokkar (Fichas de Espíritu),,https://www.wowhead.com/tbc/es/item=28555,sí
Brujo,Demonología,Anillos,4,29126,Seer's Signet,Reputación,Los Arúspices (Exaltado),,https://www.wowhead.com/tbc/es/item=29126,sí
Brujo,Demonología,Anillos,5,21709,Ring of the Fallen God,Banda clásica,Templo de Ahn'Qiraj: C'Thun,Contenido de nivel 60 (antes de TBC),https://www.wowhead.com/tbc/es/item=21709,no
Brujo,Demonología,Anillos,6,23031,Band of the Inevitable,Banda clásica,Naxxramas (nivel 60): Noth the Plaguebringer,Contenido de nivel 60 (antes de TBC),https://www.wowhead.com/tbc/es/item=23031,no
Brujo,Demonología,Abalorios,1,19337,The Black Book,Banda clásica,Guarida de Alanegra: Razorgore the Untamed,Contenido de nivel 60 (antes de TBC),https://www.wowhead.com/tbc/es/item=19337,no
Brujo,Demonología,Abalorios,2,23207,Mark of the Champion,Banda clásica,Naxxramas (nivel 60): Kel'Thuzad,Contenido de nivel 60 (antes de TBC),https://www.wowhead.com/tbc/es/item=23207,no
Brujo,Demonología,Abalorios,3,29370,Icon of the Silver Crescent,Insignias,"Insignias de Justicia (G'eras, Shattrath)",,https://www.wowhead.com/tbc/es/item=29370,sí
Brujo,Demonología,Abalorios,4,27683,Quagmirran's Eye,Mazmorra heroica,Recinto de los Esclavos (heroica): Quagmirran,,https://www.wowhead.com/tbc/es/item=27683,sí
Brujo,Demonología,Abalorios,5,29132,Scryer's Bloodgem,Reputación,Los Arúspices (Reverenciado),,https://www.wowhead.com/tbc/es/item=29132,sí
Brujo,Demonología,Abalorios,6,19379,Neltharion's Tear,Banda clásica,Guarida de Alanegra: Nefarian,Contenido de nivel 60 (antes de TBC),https://www.wowhead.com/tbc/es/item=19379,no
Brujo,Demonología,Arma de una mano,1,31336,Blade of Wizardry,Otro,Botín de mundo (épico aleatorio),,https://www.wowhead.com/tbc/es/item=31336,sí
Brujo,Demonología,Arma de una mano,2,30787,Illidari-Bane Mageblade,Misión,Quenching the Blade (Shadowmoon Valley),,https://www.wowhead.com/tbc/es/item=30787,sí
Brujo,Demonología,Arma de una mano,3,29155,Stormcaller,Reputación,Thrallmar (Exaltado),,https://www.wowhead.com/tbc/es/item=29155,sí
Brujo,Demonología,Arma de una mano,4,29153,Blade of the Archmage,Reputación,Bastión del Honor (Exaltado),,https://www.wowhead.com/tbc/es/item=29153,sí
Brujo,Demonología,Arma de una mano,5,27905,Greatsword of Horrid Dreams,Mazmorra,Laberinto de las Sombras: Murmur,,https://www.wowhead.com/tbc/es/item=27905,sí
Brujo,Demonología,Arma de dos manos,1,22630,"Atiesh, Greatstaff of the Guardian",Misión,"Atiesh, Greatstaff of the Guardian",,https://www.wowhead.com/tbc/es/item=22630,sí
Brujo,Demonología,Varita,1,28386,Nether Core's Control Rod,Mazmorra,El Arcatraz: Dalliah the Doomsayer,,https://www.wowhead.com/tbc/es/item=28386,sí
Brujo,Demonología,Varita,2,22821,Doomfinger,Banda clásica,Naxxramas (nivel 60): Kel'Thuzad,Contenido de nivel 60 (antes de TBC),https://www.wowhead.com/tbc/es/item=22821,no
Brujo,Demonología,Varita,3,29350,The Black Stalk,Mazmorra heroica,La Sotiénaga (heroica): The Black Stalker,,https://www.wowhead.com/tbc/es/item=29350,sí
Brujo,Demonología,Varita,4,22820,Wand of Fates,Banda clásica,Naxxramas (nivel 60): Patchwerk,Contenido de nivel 60 (antes de TBC),https://www.wowhead.com/tbc/es/item=22820,no
Brujo,Demonología,Mano izquierda,1,29273,Khadgar's Knapsack,Insignias,"Insignias de Justicia (G'eras, Shattrath)",,https://www.wowhead.com/tbc/es/item=29273,sí
Brujo,Demonología,Mano izquierda,2,29272,Orb of the Soul-Eater,Insignias,"Insignias de Justicia (G'eras, Shattrath)",,https://www.wowhead.com/tbc/es/item=29272,sí
Brujo,Demonología,Mano izquierda,3,28412,Lamp of Peaceful Radiance,Mazmorra,El Arcatraz: Harbinger Skyriss,,https://www.wowhead.com/tbc/es/item=28412,sí
Brujo,Demonología,Mano izquierda,4,23049,Sapphiron's Left Eye,Banda clásica,Naxxramas (nivel 60): Sapphiron,Contenido de nivel 60 (antes de TBC),https://www.wowhead.com/tbc/es/item=23049,no
Brujo,Destrucción,Cabeza,1,32494,Destruction Holo-gogs,Profesión,Ingeniería,Receta disponible desde la fase 2,https://www.wowhead.com/tbc/es/item=32494,no
Brujo,Destrucción,Cabeza,2,24266,Spellstrike Hood,Profesión,Sastrería,,https://www.wowhead.com/tbc/es/item=24266,sí
Brujo,Destrucción,Cabeza,3,31104,Evoker's Helmet of Second Sight,Misión,"Teron Gorefiend, I am... (Shadowmoon Valley)",,https://www.wowhead.com/tbc/es/item=31104,sí
Brujo,Destrucción,Cabeza,4,28278,Incanter's Cowl,Mazmorra,El Mechanar: Pathaleon the Calculator,,https://www.wowhead.com/tbc/es/item=28278,sí
Brujo,Destrucción,Cabeza,5,28415,Hood of Oblivion,Mazmorra,El Arcatraz: Harbinger Skyriss,,https://www.wowhead.com/tbc/es/item=28415,sí
Brujo,Destrucción,Cabeza,6,28169,Mag'hari Ritualist's Horns,Misión,Hero of the Mag'har (Nagrand),,https://www.wowhead.com/tbc/es/item=28169,sí
Brujo,Destrucción,Hombros,1,21869,Frozen Shadoweave Shoulders,Profesión,Sastrería,,https://www.wowhead.com/tbc/es/item=21869,sí
Brujo,Destrucción,Hombros,2,22507,Plagueheart Shoulderpads,Banda clásica,Naxxramas (nivel 60): Patchwerk,Contenido de nivel 60 (antes de TBC),https://www.wowhead.com/tbc/es/item=22507,no
Brujo,Destrucción,Hombros,3,27796,Mana-Etched Spaulders,Mazmorra heroica,Recinto de los Esclavos (heroica): Quagmirran,,https://www.wowhead.com/tbc/es/item=27796,sí
Brujo,Destrucción,Hombros,4,27994,Mantle of Three Terrors,Mazmorra,La Ciénaga Negra: Chrono Lord Deja,,https://www.wowhead.com/tbc/es/item=27994,sí
Brujo,Destrucción,Hombros,5,30925,Spaulders of the Torn-heart,Misión,The Cipher of Damnation - The Third Fragment Recovered (Shadowmoon Valley),,https://www.wowhead.com/tbc/es/item=30925,sí
Brujo,Destrucción,Espalda,1,23050,Cloak of the Necropolis,Banda clásica,Naxxramas (nivel 60): Sapphiron,Contenido de nivel 60 (antes de TBC),https://www.wowhead.com/tbc/es/item=23050,no
Brujo,Destrucción,Espalda,2,27981,Sethekk Oracle Cloak,Mazmorra,Salas Sethekk: Talon King Ikiss,,https://www.wowhead.com/tbc/es/item=27981,sí
Brujo,Destrucción,Espalda,3,22731,Cloak of the Devoured,Banda clásica,Templo de Ahn'Qiraj: C'Thun,Contenido de nivel 60 (antes de TBC),https://www.wowhead.com/tbc/es/item=22731,no
Brujo,Destrucción,Espalda,4,31140,Cloak of Entropy,Botín de mundo,Botín de mundo ligado al equipar (se puede comprar en la subasta),,https://www.wowhead.com/tbc/es/item=31140,sí
Brujo,Destrucción,Pecho,1,21871,Frozen Shadoweave Robe,Profesión,Sastrería,,https://www.wowhead.com/tbc/es/item=21871,sí
Brujo,Destrucción,Pecho,2,21848,Spellfire Robe,Profesión,Sastrería,,https://www.wowhead.com/tbc/es/item=21848,sí
Brujo,Destrucción,Pecho,3,31297,Robe of the Crimson Order,Botín,Cofre (objeto del mundo),,https://www.wowhead.com/tbc/es/item=31297,sí
Brujo,Destrucción,Pecho,4,22504,Plagueheart Robe,Banda clásica,Naxxramas (nivel 60): The Four Horsemen,Contenido de nivel 60 (antes de TBC),https://www.wowhead.com/tbc/es/item=22504,no
Brujo,Destrucción,Pecho,5,29341,Auchenai Anchorite's Robe,Misión,Everything Will Be Alright (Auchenai Crypts),,https://www.wowhead.com/tbc/es/item=29341,sí
Brujo,Destrucción,Pecho,6,28191,Mana-Etched Vestments,Mazmorra heroica,Antiguas Laderas de Trabalomas (heroica): Epoch Hunter,,https://www.wowhead.com/tbc/es/item=28191,sí
Brujo,Destrucción,Muñecas,1,21186,Rockfury Bracers,Misión,Stalwart's Battlegear (Silithus),,https://www.wowhead.com/tbc/es/item=21186,sí
Brujo,Destrucción,Muñecas,2,24250,Bracers of Havok,Profesión,Sastrería,,https://www.wowhead.com/tbc/es/item=24250,sí
Brujo,Destrucción,Muñecas,3,27462,Crimson Bracers of Gloom,Mazmorra heroica,Murallas del Fuego Infernal (heroica): Omor the Unscarred,,https://www.wowhead.com/tbc/es/item=27462,sí
Brujo,Destrucción,Manos,1,21847,Spellfire Gloves,Profesión,Sastrería,,https://www.wowhead.com/tbc/es/item=21847,sí
Brujo,Destrucción,Manos,2,31149,Gloves of Pandemonium,Botín de mundo,Botín de mundo ligado al equipar (se puede comprar en la subasta),,https://www.wowhead.com/tbc/es/item=31149,sí
Brujo,Destrucción,Manos,3,21585,Dark Storm Gauntlets,Banda clásica,Templo de Ahn'Qiraj: C'Thun,Contenido de nivel 60 (antes de TBC),https://www.wowhead.com/tbc/es/item=21585,no
Brujo,Destrucción,Manos,4,27465,Mana-Etched Gloves,Mazmorra heroica,Murallas del Fuego Infernal (heroica): Omor the Unscarred,,https://www.wowhead.com/tbc/es/item=27465,sí
Brujo,Destrucción,Manos,5,27537,Gloves of Oblivion,Mazmorra,Las Salas Arrasadas: Warchief Kargath Bladefist,,https://www.wowhead.com/tbc/es/item=27537,sí
Brujo,Destrucción,Manos,6,24450,Manaspark Gloves,Mazmorra,La Sotiénaga: Hungarfen,,https://www.wowhead.com/tbc/es/item=24450,sí
Brujo,Destrucción,Cintura,1,30038,Belt of Blasting,Profesión,Sastrería,Receta disponible desde la fase 2,https://www.wowhead.com/tbc/es/item=30038,no
Brujo,Destrucción,Cintura,2,21846,Spellfire Belt,Profesión,Sastrería,,https://www.wowhead.com/tbc/es/item=21846,sí
Brujo,Destrucción,Cintura,3,24256,Girdle of Ruination,Profesión,Sastrería,,https://www.wowhead.com/tbc/es/item=24256,sí
Brujo,Destrucción,Cintura,4,22730,Eyestalk Waist Cord,Banda clásica,Templo de Ahn'Qiraj: C'Thun,Contenido de nivel 60 (antes de TBC),https://www.wowhead.com/tbc/es/item=22730,no
Brujo,Destrucción,Cintura,5,31461,A'dal's Gift,Misión,How to Break Into the Arcatraz (Tempest Keep),,https://www.wowhead.com/tbc/es/item=31461,sí
Brujo,Destrucción,Cintura,6,27795,Sash of Serpentra,Mazmorra,La Cámara de Vapor: Warlord Kalithresh,,https://www.wowhead.com/tbc/es/item=27795,sí
Brujo,Destrucción,Piernas,1,24262,Spellstrike Pants,Profesión,Sastrería,,https://www.wowhead.com/tbc/es/item=24262,sí
Brujo,Destrucción,Piernas,2,30531,Breeches of the Occultist,Mazmorra heroica,La Ciénaga Negra (heroica): Aeonus,,https://www.wowhead.com/tbc/es/item=30531,sí
Brujo,Destrucción,Piernas,3,23070,Leggings of Polarity,Banda clásica,Naxxramas (nivel 60): Thaddius,Contenido de nivel 60 (antes de TBC),https://www.wowhead.com/tbc/es/item=23070,no
Brujo,Destrucción,Piernas,4,19133,Fel Infused Leggings,Banda clásica,Jefe de mundo (nivel 60): Lord Kazzak,Contenido de nivel 60 (antes de TBC),https://www.wowhead.com/tbc/es/item=19133,no
Brujo,Destrucción,Piernas,5,27948,Trousers of Oblivion,Mazmorra,Salas Sethekk: Talon King Ikiss,,https://www.wowhead.com/tbc/es/item=27948,sí
Brujo,Destrucción,Piernas,6,27907,Mana-Etched Pantaloons,Mazmorra heroica,La Sotiénaga (heroica): The Black Stalker,,https://www.wowhead.com/tbc/es/item=27907,sí
Brujo,Destrucción,Pies,1,21870,Frozen Shadoweave Boots,Profesión,Sastrería,,https://www.wowhead.com/tbc/es/item=21870,sí
Brujo,Destrucción,Pies,2,27821,Extravagant Boots of Malice,Mazmorra heroica,Tumbas de Maná (heroica): Tavarok,,https://www.wowhead.com/tbc/es/item=27821,sí
Brujo,Destrucción,Pies,3,28406,Sigil-Laced Boots,Mazmorra,El Arcatraz: Harbinger Skyriss,,https://www.wowhead.com/tbc/es/item=28406,sí
Brujo,Destrucción,Pies,4,28179,Shattrath Jumpers,Misión,Into the Heart of the Labyrinth (Auchindoun),,https://www.wowhead.com/tbc/es/item=28179,sí
Brujo,Destrucción,Pies,5,22508,Plagueheart Sandals,Banda clásica,Naxxramas (nivel 60): Instructor Razuvious,Contenido de nivel 60 (antes de TBC),https://www.wowhead.com/tbc/es/item=22508,no
Brujo,Destrucción,Cuello,1,28134,Brooch of Heightened Potential,Mazmorra,Laberinto de las Sombras: Blackheart the Inciter,,https://www.wowhead.com/tbc/es/item=28134,sí
Brujo,Destrucción,Cuello,2,27758,Hydra-fang Necklace,Mazmorra heroica,La Sotiénaga (heroica): Ghaz'an,,https://www.wowhead.com/tbc/es/item=27758,sí
Brujo,Destrucción,Cuello,3,21608,Amulet of Vek'nilash,Banda clásica,Templo de Ahn'Qiraj: Twin Emperors,Contenido de nivel 60 (antes de TBC),https://www.wowhead.com/tbc/es/item=21608,no
Brujo,Destrucción,Cuello,4,23057,Gem of Trapped Innocents,Banda clásica,Naxxramas (nivel 60): Kel'Thuzad,Contenido de nivel 60 (antes de TBC),https://www.wowhead.com/tbc/es/item=23057,no
Brujo,Destrucción,Cuello,5,18814,Choker of the Fire Lord,Banda clásica,Núcleo de Magma: Ragnaros,Contenido de nivel 60 (antes de TBC),https://www.wowhead.com/tbc/es/item=18814,no
Brujo,Destrucción,Anillos,1,29172,Ashyen's Gift,Reputación,Expedición Cenarion (Exaltado),,https://www.wowhead.com/tbc/es/item=29172,sí
Brujo,Destrucción,Anillos,2,28227,Sparking Arcanite Ring,Mazmorra heroica,Antiguas Laderas de Trabalomas (heroica): Epoch Hunter,,https://www.wowhead.com/tbc/es/item=28227,sí
Brujo,Destrucción,Anillos,3,28555,Seal of the Exorcist,JcJ,JcJ de mundo: Terokkar (Fichas de Espíritu),,https://www.wowhead.com/tbc/es/item=28555,sí
Brujo,Destrucción,Anillos,4,29126,Seer's Signet,Reputación,Los Arúspices (Exaltado),,https://www.wowhead.com/tbc/es/item=29126,sí
Brujo,Destrucción,Anillos,5,23237,Ring of the Eternal Flame,Banda clásica,Naxxramas (nivel 60): Trash,Contenido de nivel 60 (antes de TBC),https://www.wowhead.com/tbc/es/item=23237,no
Brujo,Destrucción,Anillos,6,21709,Ring of the Fallen God,Banda clásica,Templo de Ahn'Qiraj: C'Thun,Contenido de nivel 60 (antes de TBC),https://www.wowhead.com/tbc/es/item=21709,no
Brujo,Destrucción,Abalorios,1,23207,Mark of the Champion,Banda clásica,Naxxramas (nivel 60): Kel'Thuzad,Contenido de nivel 60 (antes de TBC),https://www.wowhead.com/tbc/es/item=23207,no
Brujo,Destrucción,Abalorios,2,29370,Icon of the Silver Crescent,Insignias,"Insignias de Justicia (G'eras, Shattrath)",,https://www.wowhead.com/tbc/es/item=29370,sí
Brujo,Destrucción,Abalorios,3,27683,Quagmirran's Eye,Mazmorra heroica,Recinto de los Esclavos (heroica): Quagmirran,,https://www.wowhead.com/tbc/es/item=27683,sí
Brujo,Destrucción,Abalorios,4,29132,Scryer's Bloodgem,Reputación,Los Arúspices (Reverenciado),,https://www.wowhead.com/tbc/es/item=29132,sí
Brujo,Destrucción,Abalorios,5,19379,Neltharion's Tear,Banda clásica,Guarida de Alanegra: Nefarian,Contenido de nivel 60 (antes de TBC),https://www.wowhead.com/tbc/es/item=19379,no
Brujo,Destrucción,Abalorios,6,23046,The Restrained Essence of Sapphiron,Banda clásica,Naxxramas (nivel 60): Sapphiron,Contenido de nivel 60 (antes de TBC),https://www.wowhead.com/tbc/es/item=23046,no
Brujo,Destrucción,Arma de una mano,1,31336,Blade of Wizardry,Otro,Botín de mundo (épico aleatorio),,https://www.wowhead.com/tbc/es/item=31336,sí
Brujo,Destrucción,Arma de una mano,2,30787,Illidari-Bane Mageblade,Misión,Quenching the Blade (Shadowmoon Valley),,https://www.wowhead.com/tbc/es/item=30787,sí
Brujo,Destrucción,Arma de una mano,3,29155,Stormcaller,Reputación,Thrallmar (Exaltado),,https://www.wowhead.com/tbc/es/item=29155,sí
Brujo,Destrucción,Arma de una mano,4,29153,Blade of the Archmage,Reputación,Bastión del Honor (Exaltado),,https://www.wowhead.com/tbc/es/item=29153,sí
Brujo,Destrucción,Arma de una mano,5,27905,Greatsword of Horrid Dreams,Mazmorra,Laberinto de las Sombras: Murmur,,https://www.wowhead.com/tbc/es/item=27905,sí
Brujo,Destrucción,Arma de dos manos,1,22630,"Atiesh, Greatstaff of the Guardian",Misión,"Atiesh, Greatstaff of the Guardian",,https://www.wowhead.com/tbc/es/item=22630,sí
Brujo,Destrucción,Varita,1,22128,Master Firestone,Clase,Hechizo de brujo: Crear piedra de fuego (rango máximo),,https://www.wowhead.com/tbc/es/item=22128,sí
Brujo,Destrucción,Varita,2,22821,Doomfinger,Banda clásica,Naxxramas (nivel 60): Kel'Thuzad,Contenido de nivel 60 (antes de TBC),https://www.wowhead.com/tbc/es/item=22821,no
Brujo,Destrucción,Varita,3,29350,The Black Stalk,Mazmorra heroica,La Sotiénaga (heroica): The Black Stalker,,https://www.wowhead.com/tbc/es/item=29350,sí
Brujo,Destrucción,Varita,4,22820,Wand of Fates,Banda clásica,Naxxramas (nivel 60): Patchwerk,Contenido de nivel 60 (antes de TBC),https://www.wowhead.com/tbc/es/item=22820,no
Brujo,Destrucción,Varita,5,28386,Nether Core's Control Rod,Mazmorra,El Arcatraz: Dalliah the Doomsayer,,https://www.wowhead.com/tbc/es/item=28386,sí
Brujo,Destrucción,Mano izquierda,1,29270,Flametongue Seal,Insignias,"Insignias de Justicia (G'eras, Shattrath)",,https://www.wowhead.com/tbc/es/item=29270,sí
Brujo,Destrucción,Mano izquierda,2,29273,Khadgar's Knapsack,Insignias,"Insignias de Justicia (G'eras, Shattrath)",,https://www.wowhead.com/tbc/es/item=29273,sí
Brujo,Destrucción,Mano izquierda,3,29272,Orb of the Soul-Eater,Insignias,"Insignias de Justicia (G'eras, Shattrath)",,https://www.wowhead.com/tbc/es/item=29272,sí
Brujo,Destrucción,Mano izquierda,4,28412,Lamp of Peaceful Radiance,Mazmorra,El Arcatraz: Harbinger Skyriss,,https://www.wowhead.com/tbc/es/item=28412,sí
Brujo,Destrucción,Mano izquierda,5,23049,Sapphiron's Left Eye,Banda clásica,Naxxramas (nivel 60): Sapphiron,Contenido de nivel 60 (antes de TBC),https://www.wowhead.com/tbc/es/item=23049,no
Brujo,Destrucción,Mano izquierda,6,21597,Royal Scepter of Vek'lor,Banda clásica,Templo de Ahn'Qiraj: Twin Emperors,Contenido de nivel 60 (antes de TBC),https://www.wowhead.com/tbc/es/item=21597,no
